"labCode","siteName","long","lat","c14date","c14std","material","country","dataorigin","ID","siteID"
"Pta-9167","Basinghall",27.133,-23.513,870,45,"charcoal","Botswana","SARD",1,72
"Pta-9169","Basinghall",27.133,-23.513,760,50,"charcoal","Botswana","SARD",2,72
"Pta-9303","Basinghall",27.13,-23.51,300,15,"charcoal","Botswana","SARD",3,72
"Pta-9392","Basinghall",27.133,-23.513,1010,40,"charcoal","Botswana","SARD",4,72
"Pta-9442","Basinghall",27.133,-23.513,670,50,"charcoal","Botswana","SARD",5,72
"UGAMS-03982","Basinghall",27.13,-23.51,315,25,"","Botswana","SARD",6,72
"Pta-5947","Beauley",28.97,-23.12,850,50,"charcoal","South Africa","SARD",7,78
"Pta-5948","Beauley",28.97,-23.12,1120,50,"charcoal","South Africa","SARD",8,78
"Pta-5951","Beauley",28.97,-23.12,1135,50,"wood","South Africa","SARD",9,78
"I-12708","Bisoli",27.6,-21.02,1240,80,"charcoal","Botswana","SARD",10,96
"Wits-1099","Bisoli",27.6,-21.02,1340,60,"charcoal","Botswana","SARD",11,96
"Pta-2849","Blaauwbank Donga (RU 7/78)",27.79,-24.81,370,30,"charcoal","South Africa","SARD",12,99
"Pta-162","Blackburn Ridge",31.064,-29.691,900,40,"charcoal","South Africa","SARD",13,100
"Pta-7273","Blyklip",29.283,-22.317,330,40,"charcoal","South Africa","SARD",14,101
"Pta-7280","Blyklip",29.283,-22.317,340,45,"charcoal","South Africa","SARD",15,101
"Beta-62740","Bobonong Road",28.8,-22.25,810,70,"charcoal","Botswana","SARD",16,104
"Pta-703","Border Cave",31.983,-27.017,500,45,"plant remains","South Africa","SARD",17,114
"Pta-715","Border Cave",31.983,-27.017,440,60,"plant remains","South Africa","SARD",18,114
"Beta-159776","Bosutswe",26.611,-21.953,400,50,"","Botswana","SARD",19,116
"Beta-159777","Bosutswe",26.611,-21.953,370,50,"","Botswana","SARD",20,116
"Beta-159778","Bosutswe",26.611,-21.953,570,60,"","Botswana","SARD",21,116
"Beta-159779","Bosutswe",26.611,-21.953,590,60,"","Botswana","SARD",22,116
"Beta-159780","Bosutswe",26.611,-21.953,850,40,"","Botswana","SARD",23,116
"Beta-159781","Bosutswe",26.611,-21.953,830,70,"","Botswana","SARD",24,116
"Beta-171912","Bosutswe",26.611,-21.953,740,60,"","Botswana","SARD",25,116
"Beta-171913","Bosutswe",26.611,-21.953,970,60,"","Botswana","SARD",26,116
"Beta-171914","Bosutswe",26.611,-21.953,470,60,"","Botswana","SARD",27,116
"Beta-171915","Bosutswe",26.611,-21.953,660,60,"","Botswana","SARD",28,116
"Beta-171916","Bosutswe",26.611,-21.953,360,60,"","Botswana","SARD",29,116
"Beta-171917","Bosutswe",26.611,-21.953,950,60,"","Botswana","SARD",30,116
"TX-6967","Bosutswe",26.611,-21.953,590,70,"","Botswana","SARD",31,116
"TX-6981","Bosutswe",26.611,-21.953,900,70,"","Botswana","SARD",32,116
"TX-6982","Bosutswe",26.611,-21.953,1170,80,"","Botswana","SARD",33,116
"TX-6983","Bosutswe",26.611,-21.953,680,70,"","Botswana","SARD",34,116
"TX-6985","Bosutswe",26.611,-21.953,1070,60,"","Botswana","SARD",35,116
"TX-6987","Bosutswe",26.611,-21.953,850,70,"","Botswana","SARD",36,116
"TX-6988","Bosutswe",26.611,-21.953,520,60,"","Botswana","SARD",37,116
"TX-6991","Bosutswe",26.611,-21.953,1400,60,"","Botswana","SARD",38,116
"TX-6992","Bosutswe",26.611,-21.953,1200,60,"","Botswana","SARD",39,116
"TX-6993","Bosutswe",26.611,-21.953,1020,70,"","Botswana","SARD",40,116
"TX-6994","Bosutswe",26.611,-21.953,1370,60,"","Botswana","SARD",41,116
"TX-6995","Bosutswe",26.611,-21.953,1070,60,"","Botswana","SARD",42,116
"TX-6996","Bosutswe",26.611,-21.953,980,80,"","Botswana","SARD",43,116
"TX-6997","Bosutswe",26.611,-21.953,1230,60,"","Botswana","SARD",44,116
"Beta-93179","Break Pressure Tank",27.58,-22.24,1100,60,"","Botswana","SARD",45,120
"Beta-93180","Break Pressure Tank",27.58,-22.24,890,70,"","Botswana","SARD",46,120
"Wits-837","Broadhurst",25.95,-24.533,590,50,"charcoal","Botswana","SARD",47,121
"Fra-82","Broederstroom",27.835,-25.769,1450,100,"charcoal","South Africa","SARD",48,122
"Fra-84","Broederstroom",27.835,-25.769,290,100,"charcoal","South Africa","SARD",49,122
"Fra-85","Broederstroom",27.835,-25.769,1360,100,"charcoal","South Africa","SARD",50,122
"Fra-88","Broederstroom",27.835,-25.769,1320,100,"charcoal","South Africa","SARD",51,122
"KN-2641","Broederstroom",27.835,-25.769,1350,80,"charcoal","South Africa","SARD",52,122
"KN-2642","Broederstroom",27.835,-25.769,330,50,"charcoal","South Africa","SARD",53,122
"KN-2643","Broederstroom",27.835,-25.769,1600,50,"charcoal","South Africa","SARD",54,122
"KN-2644","Broederstroom",27.835,-25.769,1570,65,"charcoal","South Africa","SARD",55,122
"Pta-1343","Broederstroom",27.835,-25.769,1300,40,"bone","South Africa","SARD",56,122
"Pta-1375","Broederstroom",27.84,-25.77,1540,40,"charcoal","South Africa","SARD",57,122
"Pta-1384","Broederstroom",27.835,-25.769,1220,40,"bone","South Africa","SARD",58,122
"RL-351","Broederstroom",27.835,-25.769,1520,110,"charcoal","South Africa","SARD",59,122
"UCLA-1791A","Broederstroom",27.835,-25.769,1460,50,"charcoal","South Africa","SARD",60,122
"UCLA-1791B","Broederstroom",27.835,-25.769,1490,50,"charcoal","South Africa","SARD",61,122
"Wits-1474","Broederstroom",27.835,-25.769,1335,60,"","South Africa","SARD",62,122
"Wits-781a","Broederstroom",27.835,-25.769,1530,50,"charcoal","South Africa","SARD",63,122
"Wits-870","Broederstroom",27.835,-25.769,1440,50,"charcoal","South Africa","SARD",64,122
"Pta-2166","Buffelshoek",27.369,-26.796,350,30,"","South Africa","SARD",65,124
"Pta-2380","Buffelshoek",27.369,-26.796,300,50,"","South Africa","SARD",66,124
"Pta-8949","Burgersfort",30.32,-24.68,1320,50,"charcoal","South Africa","SARD",67,126
"St-8873","Caimane",32.13,-26.32,880,210,"charcoal","Mozambique","SARD",68,130
"St-8874","Caimane",32.13,-26.32,715,90,"plant remains","Mozambique","SARD",69,130
"ETH-5127","Camp Workings (Rooiberg Valley)",27.77,-24.8,395,55,"charcoal","South Africa","SARD",70,131
"GrN-5138","Camp Workings (Rooiberg Valley)",27.77,-24.8,435,45,"wood","South Africa","SARD",71,131
"GrN-5022","Castle Cavern",31.042,-26.195,1535,30,"charcoal","Swaziland","SARD",72,137
"GrN-5315","Castle Cavern",31.042,-26.195,1550,30,"charcoal","Swaziland","SARD",73,137
"Y-1712","Castle Cavern",31.042,-26.195,1550,60,"charcoal","Swaziland","SARD",74,137
"Y-1995","Castle Cavern",31.042,-26.195,1430,100,"charcoal","Swaziland","SARD",75,137
"SR-177","Chedzurgwe",29.62,-16.78,415,120,"charcoal","Zimbabwe","SARD",76,143
"SR-179","Chedzurgwe",29.62,-16.78,350,120,"charcoal","Zimbabwe","SARD",77,143
"SR-180","Chedzurgwe",29.62,-16.78,550,95,"charcoal","Zimbabwe","SARD",78,143
"R-1325","Chibuene",35.422,-22.237,1180,50,"","Mozambique","SARD",79,146
"St-8493","Chibuene",35.422,-22.237,665,80,"","Mozambique","SARD",80,146
"St-8494","Chibuene",35.422,-22.237,1270,80,"","Mozambique","SARD",81,146
"St-8495a","Chibuene",35.422,-22.237,1400,85,"","Mozambique","SARD",82,146
"St-8495b","Chibuene",35.422,-22.237,1080,80,"","Mozambique","SARD",83,146
"St-8496","Chibuene",35.422,-22.237,1155,85,"","Mozambique","SARD",84,146
"Ua-12267","Chibuene",35.422,-22.237,1225,70,"","Mozambique","SARD",85,146
"Ua-16266","Chibuene",35.422,-22.237,305,65,"","Mozambique","SARD",86,146
"Ua-16268","Chibuene",35.422,-22.237,1005,70,"","Mozambique","SARD",87,146
"Ua-16269","Chibuene",35.422,-22.237,890,50,"","Mozambique","SARD",88,146
"Ua-16270","Chibuene",35.422,-22.237,1235,50,"","Mozambique","SARD",89,146
"Ua-16271","Chibuene",35.422,-22.237,1105,70,"","Mozambique","SARD",90,146
"Ua-16272","Chibuene",35.422,-22.237,1410,75,"","Mozambique","SARD",91,146
"Wk-40712","Chicaza",35.25,-12.89,489,35,"bone","Mozambique","SARD",92,147
"St-8590","Chongoene",33.8,-25.02,880,100,"charcoal","Mozambique","SARD",93,152
"SR-119","Cighwa",30.88,-20.35,1540,95,"charcoal","Zimbabwe","SARD",94,157
"Pta-3732","Denver Farm, Lukwe River",28.52,-20.03,1130,40,"","Zimbabwe","SARD",95,170
"Beta-13264","Divuyu",21.736,-18.759,1330,60,"","Botswana","SARD",96,176
"Beta-13265","Divuyu",21.736,-18.759,1330,60,"","Botswana","SARD",97,176
"Beta-13266","Divuyu",21.736,-18.759,1190,70,"","Botswana","SARD",98,176
"Beta-13267","Divuyu",21.736,-18.759,1220,70,"","Botswana","SARD",99,176
"Beta-13268","Divuyu",21.736,-18.759,1400,70,"","Botswana","SARD",100,176
"Beta-13269","Divuyu",21.736,-18.759,1370,60,"","Botswana","SARD",101,176
"I-13560","Domboshaba",27.36,-20.6,450,80,"","Botswana","SARD",102,181
"I-13746","Domboshaba",27.36,-20.6,1150,80,"","Botswana","SARD",103,181
"Wits-1216","Domboshaba",27.36,-20.6,490,50,"","Botswana","SARD",104,181
"Wits-1376","Domboshaba",27.36,-20.6,510,70,"","Botswana","SARD",105,181
"Wits-1395","Domboshaba",27.36,-20.6,470,70,"","Botswana","SARD",106,181
"Pta-4138","Doornpoort",26.962,-28.613,340,45,"charcoal","South Africa","SARD",107,183
"Wits-1599","Dzata",30.15,-22.867,260,70,"","South Africa","SARD",108,186
"Wits-1665","Dzata",30.15,-22.867,290,50,"","South Africa","SARD",109,186
"Wits-1668","Dzata",30.15,-22.867,320,40,"","South Africa","SARD",110,186
"Pta-7279","Edmondsburg",29.283,-22.317,850,50,"charcoal","South Africa","SARD",111,192
"Pta-7450","Edmondsburg",29.283,-22.317,1040,40,"charcoal","South Africa","SARD",112,192
"Pta-1522","Eiland",30.633,-23.767,850,50,"","South Africa","SARD",113,194
"Pta-1524","Eiland",30.633,-23.767,1680,40,"charcoal","South Africa","SARD",114,194
"Pta-1607","Eiland",30.633,-23.767,1560,30,"charcoal","South Africa","SARD",115,194
"Pta-1608","Eiland",30.633,-23.767,1630,30,"charcoal","South Africa","SARD",116,194
"Pta-1668","Eiland",30.633,-23.767,1000,55,"","South Africa","SARD",117,194
"Pta-1745","Eiland",30.633,-23.767,825,50,"","South Africa","SARD",118,194
"Wits-764","Eiland",30.633,-23.767,1460,40,"charcoal","South Africa","SARD",119,194
"AA-77934","Elandsberg ledge",27.7,-24.71,373,32,"charcoal","South Africa","SARD",120,195
"Pta-2879","Emberton Way",31.101,-29.703,1050,60,"charcoal","South Africa","SARD",121,199
"Pta-2880","Emberton Way",31.101,-29.703,1130,40,"charcoal","South Africa","SARD",122,199
"Pta-2881","Emberton Way",31.101,-29.703,1270,60,"charcoal","South Africa","SARD",123,199
"Pta-1847","Enkwazini",32.511,-28.182,1650,50,"charcoal","South Africa","SARD",124,203
"Pta-1977","Enkwazini",32.511,-28.182,1540,60,"charcoal","South Africa","SARD",125,203
"Pta-2485","Enkwazini",32.511,-28.182,300,50,"charcoal","South Africa","SARD",126,203
"Wits-780","Ficus",29.17,-24.15,390,50,"charcoal","South Africa","SARD",127,216
"Wits-781b","Ficus",29.17,-24.15,1080,40,"charcoal","South Africa","SARD",128,216
"Wits-782","Ficus",29.17,-24.15,1400,40,"charcoal","South Africa","SARD",129,216
"Wits-787","Ficus",29.17,-24.15,460,50,"charcoal","South Africa","SARD",130,216
"Wits-888","Ficus",29.17,-24.15,1115,50,"charcoal","South Africa","SARD",131,216
"SR-26","Gokomere Tunnel Site",30.78,-19.96,1420,120,"","Zimbabwe","SARD",132,243
"M-913","Great Zimbabwe",30.933,-20.271,1630,75,"charcoal","Zimbabwe","SARD",133,251
"M-914","Great Zimbabwe",30.933,-20.271,875,75,"charcoal","Zimbabwe","SARD",134,251
"M-915","Great Zimbabwe",30.933,-20.271,510,75,"charcoal","Zimbabwe","SARD",135,251
"Pta-1192","Great Zimbabwe",30.933,-20.271,640,40,"charcoal","Zimbabwe","SARD",136,251
"Pta-1208","Great Zimbabwe",30.933,-20.271,600,50,"charcoal","Zimbabwe","SARD",137,251
"Pta-1594","Great Zimbabwe",30.933,-20.271,640,40,"wood","Zimbabwe","SARD",138,251
"Pta-1983","Great Zimbabwe",30.933,-20.271,670,40,"charcoal","Zimbabwe","SARD",139,251
"Pta-1984","Great Zimbabwe",30.933,-20.271,850,50,"charcoal","Zimbabwe","SARD",140,251
"Pta-1985","Great Zimbabwe",30.933,-20.271,690,45,"charcoal","Zimbabwe","SARD",141,251
"Pta-1986","Great Zimbabwe",30.933,-20.271,640,45,"charcoal","Zimbabwe","SARD",142,251
"Pta-2423","Great Zimbabwe",30.933,-20.271,540,50,"charcoal","Zimbabwe","SARD",143,251
"Pta-2429","Great Zimbabwe",30.933,-20.271,540,40,"charcoal","Zimbabwe","SARD",144,251
"Pta-2693","Great Zimbabwe",30.933,-20.271,710,45,"charcoal","Zimbabwe","SARD",145,251
"Pta-2694","Great Zimbabwe",30.933,-20.271,700,40,"charcoal","Zimbabwe","SARD",146,251
"Pta-2704","Great Zimbabwe",30.933,-20.271,670,45,"plant remains","Zimbabwe","SARD",147,251
"Pta-2705","Great Zimbabwe",30.933,-20.271,760,50,"charcoal","Zimbabwe","SARD",148,251
"Pta-2706","Great Zimbabwe",30.933,-20.271,580,50,"charcoal","Zimbabwe","SARD",149,251
"Pta-2711","Great Zimbabwe",30.933,-20.271,370,50,"charcoal","Zimbabwe","SARD",150,251
"Pta-5970","Great Zimbabwe",30.933,-20.271,590,50,"charcoal","Zimbabwe","SARD",151,251
"Pta-745","Great Zimbabwe",30.933,-20.271,670,30,"charcoal","Zimbabwe","SARD",152,251
"Pta-792","Great Zimbabwe",30.933,-20.271,650,50,"wood","Zimbabwe","SARD",153,251
"SR-47","Great Zimbabwe",30.933,-20.271,570,90,"charcoal","Zimbabwe","SARD",154,251
"Wits-774","Great Zimbabwe",30.933,-20.271,600,40,"charcoal","Zimbabwe","SARD",155,251
"Pta-2414","Happy Rest",29.72,-23.03,1480,50,"charcoal","South Africa","SARD",156,255
"Pta-2421","Happy Rest",29.72,-23.03,1600,50,"charcoal","South Africa","SARD",157,255
"SR-25","Harleigh Farm",32.083333,-18.533333,650,120,"","Zimbabwe","SARD",158,256
"SR-70","Harleigh Farm",32.083333,-18.533333,610,90,"","Zimbabwe","SARD",159,256
"SR-71","Harleigh Farm",32.083333,-18.533333,440,90,"","Zimbabwe","SARD",160,256
"Pta-8864","Hoekfontein",27.969,-25.612,390,50,"bone","South Africa","SARD",161,257
"R-1326","Hola Hola",34.3,-21.29,1060,50,"bone","Mozambique","SARD",162,258
"Pta-1652","Icon",29.257,-22.431,620,50,"charcoal","South Africa","SARD",163,261
"Wits-1598","Ifafi 35/85",27.53,-25.45,440,30,"","South Africa","SARD",164,262
"Pta-5492","Inanda Quarry",30.914,-29.753,1580,50,"charcoal","South Africa","SARD",165,275
"Pta-0304","K2, Greefswald",29.383,-22.217,880,40,"charcoal","South Africa","SARD",166,293
"Pta-0305","K2, Greefswald",29.383,-22.217,890,50,"charcoal","South Africa","SARD",167,293
"Pta-0306","K2, Greefswald",29.383,-22.217,850,50,"charcoal","South Africa","SARD",168,293
"Pta-0307","K2, Greefswald",29.383,-22.217,930,45,"charcoal","South Africa","SARD",169,293
"Pta-1157","K2, Greefswald",29.383,-22.217,950,40,"plant remains","South Africa","SARD",170,293
"Pta-1214","K2, Greefswald",29.383,-22.217,980,40,"charcoal","South Africa","SARD",171,293
"Pta-1215","K2, Greefswald",29.383,-22.217,970,50,"charcoal","South Africa","SARD",172,293
"Pta-1226","K2, Greefswald",29.383,-22.217,950,50,"charcoal","South Africa","SARD",173,293
"Pta-2051","K2, Greefswald",29.383,-22.217,970,40,"bone","South Africa","SARD",174,293
"Pta-6064","K2, Greefswald",29.383,-22.217,880,50,"bone","South Africa","SARD",175,293
"Pta-6073","K2, Greefswald",29.383,-22.217,920,50,"bone","South Africa","SARD",176,293
"Pta-6080","K2, Greefswald",29.383,-22.217,940,50,"bone","South Africa","SARD",177,293
"Pta-6570","K2, Greefswald",29.383,-22.217,760,50,"bone","South Africa","SARD",178,293
"Pta-6576","K2, Greefswald",29.383,-22.217,1010,50,"bone","South Africa","SARD",179,293
"Pta-6680","K2, Greefswald",29.383,-22.217,1250,40,"bone","South Africa","SARD",180,293
"I-13523","Kgaswe",27.04,-22.52,960,80,"","Botswana","SARD",181,342
"I-13524","Kgaswe",27.04,-22.52,940,80,"","Botswana","SARD",182,342
"Pta-338","Kgopolwe (Phalaborwa)",31.091,-23.959,720,45,"","South Africa","SARD",183,343
"Pta-566","Kgopolwe (Phalaborwa)",31.091,-23.959,680,45,"bone","South Africa","SARD",184,343
"Y-1637","Kgopolwe (Phalaborwa)",31.091,-23.959,910,60,"","South Africa","SARD",185,343
"Y-1638","Kgopolwe (Phalaborwa)",31.091,-23.959,960,80,"","South Africa","SARD",186,343
"Y-1639","Kgopolwe (Phalaborwa)",31.091,-23.959,850,60,"","South Africa","SARD",187,343
"Y-1657","Kgopolwe (Phalaborwa)",31.091,-23.959,520,60,"charcoal","South Africa","SARD",188,343
"Y-1658","Kgopolwe (Phalaborwa)",31.091,-23.959,280,60,"charcoal","South Africa","SARD",189,343
"Y-1662","Kgopolwe (Phalaborwa)",31.091,-23.959,820,80,"","South Africa","SARD",190,343
"Pta-3093","Khartoum near Jacobsdal",24.75,-29.267,570,60,"","South Africa","SARD",191,344
"SR-117","Kinsale Farm",30.3,-20.3,1410,95,"charcoal","Zimbabwe","SARD",192,356
"Pta-1168","Klein Afrika",29.917,-22.917,1630,45,"charcoal","South Africa","SARD",193,372
"Pta-1320","Klein Afrika",29.917,-22.917,1430,40,"charcoal","South Africa","SARD",194,372
"Pta-1321","Klein Afrika",29.917,-22.917,1450,45,"charcoal","South Africa","SARD",195,372
"Pta-2415","Klein Afrika",29.917,-22.917,1540,50,"charcoal","South Africa","SARD",196,372
"Pta-2420","Klein Afrika",29.917,-22.917,1410,50,"charcoal","South Africa","SARD",197,372
"Pta-277","Klein Afrika",29.917,-22.917,260,50,"iron","South Africa","SARD",198,372
"Pta-8077","Kotha’s Field",31.489,-26.682,880,50,"charcoal","Swaziland","SARD",199,378
"Pta-8182","Kotha’s Field",31.489,-26.682,660,80,"charcoal","Swaziland","SARD",200,378
"Pta-6578","Kromdraai",30.2,-22.517,580,40,"bone","South Africa","SARD",201,388
"Pta-6755","Kromdraai",30.2,-22.517,625,20,"bone","South Africa","SARD",202,388
"Pta-6760","Kromdraai",30.2,-22.517,690,50,"bone","South Africa","SARD",203,388
"Pta-6773","Kromdraai",30.2,-22.517,810,50,"bone","South Africa","SARD",204,388
"Beta-296842","Kudumatse",27.14,-23.41,970,40,"","Botswana","SARD",205,390
"Pta-5865","Kulubele",27.83,-32.43,1250,40,"charcoal","South Africa","SARD",206,391
"Pta-6982","Kulubele",27.83,-32.43,1270,50,"charcoal","South Africa","SARD",207,391
"Wits-1918","KwaGandaganda",30.836,-29.679,1395,60,"charcoal","South Africa","SARD",208,395
"Wits-1919","KwaGandaganda",30.836,-29.679,1245,60,"charcoal","South Africa","SARD",209,395
"Wits-1920","KwaGandaganda",30.836,-29.679,1080,60,"charcoal","South Africa","SARD",210,395
"Wits-1937","KwaGandaganda",30.836,-29.679,1260,60,"charcoal","South Africa","SARD",211,395
"Wits-1938","KwaGandaganda",30.836,-29.679,1315,60,"charcoal","South Africa","SARD",212,395
"Beta-200556","Kwali Camp",31.87,-21.03,1240,70,"charcoal","Zimbabwe","SARD",213,400
"Beta-200557","Kwali Camp",31.87,-21.03,1320,40,"charcoal","Zimbabwe","SARD",214,400
"Beta-200558","Kwali Camp",31.87,-21.03,1490,60,"charcoal","Zimbabwe","SARD",215,400
"Pta-3346","Langubehla",31.167,-26.283,1620,50,"charcoal","Swaziland","SARD",216,418
"Pta-8772","Lebalelo",30.16,-24.57,1300,50,"charcoal","South Africa","SARD",217,422
"GrA-9011","Leokwe Hill",29.364,-22.218,890,40,"charcoal","South Africa","SARD",218,430
"Pta-7443","Leokwe Hill",29.364,-22.218,1000,60,"charcoal","South Africa","SARD",219,430
"Pta-7444","Leokwe Hill",29.364,-22.218,940,60,"charcoal","South Africa","SARD",220,430
"Pta-7449","Leokwe Hill",29.364,-22.218,980,50,"charcoal","South Africa","SARD",221,430
"Pta-7517","Leokwe Hill",29.364,-22.218,940,50,"charcoal","South Africa","SARD",222,430
"Pta-7563","Leokwe Hill",29.364,-22.218,880,25,"wood","South Africa","SARD",223,430
"Pta-7578","Leokwe Hill",29.364,-22.218,890,20,"wood","South Africa","SARD",224,430
"Pta-7665","Leokwe Hill",29.364,-22.218,950,50,"wood","South Africa","SARD",225,430
"Pta-7669","Leokwe Hill",29.364,-22.218,910,40,"wood","South Africa","SARD",226,430
"I-4862","Leopard's Kopje Main Kraal",28.43,-20.12,1130,95,"","Zimbabwe","SARD",227,431
"SR-225","Leopard's Kopje Main Kraal",28.43,-20.12,1280,90,"","Zimbabwe","SARD",228,431
"SR-55","Leopard's Kopje Main Kraal",28.43,-20.12,1250,110,"","Zimbabwe","SARD",229,431
"Beta-80095","Letsibogo 106",27.71,-21.84,1360,50,"","Botswana","SARD",230,433
"Beta-80984","Letsibogo 109",27.71,-21.84,1220,60,"","Botswana","SARD",231,434
"Beta-80985","Letsibogo 110",27.71,-21.84,370,90,"","Botswana","SARD",232,435
"Beta-80986","Letsibogo 125",27.71,-21.84,710,60,"","Botswana","SARD",233,436
"Beta-81224","Letsibogo 127",27.71,-21.84,360,70,"","Botswana","SARD",234,437
"Beta-29951","Letsibogo 19",27.71,-21.84,1100,50,"","Botswana","SARD",235,438
"Beta-80092","Letsibogo 2",27.71,-21.84,360,70,"","Botswana","SARD",236,439
"Beta-81225","Letsibogo 26",27.71,-21.84,280,70,"","Botswana","SARD",237,440
"Beta-81196","Letsibogo 30A",27.71,-21.84,1220,50,"","Botswana","SARD",238,441
"Beta-80979","Letsibogo 4",27.71,-21.84,480,60,"","Botswana","SARD",239,442
"Beta-80094","Letsibogo 79A",27.71,-21.84,400,70,"","Botswana","SARD",240,443
"Beta-80982","Letsibogo 79B",27.71,-21.84,450,50,"","Botswana","SARD",241,444
"Beta-80983","Letsibogo 86",27.71,-21.84,550,70,"","Botswana","SARD",242,445
"BRAMS-2613","Likoaeng",28.763,-29.736,1481,27,"lipids","Lesotho","SARD",243,446
"Y-1635","Lolwe Mine (Phalaborwa)",31.091,-23.959,950,60,"charcoal","South Africa","SARD",244,455
"Y-1636","Lolwe Mine (Phalaborwa)",31.091,-23.959,1180,80,"charcoal","South Africa","SARD",245,455
"Beta-24514","Lose Hill",26.909,-22.949,920,70,"","Botswana","SARD",246,463
"Beta-24515","Lose Hill",26.909,-22.949,690,60,"","Botswana","SARD",247,463
"Beta-24516","Lose Hill",26.909,-22.949,730,50,"","Botswana","SARD",248,463
"Beta-24518","Lose Hill",26.909,-22.949,750,60,"","Botswana","SARD",249,463
"Beta-24519","Lose Hill",26.909,-22.949,1070,60,"","Botswana","SARD",250,463
"Beta-11113","Lujojozi 3027",28.75,-32.2,1240,70,"charcoal","South Africa","SARD",251,469
"Beta-11114","Lujojozi 3027",28.75,-32.2,1480,100,"charcoal","South Africa","SARD",252,469
"Pta-1634","Lydenburg Heads",30.49,-25.11,1410,50,"charcoal","South Africa","SARD",253,476
"Pta-328","Lydenburg Heads",30.49,-25.11,1460,50,"charcoal","South Africa","SARD",254,476
"Pta-2105","Mabveni",30.47,-20.37,1365,30,"charcoal","Zimbabwe","SARD",255,482
"SR-43","Mabveni",30.47,-20.37,1770,120,"charcoal","Zimbabwe","SARD",256,482
"SR-79","Mabveni",30.47,-20.37,1380,110,"charcoal","Zimbabwe","SARD",257,482
"Pta-3248","Machemma Ruins",29.617,-22.733,480,45,"charcoal","South Africa","SARD",258,483
"Pta-3761","Machemma Ruins",29.617,-22.733,370,45,"charcoal","South Africa","SARD",259,483
"Pta-4076","Machemma Ruins",29.617,-22.733,550,50,"charcoal","South Africa","SARD",260,483
"Pta-4078","Machemma Ruins",29.617,-22.733,380,40,"charcoal","South Africa","SARD",261,483
"Pta-2874","Magogo",30.396,-28.983,1360,50,"charcoal","South Africa","SARD",262,487
"Pta-2875","Magogo",30.396,-28.983,1190,50,"charcoal","South Africa","SARD",263,487
"Pta-5291","Magozastad",26.28,-25.55,330,20,"charcoal","South Africa","SARD",264,488
"Pta-5416","Magozastad",26.28,-25.55,400,50,"charcoal","South Africa","SARD",265,488
"Pta-5649","Magozastad",26.28,-25.55,280,40,"charcoal","South Africa","SARD",266,488
"Pta-7285","Magozastad",26.28,-25.55,300,50,"charcoal","South Africa","SARD",267,488
"Pta-7533","Maguga Dam",31.249,-26.064,570,50,"","Swaziland","SARD",268,489
"Pta-6149","Makahane",31.058,-22.488,500,25,"charcoal","South Africa","SARD",269,492
"Pta-6151","Makahane",31.058,-22.488,710,45,"charcoal","South Africa","SARD",270,492
"Pta-6152","Makahane",31.058,-22.488,790,50,"charcoal","South Africa","SARD",271,492
"Pta-6153","Makahane",31.058,-22.488,900,50,"charcoal","South Africa","SARD",272,492
"Pta-6310","Makahane",31.058,-22.488,840,50,"charcoal","South Africa","SARD",273,492
"Pta-6312","Makahane",31.058,-22.488,910,40,"charcoal","South Africa","SARD",274,492
"Pta-6313","Makahane",31.058,-22.488,910,40,"charcoal","South Africa","SARD",275,492
"Beta-18637","Makodu",27.64,-22.75,1030,70,"","Botswana","SARD",276,495
"Beta-18638","Makodu",27.64,-22.75,1070,60,"","Botswana","SARD",277,495
"Beta-18639","Makodu",27.64,-22.75,1290,60,"","Botswana","SARD",278,495
"Beta-18640","Makodu",27.64,-22.75,1110,90,"","Botswana","SARD",279,495
"Beta-18641","Makodu",27.64,-22.75,1200,60,"","Botswana","SARD",280,495
"Beta-18642","Makodu",27.64,-22.75,1070,80,"","Botswana","SARD",281,495
"I-14725","Makodu",27.64,-22.75,1070,80,"","Botswana","SARD",282,495
"I-14726","Makodu",27.64,-22.75,1080,80,"","Botswana","SARD",283,495
"I-14727","Makodu",27.64,-22.75,1140,80,"","Botswana","SARD",284,495
"I-14728","Makodu",27.64,-22.75,1050,80,"","Botswana","SARD",285,495
"Pta-4093","Mamba Confluence",31.047,-28.943,1390,50,"charcoal","South Africa","SARD",286,512
"Pta-4114","Mamba Confluence",31.047,-28.943,1300,50,"bone","South Africa","SARD",287,512
"Pta-4132","Mamba Confluence",31.047,-28.943,1290,50,"bone","South Africa","SARD",288,512
"Pta-4137","Mamba Confluence",31.047,-28.943,1300,50,"bone","South Africa","SARD",289,512
"Pta-4164","Mamba Confluence",31.047,-28.943,1170,60,"bone","South Africa","SARD",290,512
"Pta-0768","Mapungubwe",29.373,-22.208,1030,50,"charcoal","South Africa","SARD",291,523
"Pta-1145","Mapungubwe",29.373,-22.208,880,40,"charcoal","South Africa","SARD",292,523
"Pta-1156","Mapungubwe",29.373,-22.208,860,40,"charcoal","South Africa","SARD",293,523
"Pta-1158","Mapungubwe",29.373,-22.208,850,50,"charcoal","South Africa","SARD",294,523
"Pta-1159","Mapungubwe",29.373,-22.208,840,40,"charcoal","South Africa","SARD",295,523
"Pta-1209","Mapungubwe",29.373,-22.208,770,50,"charcoal","South Africa","SARD",296,523
"Pta-2023","Mapungubwe",29.373,-22.208,930,40,"wood","South Africa","SARD",297,523
"Pta-2024","Mapungubwe",29.373,-22.208,1030,40,"wood","South Africa","SARD",298,523
"Pta-3480","Mapungubwe",29.373,-22.208,770,40,"bone","South Africa","SARD",299,523
"Pta-3489","Mapungubwe",29.373,-22.208,850,40,"bone","South Africa","SARD",300,523
"Pta-372","Mapungubwe",29.373,-22.208,880,45,"plant remains","South Africa","SARD",301,523
"Pta-437","Mapungubwe",29.373,-22.208,810,45,"charcoal","South Africa","SARD",302,523
"Pta-438","Mapungubwe",29.373,-22.208,820,60,"charcoal","South Africa","SARD",303,523
"Pta-439","Mapungubwe",29.373,-22.208,840,50,"charcoal","South Africa","SARD",304,523
"Pta-6692","Mapungubwe",29.373,-22.208,720,40,"charcoal","South Africa","SARD",305,523
"Pta-752","Mapungubwe",29.373,-22.208,790,50,"charcoal","South Africa","SARD",306,523
"Pta-766","Mapungubwe",29.373,-22.208,860,40,"charcoal","South Africa","SARD",307,523
"Pta-1640","Massingir",32.07,-23.9,1030,40,"charcoal","Mozambique","SARD",308,531
"Pta-6311","Matjigwili",31.183,-22.6,560,60,"charcoal","South Africa","SARD",309,535
"R-1327","Matola",32.47,-25.93,1880,50,"charcoal","Mozambique","SARD",310,538
"R-1328","Matola",32.47,-25.93,1120,50,"charcoal","Mozambique","SARD",311,538
"St-8546","Matola",32.47,-25.93,1720,110,"charcoal","Mozambique","SARD",312,538
"St-8547","Matola",32.47,-25.93,1470,80,"charcoal","Mozambique","SARD",313,538
"St-8548","Matola",32.47,-25.93,2025,80,"shell","Mozambique","SARD",314,538
"Pta-3305","Mawala Hill",28.58,-19.97,1100,50,"charcoal","Zimbabwe","SARD",315,544
"Pta-3307","Mawala Hill",28.58,-19.97,1080,50,"charcoal","Zimbabwe","SARD",316,544
"Pta-3308","Mawala Hill",28.58,-19.97,1070,45,"charcoal","Zimbabwe","SARD",317,544
"Pta-5129","Melora Hill",28.31,-23.86,250,50,"","South Africa","SARD",318,559
"Y-1338","Melville Koppies",28.004,-26.168,890,50,"charcoal","South Africa","SARD",319,560
"Beta-200559","Mhangula",31.93,-20.98,500,60,"charcoal","Zimbabwe","SARD",320,567
"Pta-3268","Mhlanga Lagoon",31.101,-29.703,1080,70,"charcoal","South Africa","SARD",321,568
"Pta-2878","Mhlopeni",30.412,-29.011,1400,50,"charcoal","South Africa","SARD",322,569
"Pta-5480","Mhlopeni",30.412,-29.011,290,70,"charcoal","South Africa","SARD",323,569
"Pta-6306","Millbank 1A",28.93,-23.24,1200,50,"charcoal","South Africa","SARD",324,574
"Pta-6307","Millbank 1A",28.93,-23.24,1190,50,"charcoal","South Africa","SARD",325,574
"Pta-6309","Millbank 1A",28.93,-23.24,1290,50,"charcoal","South Africa","SARD",326,574
"Pta-7468","Millbank 1A",28.94,-23.24,1250,50,"charcoal","South Africa","SARD",327,574
"Pta-7478","Millbank 1B",28.94,-23.24,1170,40,"charcoal","South Africa","SARD",328,575
"Pta-7480","Millbank 1B",28.94,-23.24,1190,45,"charcoal","South Africa","SARD",329,575
"Pta-7465","Millbank 325LR (2328BB5 (TM3))",28.93,-23.24,385,20,"charcoal","South Africa","SARD",330,576
"Pta-7471","Millbank 325LR (2328BB5 (TM3))",28.93,-23.24,270,45,"charcoal","South Africa","SARD",331,576
"Pta-7473","Millbank 325LR (2328BB5 (TM3))",28.93,-23.24,260,50,"charcoal","South Africa","SARD",332,576
"UGAMS--3593","Mmamabula",27.09,-23.57,295,30,"","Botswana","SARD",333,596
"UGAMS-02961","Mmamabula",27.09,-23.57,390,30,"","Botswana","SARD",334,596
"UGAMS-03595","Mmamabula",27.09,-23.57,910,30,"","Botswana","SARD",335,596
"Beta-79883","Modipe 92.3",26.21,-24.65,880,130,"charcoal","Botswana","SARD",336,601
"Beta-79884","Modipe 93.2",26.2,-24.65,260,50,"charcoal","Botswana","SARD",337,602
"Beta-76690","Modipe Base 94.1",26.2,-24.66,260,60,"charcoal","Botswana","SARD",338,603
"Beta-76691","Modipe Base 94.1",26.2,-24.66,430,50,"charcoal","Botswana","SARD",339,603
"Beta-76694","Modipe Hill 94.2",26.19,-24.66,320,50,"charcoal","Botswana","SARD",340,604
"Beta-76695","Modipe Hill 94.2",26.19,-24.66,300,50,"charcoal","Botswana","SARD",341,604
"Beta-76696","Modipe Hill 94.2",26.19,-24.66,420,50,"charcoal","Botswana","SARD",342,604
"Pta-849","Moor Park",29.809,-29.073,750,50,"charcoal","South Africa","SARD",343,614
"Pta-850","Moor Park",29.809,-29.073,660,50,"charcoal","South Africa","SARD",344,614
"Pta-853","Moor Park",29.809,-29.073,600,50,"charcoal","South Africa","SARD",345,614
"Beta-93181","Moralane",27.68,-22.13,990,80,"","Botswana","SARD",346,615
"Beta-93182","Moralane",27.68,-22.13,1100,50,"","Botswana","SARD",347,615
"Beta-93183","Moralane",27.68,-22.13,1170,60,"","Botswana","SARD",348,615
"Beta-93184","Moralane",27.68,-22.13,1020,60,"","Botswana","SARD",349,615
"Wits-823","Moritsane",25.776,-24.648,855,75,"charcoal","Botswana","SARD",350,616
"Pta-8872","Mototolong",30.23,-24.63,1250,25,"charcoal","South Africa","SARD",351,618
"Pta-8906","Mototolong",30.23,-24.63,1400,20,"charcoal","South Africa","SARD",352,618
"Pta-9981","Mototolong",30.23,-24.63,1250,35,"charcoal","South Africa","SARD",353,618
"Pta-2527","Mpambanyoni ",30.736,-30.289,980,50,"charcoal","South Africa","SARD",354,624
"Pta-2528","Mpambanyoni ",30.736,-30.289,930,50,"charcoal","South Africa","SARD",355,624
"Pta-2534","Mpambanyoni ",30.736,-30.289,885,50,"charcoal","South Africa","SARD",356,624
"Pta-2019","Mpame",29.062,-32.075,1340,60,"","South Africa","SARD",357,625
"Pta-4900","Mqanduli",28.76,-31.809,1340,60,"","South Africa","SARD",358,629
"Pta-4917","Mqanduli",28.76,-31.809,1330,50,"","South Africa","SARD",359,629
"Pta-2195","Msuluzi Confluence",30.146,-28.756,1310,40,"charcoal","South Africa","SARD",360,630
"Pta-2197","Msuluzi Confluence",30.146,-28.756,1370,30,"charcoal","South Africa","SARD",361,630
"Pta-8958","Mutshilachokwe",29.529,-22.129,910,60,"","Zimbabwe","SARD",362,650
"Pta-8996","Mutshilachokwe",29.529,-22.129,670,60,"","Zimbabwe","SARD",363,650
"Pta-1980","Mzonjani",31.054,-29.733,1670,40,"charcoal","South Africa","SARD",364,667
"St-8497","Nachengue",35.2,-23.88,1235,105,"charcoal","Mozambique","SARD",365,668
"Pta-267","Nagome (Phalaborwa)",31.091,-23.959,785,36,"","South Africa","SARD",366,669
"Pta-568","Nagome (Phalaborwa)",31.091,-23.959,690,45,"","South Africa","SARD",367,669
"Pta-3300","Nali Hill",28.53,-19.95,950,50,"charcoal","Zimbabwe","SARD",368,672
"Pta-3301","Nali Hill",28.53,-19.95,970,50,"charcoal","Zimbabwe","SARD",369,672
"Pta-3302","Nali Hill",28.53,-19.95,850,50,"charcoal","Zimbabwe","SARD",370,672
"Pta-3304","Nali Hill",28.53,-19.95,1060,50,"charcoal","Zimbabwe","SARD",371,672
"Wits-1917","Nanda",30.856,-29.668,1275,60,"charcoal","South Africa","SARD",372,677
"Pta-2388","Ndondondwane",31.031,-28.897,1220,50,"charcoal","South Africa","SARD",373,697
"Pta-2389","Ndondondwane",31.031,-28.897,1190,50,"charcoal","South Africa","SARD",374,697
"Pta-002","Ndumu",32.257,-26.874,1320,40,"charcoal","South Africa","SARD",375,700
"Beta-115554","Nkanya 3057",28.948,-32.152,1200,60,"Marine shell","South Africa","SARD",376,720
"Beta-13255","Nqoma",21.724,-18.729,970,70,"","Botswana","SARD",377,733
"Beta-13256","Nqoma",21.724,-18.729,1220,70,"","Botswana","SARD",378,733
"Beta-13257","Nqoma",21.724,-18.729,1290,60,"","Botswana","SARD",379,733
"Beta-13260","Nqoma",21.724,-18.729,1000,60,"","Botswana","SARD",380,733
"Beta-13261","Nqoma",21.724,-18.729,970,50,"","Botswana","SARD",381,733
"Beta-13262","Nqoma",21.724,-18.729,980,60,"","Botswana","SARD",382,733
"Beta-13263","Nqoma",21.724,-18.729,860,60,"","Botswana","SARD",383,733
"Iso-11411","Nqoma",21.724,-18.729,1100,80,"","Botswana","SARD",384,733
"Wits-836","Nqoma",21.724,-18.729,970,50,"","Botswana","SARD",385,733
"Pta-1057","Ntshekane",30.408,-28.96,1100,50,"charcoal","South Africa","SARD",386,737
"Pta-1058","Ntshekane",30.408,-28.96,1150,45,"charcoal","South Africa","SARD",387,737
"Pta-4684","Ntsitsana",29.2,-31.067,1290,50,"charcoal","South Africa","SARD",388,739
"Pta-4687","Ntsitsana",29.2,-31.067,1180,50,"charcoal","South Africa","SARD",389,739
"Pta-4695","Ntsitsana",29.2,-31.067,1180,50,"charcoal","South Africa","SARD",390,739
"GrN-5304","Olifantspoort 20/71",27.33,-25.87,255,20,"charcoal","South Africa","SARD",391,766
"RL-186","Olifantspoort 20/71",27.33,-25.87,400,110,"charcoal","South Africa","SARD",392,766
"RL-187","Olifantspoort 20/71",27.33,-25.87,330,90,"charcoal","South Africa","SARD",393,766
"RL-189","Olifantspoort 20/71",27.33,-25.87,250,90,"charcoal","South Africa","SARD",394,766
"RL-201","Olifantspoort 20/71",27.33,-25.85,510,90,"charcoal","South Africa","SARD",395,766
"RL-199","Olifantspoort 29/72",27.33,-25.87,710,120,"charcoal","South Africa","SARD",396,767
"RL-243","Olifantspoort 29/72",27.33,-25.87,440,90,"charcoal","South Africa","SARD",397,767
"RL-244","Olifantspoort 29/72",27.33,-25.87,350,90,"charcoal","South Africa","SARD",398,767
"RL-203","Olifantspoort 61/71",27.32,-25.86,480,80,"charcoal","South Africa","SARD",399,768
"RL-202","Olifantspoort 62/71",27.32,-25.87,360,90,"charcoal","South Africa","SARD",400,769
"Pta-7281","Phatayasebilo",27.43,-22.7125,1120,30,"","Botswana","SARD",401,798
"Pta-1635","Plaston",31.07,-25.33,1315,50,"charcoal","South Africa","SARD",402,803
"Pta-1818","Pont Drift",29.167,-22.233,840,50,"charcoal","South Africa","SARD",403,805
"Pta-1959","Pont Drift",29.167,-22.233,1140,50,"charcoal","South Africa","SARD",404,805
"Pta-1961","Pont Drift",29.167,-22.233,1110,50,"charcoal","South Africa","SARD",405,805
"Beta-336278","Rhenosterkloof 1 (RU101/78)",27.93,-24.68,250,30,"charcoal","South Africa","SARD",406,819
"Pta-2847","Rhenosterkloof 1 (RU101/78)",27.93,-24.68,310,40,"charcoal","South Africa","SARD",407,819
"Beta-333838","Rhenosterkloof 2",27.93,-24.67,340,30,"charcoal","South Africa","SARD",408,820
"Pta-7311","Rhino Andalusite mine",27.3,-24.7,1520,40,"charcoal","South Africa","SARD",409,821
"Pta-9543","Rhino Andalusite mine",27.3,-24.7,400,10,"charcoal","South Africa","SARD",410,821
"Pta-9545","Rhino Andalusite mine",27.3,-24.7,530,25,"charcoal","South Africa","SARD",411,821
"Pta-9546","Rhino Andalusite mine",27.3,-24.7,1550,80,"charcoal","South Africa","SARD",412,821
"Pta-9547","Rhino Andalusite mine",27.3,-24.7,320,40,"charcoal","South Africa","SARD",413,821
"Pta-7591","Riverside, Nelspruit",30.97,-25.44,1540,50,"charcoal","South Africa","SARD",414,825
"Pta-7654","Riverside, Nelspruit",30.97,-25.44,390,60,"bone","South Africa","SARD",415,825
"Pta-7670","Riverside, Nelspruit",30.97,-25.44,1070,40,"charcoal","South Africa","SARD",416,825
"Pta-2845","Rooikrans (RU131/78)",27.71,-24.81,280,50,"charcoal","South Africa","SARD",417,828
"Pta-6579","Samaria",29.367,-22.2,510,50,"bone","South Africa","SARD",418,839
"Pta-1819","Schroda",29.433,-22.183,1110,50,"wood","South Africa","SARD",419,846
"Pta-1967","Schroda",29.433,-22.183,1160,50,"charcoal","South Africa","SARD",420,846
"Pta-7650","Schroda",29.433,-22.183,1060,20,"charcoal","South Africa","SARD",421,846
"pta-7659","Schroda",29.433,-22.183,1030,45,"charcoal","South Africa","SARD",422,846
"Pta-7664","Schroda",29.433,-22.183,1140,45,"charcoal","South Africa","SARD",423,846
"Pta-7666","Schroda",29.433,-22.183,1170,20,"charcoal","South Africa","SARD",424,846
"Pta-4443","Shankare (Phalaborwa)",31.091,-23.959,890,50,"","South Africa","SARD",425,852
"Y-1766","Shankare (Phalaborwa)",31.091,-23.959,290,80,"","South Africa","SARD",426,852
"Pta-2601","Shongweni North",30.717,-29.85,670,40,"charcoal","South Africa","SARD",427,853
"Pta-2602","Shongweni North",30.717,-29.85,950,50,"Wood","South Africa","SARD",428,853
"Pta-4159","Shongweni North",30.717,-29.85,1490,50,"charcoal","South Africa","SARD",429,853
"Pta-1060","Shongweni South",30.717,-29.85,700,60,"plant remains","South Africa","SARD",430,854
"Pta-1948","Shongweni South",30.717,-29.85,940,135,"plant remains","South Africa","SARD",431,854
"Pta-8015","Sibudu Cave",31.083,-29.5,960,25,"charcoal","South Africa","SARD",432,856
"Pta-9196","Sibudu Cave",31.083,-29.5,1030,40,"charcoal","South Africa","SARD",433,856
"Pta-9202","Sibudu Cave",31.083,-29.5,970,50,"charcoal","South Africa","SARD",434,856
"Pta-2090","Silver Leaves",30.2,-23.88,860,35,"","South Africa","SARD",435,858
"Pta-2360","Silver Leaves",30.2,-23.88,1760,40,"","South Africa","SARD",436,858
"Pta-2459","Silver Leaves",30.2,-23.88,1700,40,"","South Africa","SARD",437,858
"Pta-901","Silver Leaves",30.2,-23.88,1680,55,"","South Africa","SARD",438,858
"Pta-911","Silver Leaves",30.2,-23.88,850,50,"","South Africa","SARD",439,858
"Pta-914","Silver Leaves",30.2,-23.88,1620,50,"","South Africa","SARD",440,858
"Pta-3715","Skutwater",29.543,-22.185,820,45,"","South Africa","SARD",441,865
"Pta-3734","Skutwater",29.543,-22.185,830,40,"","South Africa","SARD",442,865
"AA-77938","Smelterskop",27.75,-24.76,264,32,"charcoal","South Africa","SARD",443,866
"Pta-4328","Stayt Farm",29.367,-22.6,910,50,"charcoal","South Africa","SARD",444,870
"Pta-4363","Stayt Farm",29.367,-22.6,820,50,"bone","South Africa","SARD",445,870
"Wits-1501","Strauss",27.875,-25.78,1390,70,"","South Africa","SARD",446,871
"Wits-1531","Strauss",27.875,-25.78,1410,110,"","South Africa","SARD",447,871
"I-11407","Taukome",26.94,-22.25,1265,80,"","Botswana","SARD",448,881
"I-11410","Taukome",26.94,-22.25,1240,80,"","Botswana","SARD",449,881
"Wits-409","Taukome",26.937,-22.248,995,75,"","Botswana","SARD",450,881
"Wits-1437","Tavhatshena",29.915108,-23.205523,900,110,"","South Africa","SARD",451,882
"Wits-1453","Tavhatshena",29.915108,-23.205523,660,80,"","South Africa","SARD",452,882
"Wits-1549","Tavhatshena",29.915108,-23.205523,370,80,"","South Africa","SARD",453,882
"Beta-333839","Tembi 1",27.74,-24.66,300,30,"charcoal","South Africa","SARD",454,886
"Wits-407","Thatswane",27.141,-22.251,1265,80,"","Botswana","SARD",455,888
"Wits-410","Thatswane",27.141,-22.251,1240,80,"","Botswana","SARD",456,888
"Wits-414","Thatswane",27.141,-22.251,1025,80,"","Botswana","SARD",457,888
"Wits-415","Thatswane",27.141,-22.251,840,75,"","Botswana","SARD",458,888
"Pta-5658","Thula Mela",31.194,-22.431,420,50,"charcoal","South Africa","SARD",459,889
"Pta-5659","Thula Mela",31.194,-22.431,390,50,"charcoal","South Africa","SARD",460,889
"Pta-5676","Thula Mela",31.194,-22.431,370,50,"charcoal","South Africa","SARD",461,889
"Pta-6079","Thula Mela",31.194,-22.431,480,30,"charcoal","South Africa","SARD",462,889
"Pta-6086","Thula Mela",31.194,-22.431,350,45,"charcoal","South Africa","SARD",463,889
"Pta-6089","Thula Mela",31.194,-22.431,360,50,"charcoal","South Africa","SARD",464,889
"Pta-6824","Thula Mela",31.194,-22.431,550,50,"charcoal","South Africa","SARD",465,889
"Pta-7102","Thula Mela",31.194,-22.431,590,40,"charcoal","South Africa","SARD",466,889
"Pta-7103","Thula Mela",31.194,-22.431,390,35,"charcoal","South Africa","SARD",467,889
"Pta-7105","Thula Mela",31.194,-22.431,560,35,"charcoal","South Africa","SARD",468,889
"Pta-7106","Thula Mela",31.194,-22.431,820,40,"charcoal","South Africa","SARD",469,889
"Pta-7107","Thula Mela",31.194,-22.431,530,30,"charcoal","South Africa","SARD",470,889
"Pta-7243","Thula Mela",31.194,-22.431,520,40,"bone","South Africa","SARD",471,889
"Pta-7276","Thula Mela",31.194,-22.431,370,40,"bone","South Africa","SARD",472,889
"Pta-7304","Thula Mela",31.194,-22.431,450,50,"charcoal","South Africa","SARD",473,889
"Pta-7305","Thula Mela",31.194,-22.431,600,50,"charcoal","South Africa","SARD",474,889
"Pta-7307","Thula Mela",31.194,-22.431,650,45,"charcoal","South Africa","SARD",475,889
"Pta-7310","Thula Mela",31.194,-22.431,590,60,"charcoal","South Africa","SARD",476,889
"TX-6977","Tora Nju",26.183611,-20.702222,590,80,"","Botswana","SARD",477,892
"TX-6989","Tora Nju",26.183611,-20.702222,970,80,"","Botswana","SARD",478,892
"TX-6990","Tora Nju",26.183611,-20.702222,780,60,"","Botswana","SARD",479,892
"AA-58186","Toteng 1",22.96,-20.36,1639,33,"other","Botswana","SARD",480,893
"AA-58187","Toteng 1",22.96,-20.36,643,31,"other","Botswana","SARD",481,893
"AA-58188","Toteng 1",22.96,-20.36,571,31,"other","Botswana","SARD",482,893
"Beta-184609","Toteng 1",22.96,-20.36,1560,60,"charcoal","Botswana","SARD",483,893
"Beta-186670","Toteng 1",22.96,-20.36,1480,40,"charcoal","Botswana","SARD",484,893
"Beta-18669","Toteng 1",22.96,-20.36,2020,40,"bone","Botswana","SARD",485,893
"Beta-1904888","Toteng 1",22.96,-20.36,2070,40,"bone","Botswana","SARD",486,893
"Pta-5534","Toteng 1",22.96,-20.36,1820,50,"charcoal","Botswana","SARD",487,893
"Beta-182060","Toteng 3",22.96,-20.36,1610,40,"other","Botswana","SARD",488,894
"Beta-186671","Toteng 3",22.96,-20.36,1130,40,"bone","Botswana","SARD",489,894
"Beta-194360","Toteng 3",22.96,-20.36,1710,40,"other","Botswana","SARD",490,894
"Beta-44965","Toteng 3",22.96,-20.36,1810,60,"charcoal","Botswana","SARD",491,894
"Beta-44966","Toteng 3",22.96,-20.36,1600,50,"charcoal","Botswana","SARD",492,894
"GX-3772","Toutswe",27.2,-22.233,645,95,"","Botswana","SARD",493,895
"GX-3773","Toutswe",27.2,-22.233,755,75,"","Botswana","SARD",494,895
"GX-3774","Toutswe",27.2,-22.233,860,105,"","Botswana","SARD",495,895
"GX-3775","Toutswe",27.2,-22.233,450,95,"","Botswana","SARD",496,895
"I-11412","Toutswe",27.2,-22.233,750,95,"","Botswana","SARD",497,895
"I-11413","Toutswe",27.2,-22.233,990,75,"","Botswana","SARD",498,895
"Pta-7247","Tshiendeulu",30.15,-22.833,480,40,"charcoal","South Africa","SARD",499,901
"Pta-7249","Tshiendeulu",30.15,-22.833,320,40,"wood","South Africa","SARD",500,901
"Pta-7251","Tshiendeulu",30.15,-22.833,440,40,"charcoal","South Africa","SARD",501,901
"Pta-7252","Tshiendeulu",30.15,-22.833,500,40,"charcoal","South Africa","SARD",502,901
"Pta-7429","Tshiendeulu",30.15,-22.833,350,50,"charcoal","South Africa","SARD",503,901
"Pta-7430","Tshiendeulu",30.15,-22.833,630,50,"charcoal","South Africa","SARD",504,901
"Pta-7554","Tshiendeulu",30.15,-22.833,350,20,"charcoal","South Africa","SARD",505,901
"Pta-7580","Tshiendeulu",30.15,-22.833,350,40,"charcoal","South Africa","SARD",506,901
"Pta-7587","Tshiendeulu",30.15,-22.833,300,40,"wood","South Africa","SARD",507,901
"Pta-7657","Tshiendeulu",30.15,-22.833,360,40,"charcoal","South Africa","SARD",508,901
"Pta-7663","Tshiendeulu",30.15,-22.833,350,50,"charcoal","South Africa","SARD",509,901
"Pta-8969","Tshobwane",29.559,-22.116,790,60,"","Zimbabwe","SARD",510,902
"Pta-9000","Tshobwane",29.559,-22.116,890,60,"","Zimbabwe","SARD",511,902
"Pta-899","Tsindi Ruins (Lekkerwater Ruins)",31.71,-18.1,810,50,"charcoal","Zimbabwe","SARD",512,905
"Pta-900","Tsindi Ruins (Lekkerwater Ruins)",31.71,-18.1,560,50,"charcoal","Zimbabwe","SARD",513,905
"Pta-903","Tsindi Ruins (Lekkerwater Ruins)",31.71,-18.1,620,50,"charcoal","Zimbabwe","SARD",514,905
"SR-108","Tsindi Ruins (Lekkerwater Ruins)",31.71,-18.1,560,120,"charcoal","Zimbabwe","SARD",515,905
"SR-109","Tsindi Ruins (Lekkerwater Ruins)",31.71,-18.1,650,120,"charcoal","Zimbabwe","SARD",516,905
"SR-124","Tsindi Ruins (Lekkerwater Ruins)",31.71,-18.1,440,90,"charcoal","Zimbabwe","SARD",517,905
"SR-170","Tsindi Ruins (Lekkerwater Ruins)",31.71,-18.1,1040,90,"charcoal","Zimbabwe","SARD",518,905
"SR-181","Tsindi Ruins (Lekkerwater Ruins)",31.71,-18.1,835,95,"charcoal","Zimbabwe","SARD",519,905
"SR-182","Tsindi Ruins (Lekkerwater Ruins)",31.71,-18.1,370,90,"charcoal","Zimbabwe","SARD",520,905
"SR-184","Tsindi Ruins (Lekkerwater Ruins)",31.71,-18.1,365,105,"charcoal","Zimbabwe","SARD",521,905
"SR-194","Tsindi Ruins (Lekkerwater Ruins)",31.71,-18.1,705,65,"charcoal","Zimbabwe","SARD",522,905
"Y-1323B","Uitkomst Cave",27.618,-25.884,300,80,"wood","South Africa","SARD",523,911
"St-9836","University Campus",32.6,-25.95,1775,85,"charcoal","Mozambique","SARD",524,915
"St-9837","University Campus",32.6,-25.95,1355,100,"charcoal","Mozambique","SARD",525,915
"St-9838","University Campus",32.6,-25.95,1590,75,"charcoal","Mozambique","SARD",526,915
"Beta-230592","Vlakplaas 128",22.967,-28.55,980,40,"plant remains","South Africa","SARD",527,923
"Pta-7534","Wonderboom",26.18,-24.77,300,50,"charcoal","South Africa","SARD",528,936
"Pta-4094","Wosi",31.031,-28.907,1290,50,"charcoal","South Africa","SARD",529,937
"Pta-4095","Wosi",31.031,-28.907,1270,60,"charcoal","South Africa","SARD",530,937
"Pta-4100","Wosi",31.031,-28.907,1460,50,"charcoal","South Africa","SARD",531,937
"Pta-4104","Wosi",31.031,-28.907,1430,60,"charcoal","South Africa","SARD",532,937
"St-8589","Xai-Xai",33.72,-25.12,510,165,"charcoal","Mozambique","SARD",533,938
"St-8909","Zitundo",32.85,-26.77,1775,105,"charcoal","Mozambique","SARD",534,947
"St-8910","Zitundo",32.85,-26.77,1435,105,"charcoal","Mozambique","SARD",535,947
"St-8911","Zitundo",32.85,-26.77,1760,105,"charcoal","Mozambique","SARD",536,947
"St-8912","Zitundo",32.85,-26.77,1685,105,"charcoal","Mozambique","SARD",537,947
"St-8913","Zitundo",32.85,-26.77,1575,105,"charcoal","Mozambique","SARD",538,947
"OxA-19517","Kabusanze",29.62069629,-2.659455045,1610,26,"Charcoal","Rwanda","Wanyika",539,295
"OxA-19518","Kabusanze",29.62069629,-2.659455045,1630,26,"Charcoal","Rwanda","Wanyika",540,295
"OxA-19583","Kabusanze",29.62069629,-2.659455045,1694,37,"Charcoal","Rwanda","Wanyika",541,295
"OxA-19520","Masangano",29.88175806,-1.687612002,1698,27,"Charcoal","Rwanda","Wanyika",542,529
"OxA-19519","Karama",29.84100793,-1.929041199,1291,25,"Charcoal","Rwanda","Wanyika",543,327
"OxA-19521","Musanze 2",29.74004212,-1.52354275,956,26,"Charcoal","Rwanda","Wanyika",544,643
"OxA-19522","Musanze 3",29.847496,-1.620851,996,25,"Charcoal","Rwanda","Wanyika",545,644
"OxA-19523","Nguri Cave",29.702258,-1.408844,956,26,"Charcoal","Rwanda","Wanyika",546,715
"OxA-19524","Mweru",29.71130258,-1.384192121,951,25,"Charcoal","Rwanda","Wanyika",547,665
"OxA-19811","Mweru",29.71130258,-1.384192121,940,26,"Charcoal","Rwanda","Wanyika",548,665
"GrN-7673","Kabuye I",29.48,-2.36,1595,30,"Charcoal","Rwanda","Wanyika",549,297
"GrN-7904","Kabuye II",29.48,-2.36,1406,36,"Charcoal","Rwanda","Wanyika",550,298
"GrN-8219","Kabuye III",29.48,-2.36,1660,30,"Charcoal","Rwanda","Wanyika",551,299
"GrN-7905","Kabuye IV",29.48,-2.36,1726,30,"Charcoal","Rwanda","Wanyika",552,300
"Ly-2267","Mutwarubona I",29.5,-2.35,2020,330,"Charcoal","Rwanda","Wanyika",553,651
"Ly-2268","Mutwarubona II",29.5,-2.35,1380,170,"Charcoal","Rwanda","Wanyika",554,652
"GrN-5752","Mutara 1",30.172,-1.727,2180,50,"Charcoal","Rwanda","Wanyika",555,646
"GrN-5753","Mutara 2",30.172,-1.727,1655,60,"Ceramics","Rwanda","Wanyika",556,647
"B-755","Ndora",29.45,-2.3,1700,100,"Charcoal","Rwanda","Wanyika",557,698
"B-758","Cyamakuza",29.45,-2.3,1650,80,"Charcoal","Rwanda","Wanyika",558,161
"Pta-7978","Chombo",39.29,-4.08,1180,60,"Charcoal","Kenya","Wanyika",559,150
"N-3214","Early Mombasa",39.66394,-4.05746,1000,95,"Charcoal","Kenya","Wanyika",560,187
"N-3215","Early Mombasa",39.66394,-4.05746,1040,90,"Charcoal","Kenya","Wanyika",561,187
"N-3216","Early Mombasa",39.66394,-4.05746,980,60,"Charcoal","Kenya","Wanyika",562,187
"N-3217","Early Mombasa",39.66394,-4.05746,1040,100,"Charcoal","Kenya","Wanyika",563,187
"N-3218","Early Mombasa",39.66394,-4.05746,895,90,"Charcoal","Kenya","Wanyika",564,187
"TO-3893","Galu",39.55771,-4.36151,1400,240,"Metal","Kenya","Wanyika",565,226
"TO-3894","Galu",39.55771,-4.36151,740,70,"Metal","Kenya","Wanyika",566,226
"TO-3895","Galu",39.55771,-4.36151,1300,70,"Metal","Kenya","Wanyika",567,226
"N-291","Kwale",39.45199613,-4.174224786,1680,110,"Charcoal","Kenya","Wanyika",568,396
"N-292","Kwale",39.45199613,-4.174224786,1690,110,"Charcoal","Kenya","Wanyika",569,396
"N-483","Kwale Forest",39.45199613,-4.174224786,1830,115,"Unreported","Kenya","Wanyika",570,398
"N-484","Kwale Ditch",39.45199613,-4.174224786,1790,115,"Unreported","Kenya","Wanyika",571,397
"Pta-7955","Mteza",39.31,-4.05,1190,50,"Charcoal","Kenya","Wanyika",572,631
"TO-3889","Ungwana",40.5392687,-2.5266122,870,100,"Metal","Kenya","Wanyika",573,914
"TO-3891","Ungwana",40.5392687,-2.5266122,1210,140,"Metal","Kenya","Wanyika",574,914
"TO-3890","Ungwana",40.5392687,-2.5266122,530,90,"Metal","Kenya","Wanyika",575,914
"TO-3892","Ungwana",40.5392687,-2.5266122,1360,650,"Metal","Kenya","Wanyika",576,914
"OxA-29285","Panga ya Saidi",39.73611111,-3.678333,1212,23,"Non-charcoal plant part","Kenya","Wanyika",577,795
"OxA-26775","Panga ya Saidi",39.73611111,-3.678333,522,25,"Non-charcoal plant part","Kenya","Wanyika",578,795
"OxA-26776","Panga ya Saidi",39.73611111,-3.678333,536,24,"Non-charcoal plant part","Kenya","Wanyika",579,795
"OxA-30803","Panga ya Saidi",39.73611111,-3.678333,388,27,"Bone/tooth collagen","Kenya","Wanyika",580,795
"OxA-27099","Mgombani",39.67861111,-3.840783,1184,26,"Non-charcoal plant part","Kenya","Wanyika",581,566
"OxA-27100","Mgombani",39.67861111,-3.840783,1179,25,"Non-charcoal plant part","Kenya","Wanyika",582,566
"OxA-29276","Mgombani",39.67861111,-3.840783,1217,29,"Non-charcoal plant part","Kenya","Wanyika",583,566
"Pta-7957","Mgombani",39.67861111,-3.840783,1300,50,"Charcoal","Kenya","Wanyika",584,566
"Pta-7965","Mbuyuni",39.31,-3.56,350,50,"Charcoal","Kenya","Wanyika",585,557
"Pta-7956","Mtsengo",39.37,-3.43,580,50,"Charcoal","Kenya","Wanyika",586,632
"Wk-41391","Mtsengo",39.37,-3.43,448,20,"Bone/tooth collagen","Kenya","Wanyika",587,632
"Q-3061","Shanga",41.0676595,-2.1328114,1175,30,"Charcoal","Kenya","Wanyika",588,851
"Q-3062","Shanga",41.0676595,-2.1328114,980,30,"Charcoal","Kenya","Wanyika",589,851
"Q-3063","Shanga",41.0676595,-2.1328114,830,30,"Charcoal","Kenya","Wanyika",590,851
"Q-3064","Shanga",41.0676595,-2.1328114,1160,30,"Charcoal","Kenya","Wanyika",591,851
"Q-3065","Shanga",41.0676595,-2.1328114,680,30,"Charcoal","Kenya","Wanyika",592,851
"Q-3066","Shanga",41.0676595,-2.1328114,1120,30,"Charcoal","Kenya","Wanyika",593,851
"Q-3067","Shanga",41.0676595,-2.1328114,870,30,"Charcoal","Kenya","Wanyika",594,851
"SA-1982","Shanga",41.0676595,-2.1328114,1235,35,"Charcoal","Kenya","Wanyika",595,851
"SA-1647","Shanga",41.0676595,-2.1328114,1180,40,"Charcoal","Kenya","Wanyika",596,851
"SA-1512","Shanga",41.0676595,-2.1328114,1170,45,"Charcoal","Kenya","Wanyika",597,851
"SA-0659","Shanga",41.0676595,-2.1328114,1100,50,"Charcoal","Kenya","Wanyika",598,851
"SA-0616","Shanga",41.0676595,-2.1328114,1060,45,"Charcoal","Kenya","Wanyika",599,851
"SA-0590","Shanga",41.0676595,-2.1328114,985,35,"Charcoal","Kenya","Wanyika",600,851
"SA-1397","Shanga",41.0676595,-2.1328114,1175,30,"Charcoal","Kenya","Wanyika",601,851
"SA-1386","Shanga",41.0676595,-2.1328114,1160,30,"Charcoal","Kenya","Wanyika",602,851
"SA-1357","Shanga",41.0676595,-2.1328114,1120,30,"Charcoal","Kenya","Wanyika",603,851
"N-338","Manda",40.9476564,-2.2664301,1170,110,"Charcoal","Kenya","Wanyika",604,517
"N-339","Manda",40.9476564,-2.2664301,1480,110,"Charcoal","Kenya","Wanyika",605,517
"N-1066","Manda",40.9476564,-2.2664301,1240,100,"Non-charcoal plant part","Kenya","Wanyika",606,517
"ISGS-3522","Mtwapa",39.7409581,-3.9560731,610,70,"Charcoal","Kenya","Wanyika",607,634
"ISGS-3502","Mtwapa",39.7409581,-3.9560731,610,70,"Charcoal","Kenya","Wanyika",608,634
"ISGS-3520","Mtwapa",39.7409581,-3.9560731,630,70,"Charcoal","Kenya","Wanyika",609,634
"ISGS-6338","Mtwapa",39.7409581,-3.9560731,650,70,"Charcoal","Kenya","Wanyika",610,634
"ISGS-3498","Mtwapa",39.7409581,-3.9560731,480,70,"Charcoal","Kenya","Wanyika",611,634
"ISGS-3514","Mtwapa",39.7409581,-3.9560731,480,70,"Charcoal","Kenya","Wanyika",612,634
"ISGS-3515","Mtwapa",39.7409581,-3.9560731,480,70,"Charcoal","Kenya","Wanyika",613,634
"ISGS-3519","Mtwapa",39.7409581,-3.9560731,480,70,"Charcoal","Kenya","Wanyika",614,634
"ISGS-3510","Mtwapa",39.7409581,-3.9560731,490,70,"Charcoal","Kenya","Wanyika",615,634
"ISGS-3521","Mtwapa",39.7409581,-3.9560731,500,70,"Charcoal","Kenya","Wanyika",616,634
"ISGS-3523","Mtwapa",39.7409581,-3.9560731,510,70,"Charcoal","Kenya","Wanyika",617,634
"ISGS-3518","Mtwapa",39.7409581,-3.9560731,340,70,"Charcoal","Kenya","Wanyika",618,634
"ISGS-3497","Mtwapa",39.7409581,-3.9560731,340,70,"Charcoal","Kenya","Wanyika",619,634
"ISGS-3512","Mtwapa",39.7409581,-3.9560731,350,70,"Charcoal","Kenya","Wanyika",620,634
"ISGS-3513","Mtwapa",39.7409581,-3.9560731,360,70,"Charcoal","Kenya","Wanyika",621,634
"ISGS-3516","Mtwapa",39.7409581,-3.9560731,360,70,"Charcoal","Kenya","Wanyika",622,634
"ISGS-3511","Mtwapa",39.7409581,-3.9560731,370,70,"Charcoal","Kenya","Wanyika",623,634
"Ly-965","Gedi Ruins",40.0179067,-3.3067514,845,45,"Non-charcoal plant part","Kenya","Wanyika",624,233
"GX-9936","Enkapune ya Moto",36.09,-0.5,1295,140,"Charcoal","Kenya","Wanyika",625,202
"GX-9935","Enkapune ya Moto",36.09,-0.5,500,145,"Charcoal","Kenya","Wanyika",626,202
"Wk-24682","Baawa II",36.706077,1.084637,607,30,"Charcoal","Kenya","Wanyika",627,59
"Beta-189982","Maasai Plains",36.569409,0.606554,480,50,"Charcoal","Kenya","Wanyika",628,480
"Beta-218135","Cattle Dip Lolldaiga",36.799524,0.337398,250,50,"Charcoal","Kenya","Wanyika",629,138
"Ua-54546","Ololopoli",37.2590753,-2.6433319,373,29,"Charcoal","Kenya","Wanyika",630,771
"OS-57500","Wadh Lang'o",34.815035,-0.353966,1420,30,"Charcoal","Kenya","Wanyika",631,928
"OS-57739","Wadh Lang'o",34.815035,-0.353966,1280,45,"Charcoal","Kenya","Wanyika",632,928
"OxA-14499","Wadh Lang'o",34.815035,-0.353966,1449,28,"Charcoal","Kenya","Wanyika",633,928
"OxA-14500","Wadh Lang'o",34.815035,-0.353966,1484,26,"Charcoal","Kenya","Wanyika",634,928
"OxA-14501","Wadh Lang'o",34.815035,-0.353966,1741,28,"Charcoal","Kenya","Wanyika",635,928
"OxA-14502","Wadh Lang'o",34.815035,-0.353966,1698,28,"Charcoal","Kenya","Wanyika",636,928
"Beta-190746","Usenge 3",34.653722,-0.0829795,1560,40,"Charcoal","Kenya","Wanyika",637,920
"GrA-16005","Usare",34.36121061,-0.24426019,295,30,"Charcoal","Kenya","Wanyika",638,919
"GrA-16006","Usare",34.36121061,-0.24426019,300,30,"Charcoal","Kenya","Wanyika",639,919
"OxA-15439","Okiro",34.33398,-0.207095,289,24,"Charcoal","Kenya","Wanyika",640,761
"HAR-6260","Gogo Falls",34.348739,-0.904965,1900,70,"Charcoal","Kenya","Wanyika",641,242
"OxA-38808","Kakapel RS",34.36651493,0.689868265,832,21,"Non-charcoal plant part","Kenya","Wanyika",642,303
"OxA-38807","Kakapel RS",34.36651493,0.689868265,845,21,"Non-charcoal plant part","Kenya","Wanyika",643,303
"Wk-47412","Kakapel RS",34.36651493,0.689868265,848,16,"Non-charcoal plant part","Kenya","Wanyika",644,303
"OxA-38796","Kakapel RS",34.36651493,0.689868265,864,21,"Non-charcoal plant part","Kenya","Wanyika",645,303
"SUERC-86059","Kakapel RS",34.36651493,0.689868265,895,28,"Bone/tooth collagen","Kenya","Wanyika",646,303
"Wk-47410","Kakapel RS",34.36651493,0.689868265,813,15,"Charcoal","Kenya","Wanyika",647,303
"Wk-48696","Kakapel RS",34.36651493,0.689868265,887,18,"Non-charcoal plant part","Kenya","Wanyika",648,303
"Wk-48699","Kakapel RS",34.36651493,0.689868265,962,18,"Non-charcoal plant part","Kenya","Wanyika",649,303
"Wk-47411","Kakapel RS",34.36651493,0.689868265,977,18,"Charcoal","Kenya","Wanyika",650,303
"Wk-47413","Kakapel RS",34.36651493,0.689868265,1713,15,"Non-charcoal plant part","Kenya","Wanyika",651,303
"Wk-48695","Kakapel RS",34.36651493,0.689868265,2236,18,"Non-charcoal plant part","Kenya","Wanyika",652,303
"Wk-48697","Kakapel RS",34.36651493,0.689868265,940,18,"Non-charcoal plant part","Kenya","Wanyika",653,303
"OxA-40174","Kakapel RS",34.36651493,0.689868265,901,18,"Bone/tooth collagen","Kenya","Wanyika",654,303
"OS-167170","Kakapel RS",34.36651493,0.689868265,920,20,"Non-charcoal plant part","Kenya","Wanyika",655,303
"OS-162692","Kakapel RS",34.36651493,0.689868265,965,25,"Non-charcoal plant part","Kenya","Wanyika",656,303
"OS-174285","Kakapel RS",34.36651493,0.689868265,975,15,"Non-charcoal plant part","Kenya","Wanyika",657,303
"OS-174281","Kakapel RS",34.36651493,0.689868265,985,20,"Non-charcoal plant part","Kenya","Wanyika",658,303
"OS-174283","Kakapel RS",34.36651493,0.689868265,985,15,"Non-charcoal plant part","Kenya","Wanyika",659,303
"OS-174284","Kakapel RS",34.36651493,0.689868265,995,20,"Non-charcoal plant part","Kenya","Wanyika",660,303
"OS-166571","Kakapel RS",34.36651493,0.689868265,1020,20,"Non-charcoal plant part","Kenya","Wanyika",661,303
"OS-174282","Kakapel RS",34.36651493,0.689868265,1020,20,"Non-charcoal plant part","Kenya","Wanyika",662,303
"OS-162716","Kakapel RS",34.36651493,0.689868265,1060,35,"Non-charcoal plant part","Kenya","Wanyika",663,303
"OxA-40173","Kakapel RS",34.36651493,0.689868265,2235,20,"Bone/tooth collagen","Kenya","Wanyika",664,303
"SUERC-98421","Kakapel RS",34.36651493,0.689868265,2266,29,"Non-charcoal plant part","Kenya","Wanyika",665,303
"OS-168214","Kakapel RS",34.36651493,0.689868265,2280,20,"Non-charcoal plant part","Kenya","Wanyika",666,303
"Y-570","Lanet",36.130767,-0.302493,365,100,"Charcoal","Kenya","Wanyika",667,417
"HAR-6914","Hyrax Hill",36.104035,-0.282032,830,100,"Charcoal","Kenya","Wanyika",668,260
"HAR-6913","Hyrax Hill",36.104035,-0.282032,530,120,"Charcoal","Kenya","Wanyika",669,260
"HAR-6912","Hyrax Hill",36.104035,-0.282032,490,80,"Charcoal","Kenya","Wanyika",670,260
"GX-17504","Hyrax Hill",36.104035,-0.282032,430,105,"Charcoal","Kenya","Wanyika",671,260
"N-652","Deloraine Farm I",35.800993,-0.184006,1070,110,"Charcoal","Kenya","Wanyika",672,165
"GX-5542-A","Deloraine Farm II",35.800993,-0.184006,1150,135,"Bone/tooth apatite","Kenya","Wanyika",673,166
"GX-5542-G1","Deloraine Farm II",35.800993,-0.184006,1095,150,"Bone/tooth collagen","Kenya","Wanyika",674,166
"GX-5542-G2","Deloraine Farm II",35.800993,-0.184006,985,130,"Bone/tooth collagen","Kenya","Wanyika",675,166
"GX-5541-G","Deloraine Farm II",35.800993,-0.184006,1110,120,"Bone/tooth collagen","Kenya","Wanyika",676,166
"GX-5541-A","Deloraine Farm II",35.800993,-0.184006,1000,115,"Bone/tooth apatite","Kenya","Wanyika",677,166
"GX-5543","Deloraine Farm II",35.800993,-0.184006,1300,140,"Charcoal","Kenya","Wanyika",678,166
"N-2313","Deloraine Farm II",35.800993,-0.184006,1940,80,"Charcoal","Kenya","Wanyika",679,166
"HAR-8404","Deloraine Farm III",35.800993,-0.184006,350,60,"Charcoal","Kenya","Wanyika",680,167
"HAR-8405","Deloraine Farm III",35.800993,-0.184006,1190,70,"Ceramics","Kenya","Wanyika",681,167
"HAR-8406","Deloraine Farm III",35.800993,-0.184006,1230,60,"Charcoal","Kenya","Wanyika",682,167
"HAR-8407","Deloraine Farm IV",35.800993,-0.184006,650,60,"Charcoal","Kenya","Wanyika",683,168
"GX-4587-A","Naivasha Crescent Island II",36.3986537,-0.763923789,1835,150,"Bone/tooth apatite","Kenya","Wanyika",684,671
"N-1924","Naivasha Crescent Island I",36.3986537,-0.763923789,1300,80,"Charcoal","Kenya","Wanyika",685,670
"GX-3540","Naivasha Crescent Island I",36.3986537,-0.763923789,1814,180,"Charcoal","Kenya","Wanyika",686,670
"GX-4309","Masai Gorge RS",36.31087056,-0.681537284,405,120,"Charcoal","Kenya","Wanyika",687,527
"GX-4310","Masai Gorge RS",36.31087056,-0.681537284,1025,130,"Charcoal","Kenya","Wanyika",688,527
"GX-4464-A","Ndabibi",36.28549334,-0.692979949,410,110,"Bone/tooth apatite","Kenya","Wanyika",689,684
"GX-4381","Akira",36.28549334,-0.692979949,445,120,"Charcoal","Kenya","Wanyika",690,8
"GX-4382-G","Akira",36.28549334,-0.692979949,485,135,"Bone/tooth collagen","Kenya","Wanyika",691,8
"GX-4420-A","Salasun",36.40058758,-1.069671262,1185,140,"Bone/tooth apatite","Kenya","Wanyika",692,836
"GX-4506-G","Lukenya",37.0419467,-1.4465757,1250,115,"Bone/tooth collagen","Kenya","Wanyika",693,470
"GX-4506-A","Lukenya",37.0419467,-1.4465757,1240,145,"Bone/tooth apatite","Kenya","Wanyika",694,470
"N-1316","Chyulu Hills",37.5,-2.35,985,75,"Charcoal","Kenya","Wanyika",695,156
"N-1317","Chyulu Hills",37.5,-2.35,1520,75,"Charcoal","Kenya","Wanyika",696,156
"N-290","Chyulu Hills",37.5,-2.35,435,105,"Charcoal","Kenya","Wanyika",697,156
"HEL-222","Gatung'ang'a",37.0315,-0.2448,810,130,"Charcoal","Kenya","Wanyika",698,230
"HEL-223","Gatung'ang'a",37.0315,-0.2448,820,130,"Charcoal","Kenya","Wanyika",699,230
"HEL-224","Gatung'ang'a",37.0315,-0.2448,850,150,"Charcoal","Kenya","Wanyika",700,230
"HEL-225","Gatung'ang'a",37.0315,-0.2448,690,100,"Charcoal","Kenya","Wanyika",701,230
"HEL-226","Gatung'ang'a",37.0315,-0.2448,600,80,"Charcoal","Kenya","Wanyika",702,230
"Y-1395","Muringa",35.460616,0.835246,300,80,"Charcoal","Kenya","Wanyika",703,642
"Y-1396","Muringa",35.460616,0.835246,300,80,"Charcoal","Kenya","Wanyika",704,642
"PSUAMS-4942","Kasiole 2 Burial",35.939,-1.326,1110,15,"Bone/tooth collagen","Kenya","Wanyika",705,329
"PSUAMS-4939","Laikipia Burial",36.893,0.38,635,15,"Bone/tooth collagen","Kenya","Wanyika",706,407
"OxA-18869","Wei wei Valley",35.471066,1.37923,386,24,"Charcoal","Kenya","Wanyika",707,932
"OxA-18871","Wei wei Valley",35.471066,1.37923,277,23,"Charcoal","Kenya","Wanyika",708,932
"OxA-18873","Wei wei Valley",35.471066,1.37923,248,23,"Charcoal","Kenya","Wanyika",709,932
"ISGS-3801","Kizingitini",39.7409581,-3.9560731,610,70,"Charcoal","Kenya","Wanyika",710,371
"ISGS-3800","Kizingitini",39.7409581,-3.9560731,790,70,"Charcoal","Kenya","Wanyika",711,371
"ISGS-3795","Kizingitini",39.7409581,-3.9560731,420,70,"Charcoal","Kenya","Wanyika",712,371
"ISGS-3793","Kizingitini",39.7409581,-3.9560731,420,70,"Charcoal","Kenya","Wanyika",713,371
"ISGS-3796","Kizingitini",39.7409581,-3.9560731,530,70,"Charcoal","Kenya","Wanyika",714,371
"ISGS-3799","Kizingitini",39.7409581,-3.9560731,430,70,"Charcoal","Kenya","Wanyika",715,371
"ISGS-3797","Kizingitini",39.7409581,-3.9560731,440,70,"Charcoal","Kenya","Wanyika",716,371
"ISGS-5218","Kasigau",38.6621829,-3.8273644,840,70,"Charcoal","Kenya","Wanyika",717,328
"ISGS-5229","Kasigau",38.6621829,-3.8273644,790,70,"Charcoal","Kenya","Wanyika",718,328
"ISGS-5053","Kasigau",38.6621829,-3.8273644,1560,70,"Charcoal","Kenya","Wanyika",719,328
"ISGS-5061","Kasigau",38.6621829,-3.8273644,1710,70,"Charcoal","Kenya","Wanyika",720,328
"ISGS-5038","Kasigau",38.6621829,-3.8273644,1150,70,"Charcoal","Kenya","Wanyika",721,328
"ISGS-5049","Kasigau",38.6621829,-3.8273644,380,70,"Charcoal","Kenya","Wanyika",722,328
"ISGS-5228","Kasigau",38.6621829,-3.8273644,840,70,"Charcoal","Kenya","Wanyika",723,328
"ISGS-5212","Kasigau",38.6621829,-3.8273644,910,70,"Charcoal","Kenya","Wanyika",724,328
"ISGS-5203","Kasigau",38.6621829,-3.8273644,990,70,"Charcoal","Kenya","Wanyika",725,328
"ISGS-5210","Kasigau",38.6621829,-3.8273644,1000,70,"Charcoal","Kenya","Wanyika",726,328
"ISGS-5205","Kasigau",38.6621829,-3.8273644,1140,70,"Charcoal","Kenya","Wanyika",727,328
"ISGS-5208","Kasigau",38.6621829,-3.8273644,1150,70,"Charcoal","Kenya","Wanyika",728,328
"ISGS-4873","Kasigau",38.6621829,-3.8273644,290,70,"Charcoal","Kenya","Wanyika",729,328
"ISGS-4874","Kasigau",38.6621829,-3.8273644,300,70,"Charcoal","Kenya","Wanyika",730,328
"ISGS-5232","Kasigau",38.6621829,-3.8273644,330,70,"Charcoal","Kenya","Wanyika",731,328
"ISGS-5233","Kasigau",38.6621829,-3.8273644,380,70,"Charcoal","Kenya","Wanyika",732,328
"ISGS-5043","Kasigau",38.6621829,-3.8273644,320,70,"Charcoal","Kenya","Wanyika",733,328
"ISGS-5047","Kasigau",38.6621829,-3.8273644,350,70,"Charcoal","Kenya","Wanyika",734,328
"ISGS-5227","Kasigau",38.6621829,-3.8273644,260,70,"Charcoal","Kenya","Wanyika",735,328
"ISGS-5222","Kasigau",38.6621829,-3.8273644,360,70,"Charcoal","Kenya","Wanyika",736,328
"Ua-56618","Kirinkai",37.25612149,-2.7488308,822,27,"Charcoal","Kenya","Wanyika",737,361
"Ua-57237","Ilnyangusi",37.25612149,-2.7488308,1145,30,"Charcoal","Kenya","Wanyika",738,270
"Ua-56623","Ilnyangusi Manyatta",37.25612149,-2.7488308,697,58,"Eggshell","Kenya","Wanyika",739,271
"Ua-54545","Lemomo Hill",37.25612149,-2.7488308,620,28,"Charcoal","Kenya","Wanyika",740,429
"Ua-56622","Lemomo Hill",37.25612149,-2.7488308,526,58,"Eggshell","Kenya","Wanyika",741,429
"Ua-57341","Ilmaarba",37.25612149,-2.7488308,556,31,"Charcoal","Kenya","Wanyika",742,269
"Ua-56619","Ololopoli",37.25612149,-2.7488308,476,27,"Charcoal","Kenya","Wanyika",743,771
"N-1234","Kisii District",34.7571596,-0.738555,2090,170,"Ceramics","Kenya","Wanyika",744,362
"N-1235","Kisii District",34.7571596,-0.738555,1190,75,"Ceramics","Kenya","Wanyika",745,362
"N-1237","Kisii District",34.7571596,-0.738555,1650,90,"Ceramics","Kenya","Wanyika",746,362
"HEL-531","Kisima Farm A4",36.45,0.23,530,100,"Charcoal","Kenya","Wanyika",747,363
"HEL-853","Kisima Farm C4",36.45,0.23,760,90,"Bone/tooth collagen","Kenya","Wanyika",748,364
"GX-4504","Nderit Drift",36.07891311,-0.893665375,260,120,"Charcoal","Kenya","Wanyika",749,687
"GX-4502-A","Nderit Drift",36.07891311,-0.893665375,260,105,"Bone/tooth apatite","Kenya","Wanyika",750,687
"N-437","Yala Alego",34.19,0.1,1550,235,"Charcoal","Kenya","Wanyika",751,939
"N-435","Ulore II-Urewe",34.2,0.2,1680,270,"Charcoal","Kenya","Wanyika",752,912
"N-436","Ulore II-Urewe",34.2,0.2,1630,110,"Charcoal","Kenya","Wanyika",753,912
"GX-1186","Ulore II-Urewe",34.2,0.2,1560,95,"Charcoal","Kenya","Wanyika",754,912
"GX-1099","Abindu RS",34.70926839,-0.082178082,1980,240,"Charcoal","Kenya","Wanyika",755,5
"GX-1097","Agoro RS",34.6996769,-0.085382417,2375,320,"Charcoal","Kenya","Wanyika",756,6
"GX-1096","Jawuoyo RS",34.69460951,-0.080216346,2040,110,"Charcoal","Kenya","Wanyika",757,290
"PSUAMS-4783","Jawuoyo RS",34.69460951,-0.080216346,1895,15,"Bone/tooth collagen","Kenya","Wanyika",758,290
"GX-1098","Nyaidha RS",34.51064918,-0.166177513,2230,320,"Charcoal","Kenya","Wanyika",759,742
"GX-1152","Randhore RS",34.50055687,-0.176934904,1310,95,"Charcoal","Kenya","Wanyika",760,809
"GX-1100","Rangong RS",34.508346,-0.181970276,2315,185,"Charcoal","Kenya","Wanyika",761,810
"GX-4216","Lake Elmenteita",36.23740609,-0.467829895,1830,130,"Bone/tooth apatite","Kenya","Wanyika",762,412
"PSUAMS-4788","Gil Gil",36.31156853,-0.500463931,1170,15,"Bone/tooth collagen","Kenya","Wanyika",763,234
"Hela-1751","GuJe 20-Oldorotua",34.9674113,-1.287931344,790,25,"Eggshell","Kenya","Wanyika",764,252
"Hela-1752","GuJe 66-Oldorotua",34.9674113,-1.287931344,875,25,"Eggshell","Kenya","Wanyika",765,253
"GX-8535G","New Mara Bridge",34.9674113,-1.287931344,1390,150,"Bone/tooth collagen","Kenya","Wanyika",766,701
"GX-8535A","New Mara Bridge",34.9674113,-1.287931344,1315,145,"Bone/tooth apatite","Kenya","Wanyika",767,701
"W-749","Kibwezi",37.965529,-2.410343,480,200,"Charcoal","Kenya","Wanyika",768,345
"OxA-31534","Songo Mnara",39.551911,-9.0390678,498,25,"Bone/tooth collagen","Tanzania","Wanyika",769,868
"Wk-41390","Songo Mnara",39.551911,-9.0390678,582,20,"Bone/tooth collagen","Tanzania","Wanyika",770,868
"MAMS-17415","Kimu",38.57,-5.25,942,28,"Charcoal","Tanzania","Wanyika",771,350
"MAMS-17416","Kimu",38.57,-5.25,963,28,"Charcoal","Tanzania","Wanyika",772,350
"Poz-90173","Kimu",38.57,-5.25,1025,30,"Bone/tooth collagen","Tanzania","Wanyika",773,350
"N-349","Amboni Cave",39.0469212,-5.0734955,1590,130,"Charcoal","Tanzania","Wanyika",774,21
"Pta-8207","Bandarikuu",39.76667,-5.05,1225,20,"Charcoal","Tanzania","Wanyika",775,67
"Ua-2089","Changwehela",38.34,-6.32,870,50,"Charcoal","Tanzania","Wanyika",776,141
"Ua-2090","Changwehela",38.34,-6.32,650,60,"Charcoal","Tanzania","Wanyika",777,141
"GrA-18070","Chwaka",39.7905089,-4.9604536,1000,30,"Charcoal","Tanzania","Wanyika",778,155
"
Pta-8421","Chwaka",39.7905089,-4.9604536,750,40,"Charcoal","Tanzania","Wanyika",779,155
"GrA-18069","Chwaka",39.7905089,-4.9604536,750,30,"Charcoal","Tanzania","Wanyika",780,155
"Beta-202826","Chwaka",39.7905089,-4.9604536,890,40,"Non-charcoal plant part","Tanzania","Wanyika",781,155
"T-10312","Dakawa",37.35,-6.25,1320,70,"Charcoal","Tanzania","Wanyika",782,163
"T-10313","Dakawa",37.35,-6.25,1250,80,"Charcoal","Tanzania","Wanyika",783,163
"T-10314","Dakawa",37.35,-6.25,1260,80,"Charcoal","Tanzania","Wanyika",784,163
"Beta-56411","Dakawa",37.35,-6.25,1300,70,"Charcoal","Tanzania","Wanyika",785,163
"Beta-56412","Dakawa",37.35,-6.25,1270,80,"Charcoal","Tanzania","Wanyika",786,163
"Beta-72161","Dakawa",37.35,-6.25,1280,50,"Charcoal","Tanzania","Wanyika",787,163
"Beta-56650","Dakawa",37.35,-6.25,1130,70,"Bone/tooth collagen","Tanzania","Wanyika",788,163
"Beta-56651","Dakawa",37.35,-6.25,840,70,"Bone/tooth collagen","Tanzania","Wanyika",789,163
"Pta-8217","Gombe",39.76667,-5.05,1060,70,"Charcoal","Tanzania","Wanyika",790,245
"Pta-8219","Kaliwa",39.76667,-5.05,540,50,"Charcoal","Tanzania","Wanyika",791,305
"Ua-2093","Kaole",38.57,-6.29,1130,60,"Charcoal","Tanzania","Wanyika",792,323
"Ua-2092","Kaole",38.57,-6.29,1270,60,"Charcoal","Tanzania","Wanyika",793,323
"Ua-2094","Kaole",38.57,-6.29,720,60,"Charcoal","Tanzania","Wanyika",794,323
"Beta-24622","Mkiu KI/MA6",39.31394654,-7.402751707,1050,50,"Charcoal","Tanzania","Wanyika",795,593
"Ua-11774","Mkukutu-Kibiti",38.9364704,-7.7214333,1670,60,"Charcoal","Tanzania","Wanyika",796,594
"Ua-11775","Mkukutu-Kibiti",38.9364704,-7.7214333,1635,70,"Charcoal","Tanzania","Wanyika",797,594
"Ua-11776","Mkukutu-Kibiti",38.9364704,-7.7214333,1635,70,"Charcoal","Tanzania","Wanyika",798,594
"SR-76","Kilwa Kisiwani",39.27221864,-8.604049239,890,100,"Charcoal","Tanzania","Wanyika",799,348
"SR-77","Kilwa Kisiwani",39.27221864,-8.604049239,1320,110,"Charcoal","Tanzania","Wanyika",800,348
"SR-78","Kilwa Kisiwani",39.27221864,-8.604049239,1020,100,"Charcoal","Tanzania","Wanyika",801,348
"GX-0398","Kilwa Kisiwani",39.27221864,-8.604049239,1825,110,"Charcoal","Tanzania","Wanyika",802,348
"AAR-28092","Kilwa Kisiwani",39.27221864,-8.604049239,447,25,"Bone/tooth collagen","Tanzania","Wanyika",803,348
"AAR-28098","Kilwa Kisiwani",39.27221864,-8.604049239,686,25,"Charcoal","Tanzania","Wanyika",804,348
"AAR-28099","Kilwa Kisiwani",39.27221864,-8.604049239,1072,27,"Bone/tooth collagen","Tanzania","Wanyika",805,348
"AAR-28101","Kilwa Kisiwani",39.27221864,-8.604049239,964,25,"Charred wood","Tanzania","Wanyika",806,348
"AAR-28102","Kilwa Kisiwani",39.27221864,-8.604049239,970,27,"Charred wood","Tanzania","Wanyika",807,348
"AAR-28107","Kilwa Kisiwani",39.27221864,-8.604049239,949,24,"Charcoal","Tanzania","Wanyika",808,348
"AAR-28111","Kilwa Kisiwani",39.27221864,-8.604049239,1084,28,"Charcoal","Tanzania","Wanyika",809,348
"AAR-28114","Kilwa Kisiwani",39.27221864,-8.604049239,1014,26,"Charcoal","Tanzania","Wanyika",810,348
"AAR-28119","Kilwa Kisiwani",39.27221864,-8.604049239,1110,22,"Charcoal","Tanzania","Wanyika",811,348
"AAR-28120","Kilwa Kisiwani",39.27221864,-8.604049239,1151,26,"Bone/tooth collagen","Tanzania","Wanyika",812,348
"AAR-28124","Kilwa Kisiwani",39.27221864,-8.604049239,1142,25,"Charcoal","Tanzania","Wanyika",813,348
"AAR-28125","Kilwa Kisiwani",39.27221864,-8.604049239,1235,27,"Bone/tooth collagen","Tanzania","Wanyika",814,348
"AAR-30393","Kilwa Kisiwani",39.27221864,-8.604049239,1134,23,"Charcoal","Tanzania","Wanyika",815,348
"AAR-30396","Kilwa Kisiwani",39.27221864,-8.604049239,1121,22,"Charcoal","Tanzania","Wanyika",816,348
"AAR-30398","Kilwa Kisiwani",39.27221864,-8.604049239,1096,28,"Bone/tooth collagen","Tanzania","Wanyika",817,348
"AAR-30400","Kilwa Kisiwani",39.27221864,-8.604049239,965,22,"Charcoal","Tanzania","Wanyika",818,348
"AAR-30402","Kilwa Kisiwani",39.27221864,-8.604049239,1078,24,"Charcoal","Tanzania","Wanyika",819,348
"AAR-30404","Kilwa Kisiwani",39.27221864,-8.604049239,693,28,"Bone/tooth collagen","Tanzania","Wanyika",820,348
"AAR-30406","Kilwa Kisiwani",39.27221864,-8.604049239,782,26,"Bone/tooth collagen","Tanzania","Wanyika",821,348
"AAR-30408","Kilwa Kisiwani",39.27221864,-8.604049239,398,26,"Bone/tooth collagen","Tanzania","Wanyika",822,348
"AAR-30409","Kilwa Kisiwani",39.27221864,-8.604049239,449,26,"Bone/tooth collagen","Tanzania","Wanyika",823,348
"Pta-8215","Kimimba",39.76667,-5.05,1885,30,"Charcoal","Tanzania","Wanyika",824,349
"Beta-244241","Kimimba",39.76667,-5.05,1300,40,"Charcoal","Tanzania","Wanyika",825,349
"GrA-19669","Kinunda Cave",39.77539,-8.00986,1330,60,"Charcoal","Tanzania","Wanyika",826,358
"GrA-19668","Kinunda Cave",39.77539,-8.00986,490,60,"Charcoal","Tanzania","Wanyika",827,358
"Ua-10932","Kivinja",39.2001488,-7.5885442,1515,65,"Charcoal","Tanzania","Wanyika",828,369
"Ua-10931","Kivinja",39.2001488,-7.5885442,1395,70,"Charcoal","Tanzania","Wanyika",829,369
"Ua-10933","Kivinja",39.2001488,-7.5885442,1110,65,"Charcoal","Tanzania","Wanyika",830,369
"Ua-2598","Kiwangwa",38.34,-6.23,1405,55,"Charcoal","Tanzania","Wanyika",831,370
"Ua-2599","Kiwangwa",38.34,-6.23,1275,45,"Charcoal","Tanzania","Wanyika",832,370
"Ua-2097","Kiwangwa",38.34,-6.23,1440,60,"Charcoal","Tanzania","Wanyika",833,370
"Ua-2098","Kiwangwa",38.34,-6.23,1250,60,"Charcoal","Tanzania","Wanyika",834,370
"Ua-10287","Kwale Island",39.50036734,-7.289439124,1555,55,"Charcoal","Tanzania","Wanyika",835,399
"Ua-10286","Kwale Island",39.50036734,-7.289439124,1710,60,"Charcoal","Tanzania","Wanyika",836,399
"Ua-10285","Kwale Island",39.50036734,-7.289439124,710,65,"Charcoal","Tanzania","Wanyika",837,399
"Beta-24626","Limbo",39.08,-7.47,1970,60,"Charcoal","Tanzania","Wanyika",838,448
"Beta-24624","Limbo",39.08,-7.47,1980,90,"Charcoal","Tanzania","Wanyika",839,448
"Beta-24623","Limbo",39.08,-7.47,1700,60,"Charcoal","Tanzania","Wanyika",840,448
"Beta-24625","Limbo",39.08,-7.47,1610,60,"Charcoal","Tanzania","Wanyika",841,448
"Ua-2095","Masuguru",38.28,-6.22,1290,60,"Charcoal","Tanzania","Wanyika",842,532
"Ua-2096","Masuguru",38.28,-6.22,1430,60,"Charcoal","Tanzania","Wanyika",843,532
"Pta-8221","Mduuni",39.68333,-4.98333,790,30,"Charcoal","Tanzania","Wanyika",844,558
"Ua-2593","Misasa",39.1973314,-7.4874062,1975,50,"Charcoal","Tanzania","Wanyika",845,587
"Ua-2594","Misasa",39.12,-7.28,1725,45,"Charcoal","Tanzania","Wanyika",846,587
"Ua-2595","Misasa",39.12,-7.28,1295,55,"Charcoal","Tanzania","Wanyika",847,587
"Ua-2597","Misasa",39.12,-7.28,1485,50,"Charcoal","Tanzania","Wanyika",848,587
"Beta-24619","Misasa",39.12,-7.28,2470,70,"Charcoal","Tanzania","Wanyika",849,587
"Beta-24621","Misasa",39.12,-7.28,1960,60,"Charcoal","Tanzania","Wanyika",850,587
"Ua-12714","Mlongo",39.6369284,-7.9474351,1740,60,"Charcoal","Tanzania","Wanyika",851,595
"Ua-2592","Mpiji",38.9383301,-6.8669617,1340,60,"Charcoal","Tanzania","Wanyika",852,628
"Ua-2087","Mpiji",38.9383301,-6.8669617,1420,60,"Charcoal","Tanzania","Wanyika",853,628
"Ua-2088","Mpiji",38.9383301,-6.8669617,1390,80,"Charcoal","Tanzania","Wanyika",854,628
"Beta-202827","Tumbe",39.7873145,-4.950112,1370,40,"Non-charcoal plant part","Tanzania","Wanyika",855,909
"Beta-191691","Tumbe",39.7873145,-4.950112,1310,30,"Charcoal","Tanzania","Wanyika",856,909
"Beta-191689","Tumbe",39.7873145,-4.950112,1280,40,"Charcoal","Tanzania","Wanyika",857,909
"Beta-202825","Tumbe",39.7873145,-4.950112,1180,40,"Non-charcoal plant part","Tanzania","Wanyika",858,909
"Beta-244243","Tumbe",39.7873145,-4.950112,1150,40,"Charcoal","Tanzania","Wanyika",859,909
"Beta-244244","Tumbe",39.7873145,-4.950112,1160,40,"Charcoal","Tanzania","Wanyika",860,909
"Beta-244246","Tumbe",39.7873145,-4.950112,1300,40,"Charcoal","Tanzania","Wanyika",861,909
"NZA-33897","Kua",39.78041,-7.85378,531,25,"Charcoal","Tanzania","Wanyika",862,389
"NZA-33898","Kua",39.78041,-7.85378,470,25,"Charcoal","Tanzania","Wanyika",863,389
"NZA-33899","Kua",39.78041,-7.85378,263,30,"Charcoal","Tanzania","Wanyika",864,389
"Beta-17046","Nkese",38.4330185,-4.7639404,1780,70,"Charcoal","Tanzania","Wanyika",865,722
"Beta-17047","Nkese",38.4330185,-4.7639404,2020,100,"Charcoal","Tanzania","Wanyika",866,722
"SMU-1818","Nkese",38.4330185,-4.7639404,1800,30,"Charcoal","Tanzania","Wanyika",867,722
"Ua-33159","Mikindani Bay",40.1133559,-10.2801698,2195,35,"Charcoal","Tanzania","Wanyika",868,571
"Ua-33161","Pemba Village",40.1133559,-10.2801698,1560,35,"Charcoal","Tanzania","Wanyika",869,797
"Ua-33162","Pemba Village",40.1133559,-10.2801698,1480,35,"Charcoal","Tanzania","Wanyika",870,797
"Ua-33160","Mikindani Region",40.1133559,-10.2801698,1070,35,"Charcoal","Tanzania","Wanyika",871,572
"Beta-206288","Kwa Mgogo",37.6702056,-3.6730945,1220,40,"Charcoal","Tanzania","Wanyika",872,394
"Beta-260836","Kwa Mgogo",37.6702056,-3.6730945,1060,50,"Charcoal","Tanzania","Wanyika",873,394
"N-257","Gonja Maore",37.6702056,-3.6730945,1080,115,"Charcoal","Tanzania","Wanyika",874,247
"Beta-206289","Gonja Maore",37.6702056,-3.6730945,380,40,"Charcoal","Tanzania","Wanyika",875,247
"Beta-260835","Jiko Chongweni Hill",37.6702056,-3.6730945,880,50,"Charcoal","Tanzania","Wanyika",876,291
"N-347","Bombo Kaburi",37.6702056,-3.6730945,1730,115,"Charcoal","Tanzania","Wanyika",877,113
"Ua-38473","Makangale",39.688707,-4.901505,1287,30,"Charcoal","Tanzania","Wanyika",878,494
"Ua-38474","Makangale",39.688707,-4.901505,1253,30,"Charcoal","Tanzania","Wanyika",879,494
"Ua-38475","Makangale",39.688707,-4.901505,1188,30,"Terrestrial snail shell","Tanzania","Wanyika",880,494
"Ua-38477","Makangale",39.688707,-4.901505,1419,31,"Terrestrial snail shell","Tanzania","Wanyika",881,494
"Wk-41877","Makangale",39.688707,-4.901505,994,20,"Bone/tooth collagen","Tanzania","Wanyika",882,494
"Wk-41875","Makangale",39.688707,-4.901505,998,20,"Bone/tooth collagen","Tanzania","Wanyika",883,494
"Wk-41876","Makangale",39.688707,-4.901505,1271,20,"Bone/tooth collagen","Tanzania","Wanyika",884,494
"Wk-41878","Makangale",39.688707,-4.901505,1281,20,"Bone/tooth collagen","Tanzania","Wanyika",885,494
"Wk-41874","Makangale",39.688707,-4.901505,1075,20,"Bone/tooth collagen","Tanzania","Wanyika",886,494
"Wk-43308","Makangale",39.688707,-4.901505,623,20,"Bone/tooth collagen","Tanzania","Wanyika",887,494
"Beta-434912","Makangale",39.688707,-4.901505,1520,30,"Bone/tooth collagen","Tanzania","Wanyika",888,494
"OxA-31426","Fukuchani",39.2899891,-5.8228708,1325,23,"Bone/tooth collagen","Tanzania","Wanyika",889,220
"OxA-31037","Fukuchani",39.2899891,-5.8228708,1269,30,"Charcoal","Tanzania","Wanyika",890,220
"OxA-31038","Fukuchani",39.2899891,-5.8228708,1428,30,"Charcoal","Tanzania","Wanyika",891,220
"Ua-5197","Unguja Ukuu",39.373888,-6.3146712,1210,150,"Bone/tooth?","Tanzania","Wanyika",892,913
"Ua-5200","Unguja Ukuu",39.373888,-6.3146712,1380,110,"Charcoal","Tanzania","Wanyika",893,913
"Ua-5201","Unguja Ukuu",39.373888,-6.3146712,950,100,"Charcoal","Tanzania","Wanyika",894,913
"Ua-5202","Unguja Ukuu",39.373888,-6.3146712,1670,100,"Charcoal","Tanzania","Wanyika",895,913
"Ua-5203","Unguja Ukuu",39.373888,-6.3146712,1520,110,"Charcoal","Tanzania","Wanyika",896,913
"Ua-5204","Unguja Ukuu",39.373888,-6.3146712,1290,100,"Charcoal","Tanzania","Wanyika",897,913
"Ua-5205","Unguja Ukuu",39.373888,-6.3146712,1200,100,"Charcoal","Tanzania","Wanyika",898,913
"Ua-5206","Unguja Ukuu",39.373888,-6.3146712,1350,100,"Charcoal","Tanzania","Wanyika",899,913
"Ua-5207","Unguja Ukuu",39.373888,-6.3146712,1300,60,"Charcoal","Tanzania","Wanyika",900,913
"Ua-5208","Unguja Ukuu",39.373888,-6.3146712,1460,60,"Charcoal","Tanzania","Wanyika",901,913
"OxA-29286","Unguja Ukuu",39.373888,-6.3146712,1066,23,"Non-charcoal plant part","Tanzania","Wanyika",902,913
"OxA-27517","Unguja Ukuu",39.373888,-6.3146712,1178,25,"Non-charcoal plant part","Tanzania","Wanyika",903,913
"OxA-X-2554-12","Unguja Ukuu",39.373888,-6.3146712,1266,35,"Non-charcoal plant part","Tanzania","Wanyika",904,913
"OxA-27541","Unguja Ukuu",39.373888,-6.3146712,1310,31,"Non-charcoal plant part","Tanzania","Wanyika",905,913
"OxA-X-2507-17","Unguja Ukuu",39.373888,-6.3146712,1403,28,"Non-charcoal plant part","Tanzania","Wanyika",906,913
"OxA-29287","Unguja Ukuu",39.373888,-6.3146712,1318,23,"Non-charcoal plant part","Tanzania","Wanyika",907,913
"OxA-27660","Unguja Ukuu",39.373888,-6.3146712,1305,28,"Non-charcoal plant part","Tanzania","Wanyika",908,913
"OxA-27516","Unguja Ukuu",39.373888,-6.3146712,1372,25,"Non-charcoal plant part","Tanzania","Wanyika",909,913
"OxA-28657","Unguja Ukuu",39.373888,-6.3146712,1390,25,"Non-charcoal plant part","Tanzania","Wanyika",910,913
"OxA-29277","Unguja Ukuu",39.373888,-6.3146712,1342,24,"Non-charcoal plant part","Tanzania","Wanyika",911,913
"OxA-27515","Unguja Ukuu",39.373888,-6.3146712,1280,26,"Non-charcoal plant part","Tanzania","Wanyika",912,913
"OxA-28656","Unguja Ukuu",39.373888,-6.3146712,1367,26,"Non-charcoal plant part","Tanzania","Wanyika",913,913
"OxA-27520","Unguja Ukuu",39.373888,-6.3146712,1151,26,"Non-charcoal plant part","Tanzania","Wanyika",914,913
"OxA-27518","Unguja Ukuu",39.373888,-6.3146712,1244,27,"Non-charcoal plant part","Tanzania","Wanyika",915,913
"OxA-27519","Unguja Ukuu",39.373888,-6.3146712,1287,25,"Non-charcoal plant part","Tanzania","Wanyika",916,913
"OxA-27698","Unguja Ukuu",39.373888,-6.3146712,1226,25,"Non-charcoal plant part","Tanzania","Wanyika",917,913
"OxA-29278","Unguja Ukuu",39.373888,-6.3146712,1317,24,"Non-charcoal plant part","Tanzania","Wanyika",918,913
"OxA-28189","Unguja Ukuu",39.373888,-6.3146712,1265,23,"Non-charcoal plant part","Tanzania","Wanyika",919,913
"OxA-29279","Unguja Ukuu",39.373888,-6.3146712,1232,26,"Non-charcoal plant part","Tanzania","Wanyika",920,913
"OxA-29288","Unguja Ukuu",39.373888,-6.3146712,1305,24,"Non-charcoal plant part","Tanzania","Wanyika",921,913
"OxA-28658","Unguja Ukuu",39.373888,-6.3146712,1314,26,"Non-charcoal plant part","Tanzania","Wanyika",922,913
"OxA-27595","Unguja Ukuu",39.373888,-6.3146712,1245,22,"Non-charcoal plant part","Tanzania","Wanyika",923,913
"OxA-29310","Unguja Ukuu",39.373888,-6.3146712,1282,24,"Carbonised residue","Tanzania","Wanyika",924,913
"OxA-29311","Unguja Ukuu",39.373888,-6.3146712,1301,24,"Carbonised residue","Tanzania","Wanyika",925,913
"OxA-30955","Unguja Ukuu",39.373888,-6.3146712,1265,45,"Non-charcoal plant part","Tanzania","Wanyika",926,913
"Wk-41261","Unguja Ukuu",39.373888,-6.3146712,1611,20,"Bone/tooth collagen","Tanzania","Wanyika",927,913
"Wk-41871","Unguja Ukuu",39.373888,-6.3146712,1482,20,"Bone/tooth collagen","Tanzania","Wanyika",928,913
"Wk-41873","Unguja Ukuu",39.373888,-6.3146712,1413,20,"Bone/tooth collagen","Tanzania","Wanyika",929,913
"Ua-5198","Unguja Ukuu",39.373888,-6.3146712,350,100,"Bone/tooth?","Tanzania","Wanyika",930,913
"Ua-5199","Unguja Ukuu",39.373888,-6.3146712,400,100,"Charcoal","Tanzania","Wanyika",931,913
"AAR-29061","Unguja Ukuu",39.373888,-6.3146712,1610,26,"Charcoal","Tanzania","Wanyika",932,913
"AAR-29063","Unguja Ukuu",39.373888,-6.3146712,2084,26,"Marine Shell","Tanzania","Wanyika",933,913
"AAR-29064","Unguja Ukuu",39.373888,-6.3146712,2056,32,"Marine Shell","Tanzania","Wanyika",934,913
"AAR-28407","Unguja Ukuu",39.373888,-6.3146712,1233,26,"Charcoal","Tanzania","Wanyika",935,913
"AAR-29065","Unguja Ukuu",39.373888,-6.3146712,1925,26,"Marine Shell","Tanzania","Wanyika",936,913
"AAR-29066","Unguja Ukuu",39.373888,-6.3146712,1799,25,"Marine Shell","Tanzania","Wanyika",937,913
"AAR-29067","Unguja Ukuu",39.373888,-6.3146712,1659,27,"Charcoal","Tanzania","Wanyika",938,913
"AAR-28408","Unguja Ukuu",39.373888,-6.3146712,1245,33,"Charcoal","Tanzania","Wanyika",939,913
"AAR-29059","Unguja Ukuu",39.373888,-6.3146712,1240,22,"Charcoal","Tanzania","Wanyika",940,913
"AAR-29062","Unguja Ukuu",39.373888,-6.3146712,1616,22,"Charcoal","Tanzania","Wanyika",941,913
"AAR-28404","Unguja Ukuu",39.373888,-6.3146712,1283,27,"Charcoal","Tanzania","Wanyika",942,913
"AAR-28409","Unguja Ukuu",39.373888,-6.3146712,1257,36,"Charcoal","Tanzania","Wanyika",943,913
"Ua-24751","Kuumbi Cave",39.560736,-6.35605,1980,45,"Charcoal","Tanzania","Wanyika",944,393
"Ua-24920","Kuumbi Cave",39.560736,-6.35605,1815,40,"Charcoal","Tanzania","Wanyika",945,393
"GrA-37807","Kuumbi Cave",39.560736,-6.35605,1535,30,"Charcoal","Tanzania","Wanyika",946,393
"Ua-35922","Kuumbi Cave",39.560736,-6.35605,1525,40,"Charcoal","Tanzania","Wanyika",947,393
"GrA-37809","Kuumbi Cave",39.560736,-6.35605,1590,30,"Charcoal","Tanzania","Wanyika",948,393
"GrA-37817","Kuumbi Cave",39.560736,-6.35605,2110,30,"Charcoal","Tanzania","Wanyika",949,393
"Ua-35925","Kuumbi Cave",39.560736,-6.35605,1245,55,"Charcoal","Tanzania","Wanyika",950,393
"Wk-40961","Kuumbi Cave",39.560736,-6.35605,1899,20,"Charcoal","Tanzania","Wanyika",951,393
"X-6696P","Kuumbi Cave",39.560736,-6.35605,590,50,"Ceramics","Tanzania","Wanyika",952,393
"Wk-40964","Kuumbi Cave",39.560736,-6.35605,1622,21,"Charcoal","Tanzania","Wanyika",953,393
"X-6697P","Kuumbi Cave",39.560736,-6.35605,1360,125,"Ceramics","Tanzania","Wanyika",954,393
"X-6698P","Kuumbi Cave",39.560736,-6.35605,685,85,"Ceramics","Tanzania","Wanyika",955,393
"X-6699P","Kuumbi Cave",39.560736,-6.35605,960,80,"Ceramics","Tanzania","Wanyika",956,393
"OxA-31427","Kuumbi Cave",39.560736,-6.35605,1479,23,"Bone/tooth collagen","Tanzania","Wanyika",957,393
"Wk-40967","Juani Primary School",39.7805939,-7.9961507,1153,25,"Non-charcoal plant part","Tanzania","Wanyika",958,292
"Wk-40966","Juani Primary School",39.7805939,-7.9961507,1612,21,"Non-charcoal plant part","Tanzania","Wanyika",959,292
"Wk-40965","Juani Primary School",39.7805939,-7.9961507,1604,20,"Non-charcoal plant part","Tanzania","Wanyika",960,292
"Wk-40939","Juani Primary School",39.7805939,-7.9961507,1173,20,"Non-charcoal plant part","Tanzania","Wanyika",961,292
"Wk-40938","Juani Primary School",39.7805939,-7.9961507,1184,21,"Non-charcoal plant part","Tanzania","Wanyika",962,292
"Wk-40937","Juani Primary School",39.7805939,-7.9961507,1181,20,"Non-charcoal plant part","Tanzania","Wanyika",963,292
"Wk-40968","Juani Primary School",39.7805939,-7.9961507,1646,23,"Non-charcoal plant part","Tanzania","Wanyika",964,292
"Wk-40970","Juani Primary School",39.7805939,-7.9961507,1002,21,"Non-charcoal plant part","Tanzania","Wanyika",965,292
"Wk-40969","Juani Primary School",39.7805939,-7.9961507,930,24,"Non-charcoal plant part","Tanzania","Wanyika",966,292
"Beta-63010","Kirando 11",30.58168661,-6.965653924,595,55,"Charcoal","Tanzania","Wanyika",967,359
"Beta-71390","Kirando 58",30.58011349,-6.975281522,1040,80,"Charcoal","Tanzania","Wanyika",968,360
"Beta-41839","Mbinga 4",34.9894625,-10.9401868,1235,55,"Charcoal","Tanzania","Wanyika",969,554
"Beta-41840","Mbinga 4",34.9894625,-10.9401868,1090,110,"Charcoal","Tanzania","Wanyika",970,554
"Beta-41841","Ludewa 15",34.6843866,-10.1018486,1180,90,"Charcoal","Tanzania","Wanyika",971,468
"GX-5690","Serengeti",34.7425437,-1.9966259,755,135,"Charcoal","Tanzania","Wanyika",972,848
"GX-5687","Serengeti",34.7425437,-1.9966259,260,100,"Charcoal","Tanzania","Wanyika",973,848
"N-1068","Seronera",34.8150553,-2.3792194,265,100,"Charcoal","Tanzania","Wanyika",974,849
"N-1158","Seronera",34.8150553,-2.3792194,280,95,"Charcoal","Tanzania","Wanyika",975,849
"AA-69910","Mumba RS",35.71142,-2.18718,302,38,"Charcoal","Tanzania","Wanyika",976,639
"OS-61330","Mumba RS",35.71142,-2.18718,345,30,"Charcoal","Tanzania","Wanyika",977,639
"OS-63027","Mumba RS",35.71142,-2.18718,1710,25,"Charcoal","Tanzania","Wanyika",978,639
"Beta-176184","Baura 1",35.88063696,-4.859062457,460,40,"Charcoal","Tanzania","Wanyika",979,75
"OS-57738","Gileodabeshta 2",35.24492236,-3.622813573,310,30,"Charcoal","Tanzania","Wanyika",980,235
"GX-10619","Gol Kopjes",35.01453221,-2.744002071,280,120,"Charcoal","Tanzania","Wanyika",981,244
"Hela-1008","Engaruka",35.9809217,-2.9928046,1015,30,"Charcoal","Tanzania","Wanyika",982,200
"Hela-1009","Engaruka",35.9809217,-2.9928046,1085,30,"Charcoal","Tanzania","Wanyika",983,200
"GX-0247","Engaruka",35.9809217,-2.9928046,490,90,"Charcoal","Tanzania","Wanyika",984,200
"GX-347","Engaruka",35.9809217,-2.9928046,1230,120,"Charcoal","Tanzania","Wanyika",985,200
"GX-348","Engaruka",35.9809217,-2.9928046,1620,90,"Charcoal","Tanzania","Wanyika",986,200
"HAR-5476","Engaruka",35.9809217,-2.9928046,280,90,"Charcoal","Tanzania","Wanyika",987,200
"UCLA-1615A","Engaruka",35.9809217,-2.9928046,320,60,"Charcoal","Tanzania","Wanyika",988,200
"UCLA-1615C","Engaruka",35.9809217,-2.9928046,250,60,"Charcoal","Tanzania","Wanyika",989,200
"M-1892","Engaruka",35.9809217,-2.9928046,470,110,"Charcoal","Tanzania","Wanyika",990,200
"M-1893","Engaruka",35.9809217,-2.9928046,300,100,"Charcoal","Tanzania","Wanyika",991,200
"Hela-715","Engaruka",35.9809217,-2.9928046,415,50,"Charcoal","Tanzania","Wanyika",992,200
"Hela-717","Engaruka",35.9809217,-2.9928046,315,40,"Charcoal","Tanzania","Wanyika",993,200
"Hela-722","Engaruka",35.9809217,-2.9928046,365,40,"Charcoal","Tanzania","Wanyika",994,200
"Hela-1010","Engaruka",35.9809217,-2.9928046,450,30,"Charcoal","Tanzania","Wanyika",995,200
"Beta-2245","Kemondo 2",31.7452427,-1.4724058,1590,60,"Charcoal","Tanzania","Wanyika",996,339
"RL-1010","Kemondo 2",31.7452427,-1.4724058,1820,110,"Charcoal","Tanzania","Wanyika",997,339
"Beta-10490","Kemondo 2",31.7452427,-1.4724058,1450,60,"Charcoal","Tanzania","Wanyika",998,339
"RL-1011","Kemondo 2",31.7452427,-1.4724058,1870,120,"Charcoal","Tanzania","Wanyika",999,339
"SMU-1436","Kemondo 2",31.7452427,-1.4724058,1826,42,"Charcoal","Tanzania","Wanyika",1000,339
"Beta-10491","Kemondo 2",31.7452427,-1.4724058,1860,50,"Charcoal","Tanzania","Wanyika",1001,339
"RL-1012","Kemondo 2",31.7452427,-1.4724058,1930,120,"Charcoal","Tanzania","Wanyika",1002,339
"RL-1013","Kemondo 2",31.7452427,-1.4724058,2120,120,"Charcoal","Tanzania","Wanyika",1003,339
"Beta-10492","Kemondo 2",31.7452427,-1.4724058,1410,60,"Charcoal","Tanzania","Wanyika",1004,339
"Beta-2244","Kemondo 2",31.7452427,-1.4724058,1480,60,"Charcoal","Tanzania","Wanyika",1005,339
"Beta-2247","Kemondo 2",31.7452427,-1.4724058,1620,60,"Charcoal","Tanzania","Wanyika",1006,339
"RL-1014","Kemondo 2",31.7452427,-1.4724058,1440,110,"Charcoal","Tanzania","Wanyika",1007,339
"Beta-2246","Kemondo 2",31.7452427,-1.4724058,1580,60,"Charcoal","Tanzania","Wanyika",1008,339
"RL-1015","Kemondo 2",31.7452427,-1.4724058,1670,120,"Charcoal","Tanzania","Wanyika",1009,339
"Beta-2243","Kemondo 3",31.7452427,-1.4724058,1660,70,"Charcoal","Tanzania","Wanyika",1010,340
"SMU-1433","Kemondo 3",31.7452427,-1.4724058,1717,37,"Charcoal","Tanzania","Wanyika",1011,340
"Beta-2241","Kemondo 3",31.7452427,-1.4724058,1560,80,"Charcoal","Tanzania","Wanyika",1012,340
"Beta-2242","Kemondo 3",31.7452427,-1.4724058,1620,70,"Charcoal","Tanzania","Wanyika",1013,340
"Beta-2239","Kemondo 3",31.7452427,-1.4724058,1830,100,"Charcoal","Tanzania","Wanyika",1014,340
"Beta-10493","Kemondo 3",31.7452427,-1.4724058,2520,100,"Charcoal","Tanzania","Wanyika",1015,340
"RL-1260","Kemondo 3",31.7452427,-1.4724058,1920,120,"Charcoal","Tanzania","Wanyika",1016,340
"Beta-2240","Kemondo 3",31.7452427,-1.4724058,1500,60,"Charcoal","Tanzania","Wanyika",1017,340
"SMU-1434","Kemondo 3",31.7452427,-1.4724058,1684,55,"Charcoal","Tanzania","Wanyika",1018,340
"Beta-10494","Kemondo 3",31.7452427,-1.4724058,1740,70,"Charcoal","Tanzania","Wanyika",1019,340
"RL-406","Rugamora Mahe",31.7062301,-1.708761,2470,110,"Charcoal","Tanzania","Wanyika",1020,829
"N-892","Rugamora Mahe",31.7062301,-1.708761,1830,110,"Charcoal","Tanzania","Wanyika",1021,829
"N-898","Rugamora Mahe",31.7062301,-1.708761,1780,150,"Charcoal","Tanzania","Wanyika",1022,829
"RL-405","Rugamora Mahe",31.7062301,-1.708761,2560,100,"Charcoal","Tanzania","Wanyika",1023,829
"N-895","Rugamora Mahe",31.7062301,-1.708761,2500,115,"Charcoal","Tanzania","Wanyika",1024,829
"N-890","Rugamora Mahe",31.7062301,-1.708761,2400,115,"Charcoal","Tanzania","Wanyika",1025,829
"N-891","Rugamora Mahe",31.7062301,-1.708761,1890,115,"Charcoal","Tanzania","Wanyika",1026,829
"N-900","Makongo",31.4591294,-1.566175402,965,100,"Charcoal","Tanzania","Wanyika",1027,497
"N-902","Makongo",31.4591294,-1.566175402,1910,100,"Charcoal","Tanzania","Wanyika",1028,497
"N-901","Makongo",31.4591294,-1.566175402,1040,100,"Charcoal","Tanzania","Wanyika",1029,497
"LTL-5138A","Mwanga A",37.59722,-3.655556,862,40,"Charcoal","Tanzania","Wanyika",1030,659
"LTL-5140A","Mwanga C",37.59722,-3.655556,560,50,"Charcoal","Tanzania","Wanyika",1031,660
"LTL-5139A","Mwanga G",37.59722,-3.655556,366,45,"Charcoal","Tanzania","Wanyika",1032,661
"AA-103978","Mwanga G",37.59722,-3.655556,873,36,"Charcoal","Tanzania","Wanyika",1033,661
"AA-103979","Campi ya Simba",37.7026989,-3.5905256,900,36,"Charcoal","Tanzania","Wanyika",1034,132
"AA-103980","Campi ya Simba",37.7026989,-3.5905256,927,36,"Charcoal","Tanzania","Wanyika",1035,132
"AA-103981","Campi ya Simba",37.7026989,-3.5905256,945,36,"Charcoal","Tanzania","Wanyika",1036,132
"AA-103982","Campi ya Simba",37.7026989,-3.5905256,900,36,"Charcoal","Tanzania","Wanyika",1037,132
"AA-103976","Ngalanga",37.66552778,-3.618472,278,42,"Charcoal","Tanzania","Wanyika",1038,703
"AA-103975","Ngalanga",37.66552778,-3.618472,261,41,"Charcoal","Tanzania","Wanyika",1039,703
"N-883","Mwika",37.34,-3.16,1740,350,"Charcoal","Tanzania","Wanyika",1040,666
"N-884","Old Moshi II",37.23,-3.19,2260,450,"Charcoal","Tanzania","Wanyika",1041,765
"N-885","Matunda",37.17,-3.2,525,200,"Charcoal","Tanzania","Wanyika",1042,540
"N-882","Marangu TTC",37.31,-3.16,745,190,"Charcoal","Tanzania","Wanyika",1043,524
"N-646","Usangi Hospital",37.39,-3.41,1060,135,"Charcoal","Tanzania","Wanyika",1044,918
"N-648","Usangi Hospital",37.39,-3.41,1470,280,"Charcoal","Tanzania","Wanyika",1045,918
"N-348","Bombo",38,-4.16,1060,110,"Charcoal","Tanzania","Wanyika",1046,112
"N-649","Mwanga IIIA",37.36,-3.39,1020,110,"Charcoal","Tanzania","Wanyika",1047,662
"PSUAMS-5651","Gishimangeda Cave",35.348,-3.476,1780,25,"Bone/tooth collagen","Tanzania","Wanyika",1048,237
"Poz-59493","Maurui",38.36339982,-5.149120416,525,30,"Charcoal","Tanzania","Wanyika",1049,543
"Poz-59494","Maurui",38.36339982,-5.149120416,630,30,"Charcoal","Tanzania","Wanyika",1050,543
"N-272","Ivuna",32.24932358,-8.307478406,540,110,"Charcoal","Tanzania","Wanyika",1051,288
"N-273","Ivuna",32.24932358,-8.307478406,590,115,"Charcoal","Tanzania","Wanyika",1052,288
"N-274","Ivuna",32.24932358,-8.307478406,715,110,"Charcoal","Tanzania","Wanyika",1053,288
"N-275","Ivuna",32.24932358,-8.307478406,735,110,"Charcoal","Tanzania","Wanyika",1054,288
"N-462","Pwaga-Uvinza",30.36581079,-5.045403673,765,105,"Charcoal","Tanzania","Wanyika",1055,807
"N-463","Pwaga-Uvinza",30.36581079,-5.045403673,1530,160,"Charcoal","Tanzania","Wanyika",1056,807
"N-464","Nyamsunga-Uvinza",30.22931626,-5.006423175,260,110,"Charcoal","Tanzania","Wanyika",1057,744
"N-465","Nyamsunga-Uvinza",30.22931626,-5.006423175,1360,200,"Charcoal","Tanzania","Wanyika",1058,744
"Ly-3684","Dembeni",45.184816,-12.842508,390,190,"Unreported","Comoros","Wanyika",1059,169
"Ly-3682","Dembeni",45.184816,-12.842508,920,240,"Charcoal","Comoros","Wanyika",1060,169
"OxA-30711","Sima",44.2732653,-12.1981154,1230,24,"Non-charcoal plant part","Comoros","Wanyika",1061,859
"OxA-30710","Sima",44.2732653,-12.1981154,1232,23,"Non-charcoal plant part","Comoros","Wanyika",1062,859
"OxA-30709","Sima",44.2732653,-12.1981154,1163,23,"Non-charcoal plant part","Comoros","Wanyika",1063,859
"OxA-30708","Sima",44.2732653,-12.1981154,1276,24,"Non-charcoal plant part","Comoros","Wanyika",1064,859
"OxA-30712","Sima",44.2732653,-12.1981154,1204,24,"Non-charcoal plant part","Comoros","Wanyika",1065,859
"OxA-30707","Sima",44.2732653,-12.1981154,1242,23,"Non-charcoal plant part","Comoros","Wanyika",1066,859
"OxA-30706","Sima",44.2732653,-12.1981154,1262,23,"Non-charcoal plant part","Comoros","Wanyika",1067,859
"Beta-4666","Sima",44.2732653,-12.1981154,1960,70,"Charcoal","Comoros","Wanyika",1068,859
"SMU-1518","Sima",44.2732653,-12.1981154,525,40,"Charcoal","Comoros","Wanyika",1069,859
"SMU-1521","Domoni",44.528851,-12.2586544,920,50,"Charcoal","Comoros","Wanyika",1070,182
"Dur-TL-50-8(a) AS","Domoni",44.528851,-12.2586544,1210,55,"Ceramics","Comoros","Wanyika",1071,182
"Ly-2687","Bagamoyo",44.44553,-12.23333,820,11,"Bone/tooth?","Comoros","Wanyika",1072,60
"Beta-4665","M'Bachile",43.22778,-11.75472,1440,60,"Charcoal","Comoros","Wanyika",1073,477
"
C-2627/Gif-2627","Koungou",44.44553,-12.23333,1180,60,"Charcoal","Comoros","Wanyika",1074,381
"Ly-4416","Koungou",44.44553,-12.23333,1200,60,"Charcoal","Comoros","Wanyika",1075,381
"C-2790","Koungou",44.44553,-12.23333,1950,70,"Marine shell","Comoros","Wanyika",1076,381
"C-2788","Koungou",44.44553,-12.23333,990,290,"Charcoal","Comoros","Wanyika",1077,381
"C-2786","Koungou",44.44553,-12.23333,1950,90,"Marine shell","Comoros","Wanyika",1078,381
"C-2631","Koungou",44.44553,-12.23333,1820,110,"Marine shell","Comoros","Wanyika",1079,381
"C-2630","Koungou",44.44553,-12.23333,1980,130,"Marine shell","Comoros","Wanyika",1080,381
"Ly-4196","Mwali Mdjini",43.7204313,-12.3204573,1190,140,"Charcoal","Comoros","Wanyika",1081,655
"Beta-366900","Nyamawi",43.37771023,-11.38499594,1120,30,"Charcoal","Comoros","Wanyika",1082,743
"Beta-366901","Nyamawi",43.37771023,-11.38499594,1070,30,"Charcoal","Comoros","Wanyika",1083,743
"Beta-366902","Lakaria",43.30449665,-11.392176,540,30,"Charcoal","Comoros","Wanyika",1084,408
"Ly-522","Vohemar Necropolis",50.00840154,-13.37025127,760,60,"Bone/tooth?","Madagascar","Wanyika",1085,924
"D-AMS-001950","Tony-Velondriake",43.241,-22.081,1179,21,"Charcoal","Madagascar","Wanyika",1086,891
"GaK-3510","Kingany",45.94,-15.785,1050,80,"Charcoal","Madagascar","Wanyika",1087,354
"Ly-12555","Ankarafantsika",46.852,-16.37,605,50,"Ceramics","Madagascar","Wanyika",1088,44
"ETH-83521","Benavony",50.17645857,-14.42207165,1197,21,"Charcoal","Madagascar","Wanyika",1089,84
"ETH-83522","Benavony",50.17645857,-14.42207165,1250,21,"Charcoal","Madagascar","Wanyika",1090,84
"ETH-83523","Benavony",50.17645857,-14.42207165,617,21,"Charcoal","Madagascar","Wanyika",1091,84
"ETH-83524","Benavony",50.17645857,-14.42207165,1200,21,"Charcoal","Madagascar","Wanyika",1092,84
"ETH-83525","Benavony",50.17645857,-14.42207165,701,21,"Charcoal","Madagascar","Wanyika",1093,84
"ETH-83526","Benavony",50.17645857,-14.42207165,697,21,"Charcoal","Madagascar","Wanyika",1094,84
"ETH-83527","Benavony",50.17645857,-14.42207165,970,21,"Charcoal","Madagascar","Wanyika",1095,84
"ETH-83528","Benavony",50.17645857,-14.42207165,1281,21,"Charcoal","Madagascar","Wanyika",1096,84
"ETH-83529","Benavony",50.17645857,-14.42207165,1211,21,"Charcoal","Madagascar","Wanyika",1097,84
"Beta-81218","Benavony",50.172,-14.408,710,110,"Sediment","Madagascar","Wanyika",1098,84
"ETH-83530","Matavy",50.157,-14.303,883,21,"Charcoal","Madagascar","Wanyika",1099,533
"ETH-83531","Matavy",50.157,-14.303,663,21,"Charcoal","Madagascar","Wanyika",1100,533
"ETH-83532","Matavy",50.157,-14.303,821,21,"Charcoal","Madagascar","Wanyika",1101,533
"ETH-83533","Matavy",50.157,-14.303,842,21,"Charcoal","Madagascar","Wanyika",1102,533
"ETH-83534","Matavy",50.157,-14.303,784,21,"Charcoal","Madagascar","Wanyika",1103,533
"OxA-13577","Tra�ovato",46.892,-25.036,794,29,"Charcoal","Madagascar","Wanyika",1104,3
"OxA-13578","Tra�ovato",46.892,-25.036,873,31,"Charcoal","Madagascar","Wanyika",1105,3
"OxA-13580","Ampahijolike",45.551,-24.763,821,29,"Charcoal","Madagascar","Wanyika",1106,23
"OxA-13581","Ampahijolike",45.551,-24.763,603,29,"Charcoal","Madagascar","Wanyika",1107,23
"OxA-13582","Ampahijolike",45.551,-24.763,629,29,"Charcoal","Madagascar","Wanyika",1108,23
"OxA-13583","Ampahijolike",45.551,-24.763,862,30,"Charcoal","Madagascar","Wanyika",1109,23
"OxA-13533","Andaro",45.394,-24.647,1140,27,"Charcoal","Madagascar","Wanyika",1110,31
"OxA-13560","Andaro",45.394,-24.647,1320,190,"Charcoal","Madagascar","Wanyika",1111,31
"OxA-13572","Andaro",45.394,-24.647,929,26,"Charcoal","Madagascar","Wanyika",1112,31
"OxA-13579","Andaro",45.394,-24.647,1042,29,"Charcoal","Madagascar","Wanyika",1113,31
"OxA-13611","Andaro",45.394,-24.647,1060,38,"Charcoal","Madagascar","Wanyika",1114,31
"OxA-13704","Andaro",45.394,-24.647,1190,24,"Charcoal","Madagascar","Wanyika",1115,31
"OxA-13705","Andaro",45.394,-24.647,972,26,"Charcoal","Madagascar","Wanyika",1116,31
"X-1672","Andaro",45.394,-24.647,670,120,"Sediment","Madagascar","Wanyika",1117,31
"X-1675","Andaro",45.394,-24.647,685,85,"Sediment","Madagascar","Wanyika",1118,31
"X-1676","Andaro",45.394,-24.647,530,55,"Sediment","Madagascar","Wanyika",1119,31
"OxA-8120","Bevala",45.227,-25.596,535,30,"Charcoal","Madagascar","Wanyika",1120,88
"OxA-8268","Bevala",45.227,-25.596,1360,35,"Eggshell","Madagascar","Wanyika",1121,88
"OxA-13584","Enijo",44.512,-25.283,654,30,"Charcoal","Madagascar","Wanyika",1122,201
"OxA-5638","Maroaloke",46.2,-25.226,915,45,"Charcoal","Madagascar","Wanyika",1123,525
"OxA-13574","Reampeko II",44.628,-25.3,956,29,"Charcoal","Madagascar","Wanyika",1124,812
"OxA-13575","Reampeko II",44.628,-25.3,902,26,"Charcoal","Madagascar","Wanyika",1125,812
"OxA-8118","Talaky",45.717,-25.45,1080,35,"Charcoal","Madagascar","Wanyika",1126,877
"OxA-8119","Talaky",45.717,-25.45,1025,35,"Charcoal","Madagascar","Wanyika",1127,877
"OxA-8121","Talaky",45.717,-25.45,900,30,"Charcoal","Madagascar","Wanyika",1128,877
"OxA-8135","Talaky",45.717,-25.45,560,25,"Charcoal","Madagascar","Wanyika",1129,877
"OxA-8147","Talaky",45.717,-25.45,915,40,"Charcoal","Madagascar","Wanyika",1130,877
"OxA-8148","Talaky",45.717,-25.45,1035,40,"Charcoal","Madagascar","Wanyika",1131,877
"OxA-8149","Talaky",45.717,-25.45,1010,40,"Charcoal","Madagascar","Wanyika",1132,877
"GaK-276","Talaky",45.717,-25.45,840,80,"Charcoal","Madagascar","Wanyika",1133,877
"OxA-8270","Talaky",45.717,-25.45,1240,35,"Eggshell","Madagascar","Wanyika",1134,877
"OxA-8272","Talaky",45.717,-25.45,1270,40,"Eggshell","Madagascar","Wanyika",1135,877
"OxA-8136","Talaky",45.717,-25.45,530,35,"Charcoal","Madagascar","Wanyika",1136,877
"OxA-13573","Talaky",45.717,-25.45,402,29,"Charcoal","Madagascar","Wanyika",1137,877
"X-1993","Talaky",45.717,-25.45,685,60,"Sediment","Madagascar","Wanyika",1138,877
"CAMS-150524","Anjohibe",46.888,-15.549,360,25,"Bone/tooth collagen","Madagascar","Wanyika",1139,42
"Beta-55060/CAMS-3543","Anjohibe",46.888,-15.549,830,60,"Bone/tooth collagen","Madagascar","Wanyika",1140,42
"UCLA-1893","Andrahomana",46.633,-25.199,1000,150,"Eggshell","Madagascar","Wanyika",1141,35
"PSUAMS-3702","Ambinanaimbe",46.95,-25.067,565,15,"Bone/tooth collagen","Madagascar","Wanyika",1142,14
"PSUAMS-3701","Ambinanaimbe",46.95,-25.067,625,20,"Bone/tooth collagen","Madagascar","Wanyika",1143,14
"PSUAMS-3806","Andavadoaka",43.239,-22.075,850,15,"Bone/tooth collagen","Madagascar","Wanyika",1144,32
"PSUAMS-3766","Andavadoaka",43.239,-22.075,935,20,"Bone/tooth collagen","Madagascar","Wanyika",1145,32
"PSUAMS-3764","Andavadoaka",43.239,-22.075,900,20,"Bone/tooth collagen","Madagascar","Wanyika",1146,32
"PSUAMS-3613","Asambalahy",44.731,-22.323,830,20,"Bone/tooth collagen","Madagascar","Wanyika",1147,56
"PSUAMS-5620","Nosy-Ve",43.825182,-23.559372,900,15,"Bone/tooth collagen","Madagascar","Wanyika",1148,731
"PSUAMS-5622","Nosy-Ve",43.825182,-23.559372,900,15,"Bone/tooth collagen","Madagascar","Wanyika",1149,731
"PSUAMS-5621","Nosy-Ve",43.825182,-23.559372,910,20,"Bone/tooth collagen","Madagascar","Wanyika",1150,731
"PSUAMS-5290","Nosy-Ve",43.825182,-23.559372,1025,20,"Bone/tooth collagen","Madagascar","Wanyika",1151,731
"BM-1399","Nosy-Ve",43.825182,-23.559372,1250,50,"Bone/tooth collagen","Madagascar","Wanyika",1152,731
"PSUAMS-8685","Andranosoa",45.261,-24.821,1150,15,"Bone/tooth collagen","Madagascar","Wanyika",1153,38
"Gif-4570","Andranosoa",45.261,-24.821,730,90,"Charcoal","Madagascar","Wanyika",1154,38
"Gif-4571","Andranosoa",45.261,-24.821,920,90,"Charcoal","Madagascar","Wanyika",1155,38
"Dur-TL-75-4 AS","Andranosoa",45.261,-24.821,950,210,"Ceramics","Madagascar","Wanyika",1156,38
"PSUAMS-8739","Andranosoa",45.261,-24.821,985,15,"Bone/tooth collagen","Madagascar","Wanyika",1157,38
"PSUAMS-8740","Andranosoa",45.261,-24.821,980,15,"Bone/tooth collagen","Madagascar","Wanyika",1158,38
"PSUAMS-8741","Andranosoa",45.261,-24.821,1000,20,"Bone/tooth collagen","Madagascar","Wanyika",1159,38
"PSUAMS-8742","Andranosoa",45.261,-24.821,1000,15,"Bone/tooth collagen","Madagascar","Wanyika",1160,38
"PSUAMS-8743","Andranosoa",45.261,-24.821,980,15,"Bone/tooth collagen","Madagascar","Wanyika",1161,38
"PSUAMS-8744","Andranosoa",45.261,-24.821,970,15,"Bone/tooth collagen","Madagascar","Wanyika",1162,38
"PSUAMS-8684","Andranosoa",45.261,-24.821,1165,25,"Bone/tooth collagen","Madagascar","Wanyika",1163,38
"PSUAMS-8745","Andranosoa",45.261,-24.821,970,15,"Bone/tooth collagen","Madagascar","Wanyika",1164,38
"PSUAMS-8819","Andranosoa",45.261,-24.821,1260,25,"Bone/tooth collagen","Madagascar","Wanyika",1165,38
"PSUAMS-8682","Andranosoa",45.261,-24.821,1270,20,"Bone/tooth collagen","Madagascar","Wanyika",1166,38
"PSUAMS-8683","Andranosoa",45.261,-24.821,1275,20,"Bone/tooth collagen","Madagascar","Wanyika",1167,38
"PSUAMS-7623","Andranosoa",45.261,-24.821,925,20,"Bone/tooth collagen","Madagascar","Wanyika",1168,38
"PSUAMS-7624","Andranosoa",45.261,-24.821,1010,15,"Bone/tooth collagen","Madagascar","Wanyika",1169,38
"PSUAMS-5628","Rezoky",44.579,-22.119,675,15,"Bone/tooth collagen","Madagascar","Wanyika",1170,818
"PSUAMS-5647","Rezoky",44.579,-22.119,720,15,"Bone/tooth collagen","Madagascar","Wanyika",1171,818
"PSUAMS-3693","Rezoky",44.579,-22.119,695,20,"Bone/tooth collagen","Madagascar","Wanyika",1172,818
"PSUAMS-5285","Rezoky",44.579,-22.119,760,15,"Bone/tooth collagen","Madagascar","Wanyika",1173,818
"PSUAMS-5642","Rezoky",44.579,-22.119,495,20,"Bone/tooth collagen","Madagascar","Wanyika",1174,818
"PSUAMS-3695","Rezoky",44.579,-22.119,690,20,"Bone/tooth collagen","Madagascar","Wanyika",1175,818
"PSUAMS-3688","Rezoky",44.579,-22.119,815,20,"Bone/tooth collagen","Madagascar","Wanyika",1176,818
"PSUAMS-3692","Rezoky",44.579,-22.119,820,25,"Bone/tooth collagen","Madagascar","Wanyika",1177,818
"PSUAMS-3614","Rezoky",44.579,-22.119,795,20,"Bone/tooth collagen","Madagascar","Wanyika",1178,818
"PSUAMS-5626","Rezoky",44.579,-22.119,700,20,"Bone/tooth collagen","Madagascar","Wanyika",1179,818
"PSUAMS-5627","Rezoky",44.579,-22.119,680,15,"Bone/tooth collagen","Madagascar","Wanyika",1180,818
"PSUAMS-3694","Rezoky",44.579,-22.119,790,20,"Bone/tooth collagen","Madagascar","Wanyika",1181,818
"Beta-18424","Lakatoni Anja",49.50783656,-12.51753113,1300,80,"Charcoal","Madagascar","Wanyika",1182,410
"ANJA-J-2/3A","Lakatoni Anja",49.50783656,-12.51753113,930,90,"Sediment","Madagascar","Wanyika",1183,410
"Beta-364757","Lakatoni Anja",49.50783656,-12.51753113,920,30,"Charcoal","Madagascar","Wanyika",1184,410
"Beta-364758","Lakatoni Anja",49.50783656,-12.51753113,690,30,"Charcoal","Madagascar","Wanyika",1185,410
"St-12097","Mahilaka",48.317,-13.75,825,70,"Charcoal","Madagascar","Wanyika",1186,491
"Ua-3802","Mahilaka",48.317,-13.75,890,45,"Charcoal","Madagascar","Wanyika",1187,491
"Ua-3804","Mahilaka",48.317,-13.75,910,75,"Charcoal","Madagascar","Wanyika",1188,491
"Ua-3803","Mahilaka",48.317,-13.75,930,90,"Charcoal","Madagascar","Wanyika",1189,491
"Ua-3805","Mahilaka",48.317,-13.75,1030,65,"Charcoal","Madagascar","Wanyika",1190,491
"St-12098","Mahilaka",48.317,-13.75,1120,160,"Charcoal","Madagascar","Wanyika",1191,491
"Ua-3806","Mahilaka",48.317,-13.75,1175,70,"Charcoal","Madagascar","Wanyika",1192,491
"OxA-30386","Mahilaka",48.317,-13.75,879,24,"Non-charcoal plant part","Madagascar","Wanyika",1193,491
"OxA-30557","Mahilaka",48.317,-13.75,1023,26,"Non-charcoal plant part","Madagascar","Wanyika",1194,491
"OxA-30016","Mahilaka",48.317,-13.75,960,24,"Non-charcoal plant part","Madagascar","Wanyika",1195,491
"OxA-29981","Mahilaka",48.317,-13.75,966,24,"Non-charcoal plant part","Madagascar","Wanyika",1196,491
"Beta-251455","Ambohiposa",49.988,-13.375,1110,40,"Charcoal","Madagascar","Wanyika",1197,18
"Beta-251454","Ambohiposa",49.988,-13.375,760,40,"Charcoal","Madagascar","Wanyika",1198,18
"Beta-267774","Ampasimahavelona",50.012,-13.373,1130,40,"Charcoal","Madagascar","Wanyika",1199,26
"Beta-267773","Ampasimahavelona",50.012,-13.373,1180,40,"Charcoal","Madagascar","Wanyika",1200,26
"Beta-428738","Ambohidahy",47.5364898,-18.9338199,560,30,"Carbonised residue","Madagascar","Wanyika",1201,17
"Beta-428739","Ambohidahy",47.5364898,-18.9338199,590,30,"Carbonised residue","Madagascar","Wanyika",1202,17
"Beta-428740","Ambohidahy",47.5364898,-18.9338199,570,30,"Carbonised residue","Madagascar","Wanyika",1203,17
"PRI-5801","Ambohidahy",47.5364898,-18.9338199,553,20,"Carbonised residue","Madagascar","Wanyika",1204,17
"PRI-5802","Ambohidahy",47.5364898,-18.9338199,566,21,"Carbonised residue","Madagascar","Wanyika",1205,17
"Dur-TL-77-4 AS","Ambohidahy",47.5364898,-18.9338199,1100,190,"Ceramics","Madagascar","Wanyika",1206,17
"Beta-428741","Ambohidahy",47.5364898,-18.9338199,430,30,"Carbonised residue","Madagascar","Wanyika",1207,17
"Beta-428742","Ambohidahy",47.5364898,-18.9338199,420,30,"Carbonised residue","Madagascar","Wanyika",1208,17
"SMU-2632","Ankadivory",47.567,-18.767,810,100,"Charcoal","Madagascar","Wanyika",1209,43
"SMU-2361","Ankadivory",47.567,-18.767,880,50,"Charcoal","Madagascar","Wanyika",1210,43
"Beta-23989","Ankadivory",47.567,-18.767,523,80,"Charcoal","Madagascar","Wanyika",1211,43
"SMU-2077","Ankadivory",47.567,-18.767,810,185,"Charcoal","Madagascar","Wanyika",1212,43
"Gif-4496","Beropitika",45.583,-24.617,750,90,"Charcoal","Madagascar","Wanyika",1213,87
"GaK-280b","Antanimenabe-Irodo",49.517,-12.633,980,100,"Charcoal","Madagascar","Wanyika",1214,49
"GaK-380","Antanimenabe-Irodo",49.517,-12.633,1200,40,"Charcoal","Madagascar","Wanyika",1215,49
"GaK-350b","Antanimenabe-Irodo",49.51668,-12.65,980,100,"Charcoal","Madagascar","Wanyika",1216,49
"GaK-692","Tafiantsirbeka-Irodo",49.51667,-12.64,1090,90,"Marine shell","Madagascar","Wanyika",1217,875
"GaK- (5)","Tafiampatsa-Irodo",49.51666,-12.65,1150,90,"Eggshell","Madagascar","Wanyika",1218,874
"SMU-2078","Maliavola",46.2617665,-24.0624748,1144,29,"Charcoal","Madagascar","Wanyika",1219,508
"Dur-91-TL-15-2 ASQi","Nosy Mangabe",49.762,-15.497,950,100,"Ceramics","Madagascar","Wanyika",1220,732
"SMU-2501","Nosy Mangabe",49.762,-15.497,1250,60,"Charcoal","Madagascar","Wanyika",1221,732
"SMU-2076","Sandrakatsy East",49.614,-16.34,1140,60,"Charcoal","Madagascar","Wanyika",1222,842
"SMU-2359","Sandrakatsy East",49.614,-16.34,1240,50,"Charcoal","Madagascar","Wanyika",1223,842
"SMU-2502","Sandrakatsy West",49.36,-16.2,970,60,"Charcoal","Madagascar","Wanyika",1224,843
"GaK-1057","Sarodrano",43.733,-23.5,535,80,"Charcoal","Madagascar","Wanyika",1225,845
"Ly-3912","Tsiandrora",46.9,-25.05,950,80,"Charcoal","Madagascar","Wanyika",1226,903
"SMU-2630","Vohimasina",47.017,-20.133,710,60,"Charcoal","Madagascar","Wanyika",1227,925
"SMU-1519","Vohimasina",47.017,-20.133,480,50,"Charcoal","Madagascar","Wanyika",1228,925
"Beta-267775","Ambatary",50.012,-13.508,620,40,"Charcoal","Madagascar","Wanyika",1229,13
"Ly-3911","Ambinanibe",46.95,-25.067,700,100,"Non-charcoal plant part","Madagascar","Wanyika",1230,15
"PSUAMS-5625","Lamboharana",43.233,-22.2,935,15,"Bone/tooth collagen","Madagascar","Wanyika",1231,415
"PSUAMS-3698","Lamboharana",43.233,-22.2,990,20,"Bone/tooth collagen","Madagascar","Wanyika",1232,415
"UCIAMS-224208","Lamboharana",43.233,-22.2,1010,15,"Bone/tooth collagen","Madagascar","Wanyika",1233,415
"GaK-2310","Lamboharana",43.233,-22.2,1220,80,"Bone/tooth collagen","Madagascar","Wanyika",1234,415
"PSUAMS-3615","Lamboharana",43.233,-22.2,1300,20,"Bone/tooth collagen","Madagascar","Wanyika",1235,415
"PSUAMS-5629","Lamboharana",43.233,-22.2,1100,15,"Bone/tooth collagen","Madagascar","Wanyika",1236,415
"PSUAMS-5646","Lamboharana",43.233,-22.2,1220,25,"Bone/tooth collagen","Madagascar","Wanyika",1237,415
"PSUAMS-6989","Lamboharana",43.233,-22.2,725,20,"Bone/tooth collagen","Madagascar","Wanyika",1238,415
"OxA-X-2494-47","Taolambiby",44.56667,-23.66667,1231,27,"Bone/tooth collagen","Madagascar","Wanyika",1239,880
"OxA-26162","Taolambiby",44.56667,-23.66667,1150,28,"Bone/tooth collagen","Madagascar","Wanyika",1240,880
"OxA-26163","Taolambiby",44.56667,-23.66667,1142,27,"Bone/tooth collagen","Madagascar","Wanyika",1241,880
"OxA-26164","Taolambiby",44.56667,-23.66667,1193,27,"Bone/tooth collagen","Madagascar","Wanyika",1242,880
"OxA-26278","Taolambiby",44.56667,-23.66667,1175,26,"Bone/tooth collagen","Madagascar","Wanyika",1243,880
"UCIAMS-224187","Taolambiby",44.56667,-23.66667,1260,15,"Carapace","Madagascar","Wanyika",1244,880
"OxA-27173","Taolambiby",44.56667,-23.66667,1257,29,"Bone/tooth collagen","Madagascar","Wanyika",1245,880
"OxA-27305","Taolambiby",44.56667,-23.66667,1242,24,"Bone/tooth collagen","Madagascar","Wanyika",1246,880
"UCIAMS-224185","Taolambiby",44.56667,-23.66667,1245,20,"Bone/tooth collagen","Madagascar","Wanyika",1247,880
"UCIAMS-224186","Taolambiby",44.56667,-23.66667,1260,15,"Bone/tooth collagen","Madagascar","Wanyika",1248,880
"UCIAMS-224188","Taolambiby",44.56667,-23.66667,1255,15,"Bone/tooth collagen","Madagascar","Wanyika",1249,880
"UCIAMS-224192","Taolambiby",44.56667,-23.66667,1160,20,"Bone/tooth collagen","Madagascar","Wanyika",1250,880
"CAMS-143058","Taolambiby",44.56667,-23.66667,1385,25,"Bone/tooth collagen","Madagascar","Wanyika",1251,880
"OxA-26159","Taolambiby",44.56667,-23.66667,1218,27,"Bone/tooth collagen","Madagascar","Wanyika",1252,880
"OxA-X-2500-22","Taolambiby",44.56667,-23.66667,1283,24,"Bone/tooth collagen","Madagascar","Wanyika",1253,880
"OxA-26160","Taolambiby",44.56667,-23.66667,1234,27,"Bone/tooth collagen","Madagascar","Wanyika",1254,880
"CAMS-144109","Taolambiby",44.56667,-23.66667,1265,30,"Bone/tooth collagen","Madagascar","Wanyika",1255,880
"OxA-26161","Taolambiby",44.56667,-23.66667,1251,28,"Bone/tooth collagen","Madagascar","Wanyika",1256,880
"OxA-X-2495-14","Taolambiby",44.56667,-23.66667,810,100,"Charcoal","Madagascar","Wanyika",1257,880
"OxA-27211","Taolambiby",44.56667,-23.66667,1121,26,"Charcoal","Madagascar","Wanyika",1258,880
"OxA-27212","Taolambiby",44.56667,-23.66667,1036,27,"Charcoal","Madagascar","Wanyika",1259,880
"OxA-27213","Taolambiby",44.56667,-23.66667,1133,28,"Charcoal","Madagascar","Wanyika",1260,880
"CAMS-142890","Tsirave",45.73385345,-21.28668532,1305,35,"Bone/tooth collagen","Madagascar","Wanyika",1261,906
"UCIAMS-159131","Tsirave",45.73385345,-21.28668532,1150,15,"Bone/tooth collagen","Madagascar","Wanyika",1262,906
"UCIAMS-158554","Tsirave",45.73385345,-21.28668532,1215,20,"Bone/tooth collagen","Madagascar","Wanyika",1263,906
"UCIAMS-158553","Tsirave",45.73385345,-21.28668532,1230,25,"Bone/tooth collagen","Madagascar","Wanyika",1264,906
"UCIAMS-158552","Tsirave",45.73385345,-21.28668532,1245,20,"Bone/tooth collagen","Madagascar","Wanyika",1265,906
"UCIAMS-159129","Tsirave",45.73385345,-21.28668532,1240,15,"Bone/tooth collagen","Madagascar","Wanyika",1266,906
"UCIAMS-159132","Tsirave",45.73385345,-21.28668532,1255,15,"Bone/tooth collagen","Madagascar","Wanyika",1267,906
"UCIAMS-158555","Tsirave",45.73385345,-21.28668532,1265,20,"Bone/tooth collagen","Madagascar","Wanyika",1268,906
"UCIAMS-159130","Tsirave",45.73385345,-21.28668532,1250,15,"Bone/tooth collagen","Madagascar","Wanyika",1269,906
"CAMS-143116","Tsirave",45.73385345,-21.28668532,1290,30,"Bone/tooth collagen","Madagascar","Wanyika",1270,906
"CAMS-142894","Tsirave",45.73385345,-21.28668532,1390,30,"Bone/tooth collagen","Madagascar","Wanyika",1271,906
"UCIAMS-167925","Tsirave",45.73385345,-21.28668532,1050,20,"Bone/tooth collagen","Madagascar","Wanyika",1272,906
"UCIAMS-167901","Tsirave",45.73385345,-21.28668532,1275,20,"Bone/tooth collagen","Madagascar","Wanyika",1273,906
"UCIAMS-167902","Tsirave",45.73385345,-21.28668532,1260,15,"Bone/tooth collagen","Madagascar","Wanyika",1274,906
"UCIAMS-167903","Tsirave",45.73385345,-21.28668532,1280,15,"Bone/tooth collagen","Madagascar","Wanyika",1275,906
"UCIAMS-167904","Tsirave",45.73385345,-21.28668532,1270,15,"Bone/tooth collagen","Madagascar","Wanyika",1276,906
"UCIAMS-167905","Tsirave",45.73385345,-21.28668532,1165,20,"Bone/tooth collagen","Madagascar","Wanyika",1277,906
"UCIAMS-167906","Tsirave",45.73385345,-21.28668532,1245,20,"Bone/tooth collagen","Madagascar","Wanyika",1278,906
"UCIAMS-167926","Tsirave",45.73385345,-21.28668532,1410,20,"Bone/tooth collagen","Madagascar","Wanyika",1279,906
"UCIAMS-167928","Tsirave",45.73385345,-21.28668532,1220,20,"Bone/tooth collagen","Madagascar","Wanyika",1280,906
"UCIAMS-167908","Tsirave",45.73385345,-21.28668532,1115,20,"Bone/tooth collagen","Madagascar","Wanyika",1281,906
"UCIAMS-167929","Tsirave",45.73385345,-21.28668532,1325,20,"Bone/tooth collagen","Madagascar","Wanyika",1282,906
"UCIAMS-167910","Tsirave",45.73385345,-21.28668532,1310,20,"Bone/tooth collagen","Madagascar","Wanyika",1283,906
"UCIAMS-167930","Tsirave",45.73385345,-21.28668532,940,20,"Bone/tooth collagen","Madagascar","Wanyika",1284,906
"UCIAMS-167911","Tsirave",45.73385345,-21.28668532,1310,20,"Bone/tooth collagen","Madagascar","Wanyika",1285,906
"UCIAMS-167931","Tsirave",45.73385345,-21.28668532,1185,20,"Bone/tooth collagen","Madagascar","Wanyika",1286,906
"UCIAMS-167912","Tsirave",45.73385345,-21.28668532,1230,20,"Bone/tooth collagen","Madagascar","Wanyika",1287,906
"UCIAMS-167913","Tsirave",45.73385345,-21.28668532,1225,20,"Bone/tooth collagen","Madagascar","Wanyika",1288,906
"UCIAMS-167932","Tsirave",45.73385345,-21.28668532,1120,20,"Bone/tooth collagen","Madagascar","Wanyika",1289,906
"UCIAMS-167915","Tsirave",45.73385345,-21.28668532,1175,20,"Bone/tooth collagen","Madagascar","Wanyika",1290,906
"UCIAMS-167916","Tsirave",45.73385345,-21.28668532,1245,20,"Bone/tooth collagen","Madagascar","Wanyika",1291,906
"UCIAMS-167933","Tsirave",45.73385345,-21.28668532,1235,20,"Bone/tooth collagen","Madagascar","Wanyika",1292,906
"UCIAMS-167917","Tsirave",45.73385345,-21.28668532,1240,20,"Bone/tooth collagen","Madagascar","Wanyika",1293,906
"CAMS-142889","Tsirave",45.73385345,-21.28668532,860,30,"Bone/tooth collagen","Madagascar","Wanyika",1294,906
"GaK-1506","Itampolo",43.947,-24.687,980,200,"Bone/tooth collagen","Madagascar","Wanyika",1295,285
"OxA-26108","Itampolo",43.947,-24.687,1271,24,"Bone/tooth collagen","Madagascar","Wanyika",1296,285
"OxA-26109","Itampolo",43.947,-24.687,1376,24,"Bone/tooth collagen","Madagascar","Wanyika",1297,285
"OxA-26111","Itampolo",43.947,-24.687,1305,23,"Bone/tooth collagen","Madagascar","Wanyika",1298,285
"OxA-26208","Itampolo",43.947,-24.687,1311,26,"Bone/tooth collagen","Madagascar","Wanyika",1299,285
"OxA-33535","Ambolisatra/Andolonomby",43.591,-23.058,1297,24,"Bone/tooth collagen","Madagascar","Wanyika",1300,20
"PSUAMS-5302","Ambolisatra/Andolonomby",43.591,-23.058,930,15,"Bone/tooth collagen","Madagascar","Wanyika",1301,20
"PSUAMS-5631","Ambolisatra/Andolonomby",43.591,-23.058,960,15,"Bone/tooth collagen","Madagascar","Wanyika",1302,20
"PSUAMS-5304","Ambolisatra/Andolonomby",43.591,-23.058,985,15,"Bone/tooth collagen","Madagascar","Wanyika",1303,20
"UCIAMS-224207","Ambolisatra/Andolonomby",43.591,-23.058,985,15,"Bone/tooth collagen","Madagascar","Wanyika",1304,20
"PSUAMS-5303","Ambolisatra/Andolonomby",43.591,-23.058,1010,15,"Bone/tooth collagen","Madagascar","Wanyika",1305,20
"UBA-19725","Ambolisatra/Andolonomby",43.591,-23.058,1296,32,"Bone/tooth collagen","Madagascar","Wanyika",1306,20
"PSUAMS-5291","Ambolisatra/Andolonomby",43.591,-23.058,1245,15,"Bone/tooth collagen","Madagascar","Wanyika",1307,20
"PSUAMS-5294","Ambolisatra/Andolonomby",43.591,-23.058,1230,15,"Bone/tooth collagen","Madagascar","Wanyika",1308,20
"OxA-26102","Ambolisatra/Andolonomby",43.591,-23.058,1220,24,"Bone/tooth collagen","Madagascar","Wanyika",1309,20
"OxA-26103","Ambolisatra/Andolonomby",43.591,-23.058,1417,23,"Bone/tooth collagen","Madagascar","Wanyika",1310,20
"BM-2125","Ambolisatra/Andolonomby",43.591,-23.058,750,370,"Carapace","Madagascar","Wanyika",1311,20
"OxA-26104","Ambolisatra/Andolonomby",43.591,-23.058,1214,24,"Bone/tooth collagen","Madagascar","Wanyika",1312,20
"OxA-26105","Ambolisatra/Andolonomby",43.591,-23.058,1239,23,"Bone/tooth collagen","Madagascar","Wanyika",1313,20
"PSUAMS-7618","Ambolisatra/Andolonomby",43.591,-23.058,555,15,"Bone/tooth collagen","Madagascar","Wanyika",1314,20
"PSUAMS-7622","Ambolisatra/Andolonomby",43.591,-23.058,645,15,"Bone/tooth collagen","Madagascar","Wanyika",1315,20
"OxA-19313","Ambolisatra/Andolonomby",43.591,-23.058,1338,26,"Bone/tooth collagen","Madagascar","Wanyika",1316,20
"OxA-19314","Ambolisatra/Andolonomby",43.591,-23.058,1360,25,"Bone/tooth collagen","Madagascar","Wanyika",1317,20
"PSUAMS-5301","Ambolisatra/Andolonomby",43.591,-23.058,850,20,"Bone/tooth collagen","Madagascar","Wanyika",1318,20
"CAMS-142810","Andolonomby",43.75,-23.067,1345,25,"Bone/tooth collagen","Madagascar","Wanyika",1319,34
"CAMS-142601","Andolonomby",43.75,-23.067,1395,30,"Bone/tooth collagen","Madagascar","Wanyika",1320,34
"CAMS-142637","Andolonomby",43.75,-23.067,1475,30,"Bone/tooth collagen","Madagascar","Wanyika",1321,34
"CAMS-142604","Manombo-Tulear",43.4739244,-22.9528005,1295,25,"Bone/tooth collagen","Madagascar","Wanyika",1322,522
"D-AMS-012440","Antsaragnagnangy-Velondriake",43.241,-22.094,915,25,"Charcoal","Madagascar","Wanyika",1323,50
"D-AMS-001949","Antsaragnasoa-Velondriake",43.241,-22.084,279,22,"Charcoal","Madagascar","Wanyika",1324,51
"Beta-90095","Ankilibehandry-Belo-sur-Mer",44.00331527,-20.7489428,1370,40,"Bone/tooth collagen","Madagascar","Wanyika",1325,47
"Beta-90098","Ankilibehandry-Belo-sur-Mer",44.00331527,-20.7489428,1220,50,"Bone/tooth collagen","Madagascar","Wanyika",1326,47
"Beta-103349","Ankilibehandry-Belo-sur-Mer",44.00331527,-20.7489428,1280,60,"Bone/tooth collagen","Madagascar","Wanyika",1327,47
"NZA-12582/R-26341/1","Ankilibehandry-Belo-sur-Mer",44.00331527,-20.7489428,1413,80,"Bone/tooth collagen","Madagascar","Wanyika",1328,47
"CAMS-142552","Beloha-Anavoha",45.052557,-25.195828,1320,30,"Bone/tooth collagen","Madagascar","Wanyika",1329,82
"CAMS-142613","Beloha-Anavoha",45.052557,-25.195828,1265,25,"Bone/tooth collagen","Madagascar","Wanyika",1330,82
"CAMS-142631","Beloha-Anavoha",45.052557,-25.195828,1375,30,"Bone/tooth collagen","Madagascar","Wanyika",1331,82
"Beta-22619","Ranobe Pond",43.853831,-23.357806,1300,80,"Sediment","Madagascar","Wanyika",1332,811
"Beta-23489","Ranobe Pond",43.853831,-23.357806,1360,80,"Sediment","Madagascar","Wanyika",1333,811
"Beta-24423","Ranobe Pond",43.853831,-23.357806,600,70,"Sediment","Madagascar","Wanyika",1334,811
"Beta-28593","Tsiroanomandidy Wetland",46.437342,-18.502618,1160,110,"Sediment","Madagascar","Wanyika",1335,907
"Beta-15884","Tritrivakely Crater Lake",46.976031,-19.323671,1240,100,"Sediment","Madagascar","Wanyika",1336,898
"Beta-51797","Mitsinjo Flood Plain",46.015539,-16.155765,890,80,"Sediment","Madagascar","Wanyika",1337,591
"Beta-48177","Mitsinjo Flood Plain",46.015539,-16.155765,530,80,"Sediment","Madagascar","Wanyika",1338,591
"Beta-50275","Mitsinjo Flood Plain",46.015539,-16.155765,470,90,"Sediment","Madagascar","Wanyika",1339,591
"Beta-67392/ETH-11460","Amparihibe Deep",48.280435,-13.365794,1130,50,"Non-charcoal plant part","Madagascar","Wanyika",1340,24
"Pta-739","Ampasambazimba
",47.257034,-18.914298,1035,50,"Bone/tooth collagen","Madagascar","Wanyika",1341,25
"CAMS-142606","Ampasambazimba
",46.733,-18.9,1450,25,"Bone/tooth collagen","Madagascar","Wanyika",1342,25
"CAMS-142605","Ampasambazimba
",46.733,-18.9,1300,30,"Bone/tooth collagen","Madagascar","Wanyika",1343,25
"NZA R UA 4466","Anavoha",45.05,-25.167,1486,76,"Bone/tooth collagen","Madagascar","Wanyika",1344,29
"CAMS-142642","Anavoha",45.05,-25.167,1330,25,"Bone/tooth collagen","Madagascar","Wanyika",1345,29
"NZA R UA 5482","Anavoha",45.05,-25.167,1308,34,"Bone/tooth collagen","Madagascar","Wanyika",1346,29
"Beta-55092","Andavambatobe Cave",45.965494,-15.945924,580,100,"Charcoal","Madagascar","Wanyika",1347,33
"Beta-23486","Andraikiba",47.028875,-19.123111,1200,70,"Sediment","Madagascar","Wanyika",1348,36
"NZA-10059/R-24649/1","Ankazoabo Grotte",43.90617,-23.834345,1269,80,"Bone/tooth collagen","Madagascar","Wanyika",1349,45
"CAMS-143123","Ankazoabo Grotte",43.90617,-23.834345,1450,30,"Bone/tooth collagen","Madagascar","Wanyika",1350,45
"NZA R AM 6184","Ankazoabo Grotte",43.90617,-23.834345,1148,162,"Bone/tooth collagen","Madagascar","Wanyika",1351,45
"PSUAMS-7662","Ankazoabo/Ampandramandratsy",44.71,-22.32,825,20,"Bone/tooth collagen","Madagascar","Wanyika",1352,46
"Beta-355563","Ankilitelo",43.877,-22.914,290,30,"Bone/tooth collagen","Madagascar","Wanyika",1353,48
"Beta-14168","Antsetsindrano",47,-20.117,250,60,"Charcoal","Madagascar","Wanyika",1354,52
"Beta-14169","Antsetsindrano",47,-20.117,430,60,"Charcoal","Madagascar","Wanyika",1355,52
"Beta-14167","Antsetsindrano",47,-20.117,360,60,"Charcoal","Madagascar","Wanyika",1356,52
"Beta-60797/CAMS-5484","Antsiroandoha",49.244175,-12.416572,1020,50,"Bone/tooth collagen","Madagascar","Wanyika",1357,54
"NZA-18524/R-28331/7","Beloha-Anavoha",45.052557,-25.195828,1065,40,"Bone/tooth collagen","Madagascar","Wanyika",1358,82
"Beta-63675","Beloha",44.860758,-25.266638,1380,90,"Bone/tooth collagen","Madagascar","Wanyika",1359,81
"NZA-18999/R-28421/10","Beloha-Anavoha",45.052557,-25.195828,1277,35,"Bone/tooth collagen","Madagascar","Wanyika",1360,82
"Beta-14856","Kavitaha",47.046355,-19.251083,670,80,"Sediment","Madagascar","Wanyika",1361,333
"Beta-11729","Kavitaha",47.046355,-19.251083,710,100,"Sediment","Madagascar","Wanyika",1362,333
"Beta-15528","Kavitaha",47.046355,-19.251083,960,90,"Sediment","Madagascar","Wanyika",1363,333
"Beta-14855","Kavitaha",47.046355,-19.251083,1400,80,"Sediment","Madagascar","Wanyika",1364,333
"Gif-7471","Lohavohitra",47.283,-19.633,260,60,"Charcoal","Madagascar","Wanyika",1365,452
"SMU-1520","Lohavohitra",47.283,-19.633,270,45,"Charcoal","Madagascar","Wanyika",1366,452
"PSUAMS-5619","Andaboy",43.39914,-21.897606,975,15,"Bone/tooth collagen","Madagascar","Wanyika",1367,30
"PSUAMS-5633","Beanka",44.148245,-20.876776,290,15,"Bone/tooth collagen","Madagascar","Wanyika",1368,77
"PSUAMS-5623","Itampolove",43.261,-22.227,935,20,"Bone/tooth collagen","Madagascar","Wanyika",1369,286
"PSUAMS-3611","Itampolove",43.261,-22.227,1310,20,"Carapace","Madagascar","Wanyika",1370,286
"PSUAMS-3699","Ampoza",44.300851,-22.279778,1230,20,"Carapace","Madagascar","Wanyika",1371,28
"PSUAMS-5420","Ampoza",44.300851,-22.279778,1225,20,"Bone/tooth collagen","Madagascar","Wanyika",1372,28
"PSUAMS-5421","Ampoza",44.300851,-22.279778,1165,20,"Bone/tooth collagen","Madagascar","Wanyika",1373,28
"PSUAMS-5422","Ampoza",44.300851,-22.279778,1215,20,"Bone/tooth collagen","Madagascar","Wanyika",1374,28
"PSUAMS-5131","Ampoza",44.300851,-22.279778,1155,15,"Bone/tooth collagen","Madagascar","Wanyika",1375,28
"PSUAMS-5423","Ampoza",44.300851,-22.279778,1200,20,"Bone/tooth collagen","Madagascar","Wanyika",1376,28
"PSUAMS-5297","Tulear",43.773155,-23.353183,1195,15,"Bone/tooth collagen","Madagascar","Wanyika",1377,908
"PSUAMS-6990","Manombo",43.4739244,-22.9528005,860,20,"Bone/tooth collagen","Madagascar","Wanyika",1378,521
"CAMS-148400","Tsimanampesotse",43.76,-24.05,905,25,"Bone/tooth collagen","Madagascar","Wanyika",1379,904
"CAMS-148401","Tsimanampesotse",43.76,-24.05,295,25,"Bone/tooth collagen","Madagascar","Wanyika",1380,904
"CAMS-147034","West Mikoboka Plateau Cave #13",43.877,-22.914,1380,30,"Bone/tooth collagen","Madagascar","Wanyika",1381,933
"OxA-13531","Montefeno",45.829,-25.047,401,25,"Charcoal","Madagascar","Wanyika",1382,613
"OxA-13532","Montefeno",45.829,-25.047,355,24,"Charcoal","Madagascar","Wanyika",1383,613
"X-2004","Montefeno",45.829,-25.252,690,60,"Sediment","Madagascar","Wanyika",1384,613
"X-1679","Anjankitike",46.39834827,-24.96925415,545,40,"Sediment","Madagascar","Wanyika",1385,41
"X-1680","Anjankitike",46.39834827,-24.96925415,250,115,"Sediment","Madagascar","Wanyika",1386,41
"X- 1682","Anjankitike",46.39834827,-24.96925415,490,50,"Sediment","Madagascar","Wanyika",1387,41
"X-1683","Anjankitike",46.39834827,-24.96925415,405,55,"Sediment","Madagascar","Wanyika",1388,41
"X-1677","Mionjona",46.39126297,-24.98093814,290,45,"Sediment","Madagascar","Wanyika",1389,586
"X-1678","Mionjona",46.39126297,-24.98093814,310,45,"Sediment","Madagascar","Wanyika",1390,586
"Gif-5154","Ambohitrikanjaka",48.633,-18.85,380,90,"Charcoal","Madagascar","Wanyika",1391,19
"GaK-1058","Angavobe",47.733,-18.917,330,80,"Charcoal","Madagascar","Wanyika",1392,39
"Ly-3161","Fanongoavana",47.85,-19.05,410,100,"Charcoal","Madagascar","Wanyika",1393,214
"LY-3162","Fanongoavana",47.85,-19.05,450,120,"Charcoal","Madagascar","Wanyika",1394,214
"Gif-547","Fanongoavana",47.85,-19.05,450,100,"Charcoal","Madagascar","Wanyika",1395,214
"Beta-24479","Vohitrarivo",47.283,-20.083,290,80,"Charcoal","Madagascar","Wanyika",1396,926
"PSUAMS-7663","Lakato'ni Gavin",49.353,-12.331,1035,15,"Bone/tooth collagen","Madagascar","Wanyika",1397,409
"CAMS-148398","Ampehabe Cave",44.34826505,-23.3841196,1405,25,"Bone/tooth collagen","Madagascar","Wanyika",1398,27
"CAMS-142540","Antsirabe",47.033,-19.867,1260,25,"Bone/tooth collagen","Madagascar","Wanyika",1399,53
"CAMS-143065","Antsirabe",47.033,-19.867,1215,25,"Bone/tooth collagen","Madagascar","Wanyika",1400,53
"ETH-95007","Amborolana",50.17130872,-14.45492475,838,22,"Charcoal","Madagascar","Wanyika",1401,22
"ETH-95008","Amborolana",50.17130872,-14.45492475,699,21,"Charcoal","Madagascar","Wanyika",1402,22
"ETH-95009","Amborolana",50.17130872,-14.45492475,900,21,"Charcoal","Madagascar","Wanyika",1403,22
"ETH-95010","Amborolana",50.17130872,-14.45492475,918,22,"Charcoal","Madagascar","Wanyika",1404,22
"ETH-95011","Amborolana",50.17130872,-14.45492475,988,21,"Charcoal","Madagascar","Wanyika",1405,22
"ETH-95012","Amborolana",50.17130872,-14.45492475,957,21,"Charcoal","Madagascar","Wanyika",1406,22
"ETH-95013","Amborolana",50.17130872,-14.45492475,995,21,"Charcoal","Madagascar","Wanyika",1407,22
"ETH-95014","Amborolana",50.17130872,-14.45492475,885,22,"Charcoal","Madagascar","Wanyika",1408,22
"ETH-95015","Amborolana",50.17130872,-14.45492475,736,22,"Charcoal","Madagascar","Wanyika",1409,22
"ETH-95016","Amborolana",50.17130872,-14.45492475,689,22,"Charcoal","Madagascar","Wanyika",1410,22
"ETH-95017","Amborolana",50.17130872,-14.45492475,791,22,"Charcoal","Madagascar","Wanyika",1411,22
"ETH-95018","Amborolana",50.17130872,-14.45492475,866,22,"Charcoal","Madagascar","Wanyika",1412,22
"ETH-95019","Ambodimadiro",50.16287512,-14.46699997,865,22,"Charcoal","Madagascar","Wanyika",1413,16
"ETH-95020","Ambodimadiro",50.16287512,-14.46699997,957,22,"Charcoal","Madagascar","Wanyika",1414,16
"ETH-95021","Bemanevika",50.13525984,-14.22834599,779,21,"Charcoal","Madagascar","Wanyika",1415,83
"ETH-95022","Bemanevika",50.13525984,-14.22834599,862,21,"Charcoal","Madagascar","Wanyika",1416,83
"ETH-95023","Bemanevika",50.13525984,-14.22834599,662,21,"Charcoal","Madagascar","Wanyika",1417,83
"ETH-95024","Benavony",50.172,-14.408,594,21,"Charcoal","Madagascar","Wanyika",1418,84
"ETH-95025","Benavony",50.172,-14.408,1049,21,"Charcoal","Madagascar","Wanyika",1419,84
"ETH-102805","Andrangana",49.77554142,-12.86484334,647,21,"Charcoal","Madagascar","Wanyika",1420,37
"ETH-102806","Andrangana",49.77554142,-12.86484334,642,21,"Charcoal","Madagascar","Wanyika",1421,37
"ETH-102807","Andrangana",49.77554142,-12.86484334,589,15,"Charcoal","Madagascar","Wanyika",1422,37
"ETH-102808","Andrangana",49.77554142,-12.86484334,517,21,"Charcoal","Madagascar","Wanyika",1423,37
"ETH-102809","Andrangana",49.77554142,-12.86484334,684,21,"Charcoal","Madagascar","Wanyika",1424,37
"ETH-102811","Bobalila",49.71923649,-12.87128632,851,21,"Charcoal","Madagascar","Wanyika",1425,102
"ETH-102812","Bobalila",49.71923649,-12.87128632,617,21,"Charcoal","Madagascar","Wanyika",1426,102
"ETH-102813","Bobalila",49.71923649,-12.87128632,661,21,"Charcoal","Madagascar","Wanyika",1427,102
"ETH-102814","Bobalila",49.71923649,-12.87128632,688,21,"Charcoal","Madagascar","Wanyika",1428,102
"ETH-102815","Bobalila",49.71923649,-12.87128632,659,21,"Charcoal","Madagascar","Wanyika",1429,102
"ETH-102816","Antravy �meraude",49.31740527,-12.07924433,736,21,"Charcoal","Madagascar","Wanyika",1430,2
"AA-94535","Ngotto",17.515,3.763,412,34,"-","Central African Republic","aDRAC",1431,708
"AA-94536","Ngotto",17.511,3.738,1938,36,"-","Central African Republic","aDRAC",1432,708
"AA-94540","Ngotto",17.497,3.842,706,35,"-","Central African Republic","aDRAC",1433,708
"AA-94541","Ngotto",17.497,3.842,494,34,"-","Central African Republic","aDRAC",1434,708
"AA-94542","Ngotto",17.497,3.842,593,34,"-","Central African Republic","aDRAC",1435,708
"AA-96496","Poutem",17.318,4.033,1652,37,"-","Central African Republic","aDRAC",1436,806
"AA-96499","Boua",17.071,4.073,1264,36,"-","Central African Republic","aDRAC",1437,117
"AA-96500","Boua",17.071,4.075,2179,37,"-","Central African Republic","aDRAC",1438,117
"Arc-339","Okanda 1/Mont Brazza",11.589,-0.128,2310,60,"Charcoal_wood","Gabon","aDRAC",1439,756
"Arc-340","Mont Barnier",15.208,-4.204,540,50,"-","Republic of the Congo","aDRAC",1440,612
"Arc-341","Kango 5",10.082,0.201,2210,100,"Charcoal_wood","Gabon","aDRAC",1441,318
"Arc-373","Les Saras",12.283,-4.183,2110,60,"-","Republic of the Congo","aDRAC",1442,432
"Arc-490","Point-Noire",11.85,-4.75,1564,140,"charcoal_wood","Republic of the Congo","aDRAC",1443,804
"Arc-530","Otoumbi 13",11.097,-0.076,2390,65,"Charcoal_wood","Gabon","aDRAC",1444,777
"B-263","Sanga",26.49,-8.182,1240,120,"Bone","Democratic Republic of the Congo","aDRAC",1445,844
"B-264","Sanga",26.49,-8.182,1070,200,"Bone","Democratic Republic of the Congo","aDRAC",1446,844
"B-760","Katoto",25.885,-9.187,760,160,"-","Democratic Republic of the Congo","aDRAC",1447,331
"Bdy-255","Lingbangbo",18.4,3.633,430,180,"-","Central African Republic","aDRAC",1448,451
"Bdy-301","Batalimo",18.455,3.676,1890,130,"-","Central African Republic","aDRAC",1449,73
"Bdy-303","Sikilongo",18.56,3.65,870,210,"-","Central African Republic","aDRAC",1450,857
"Bdy-304","Batalimo",18.455,3.676,1730,120,"-","Central African Republic","aDRAC",1451,73
"Bdy-306","Batalimo",18.455,3.676,1990,210,"-","Central African Republic","aDRAC",1452,73
"Bdy-311","Té Ndongué",18,5.717,670,60,"-","Central African Republic","aDRAC",1453,885
"Bdy-312","Té Ndongué",18,5.717,810,310,"-","Central African Republic","aDRAC",1454,885
"Bdy-461","Eyo",18.48,3.66,1200,120,"-","Central African Republic","aDRAC",1455,212
"Bdy-465","Batalimo",18.455,3.676,1270,125,"-","Central African Republic","aDRAC",1456,73
"Bdy-579","Eyo",18.48,3.66,1020,115,"-","Central African Republic","aDRAC",1457,212
"Bdy-581","Batalimo",18.455,3.676,1798,101,"-","Central African Republic","aDRAC",1458,73
"Bdy-582","Lingbangbo",18.4,3.633,559,77,"Shell","Central African Republic","aDRAC",1459,451
"Bdy-583","Bobélé 2",18.38,4.03,1200,100,"-","Central African Republic","aDRAC",1460,103
"Beta-9076","Massango",13.142,-1.632,1600,50,"Charcoal_wood","Gabon","aDRAC",1461,530
"Beta-9077","Mboma",13.347,-1.708,1680,100,"Charcoal_wood","Gabon","aDRAC",1462,556
"Beta-9078","Lebombi",13.373,-1.5,400,50,"Charcoal_wood","Gabon","aDRAC",1463,424
"Beta-9079","Lebombi",13.373,-1.5,590,60,"Charcoal_endocarp_elaeis","Gabon","aDRAC",1464,424
"Beta-9080","Lebombi",13.373,-1.5,980,70,"Charcoal_wood","Gabon","aDRAC",1465,424
"Beta-9081","Lebombi",13.373,-1.5,710,60,"Charcoal_wood","Gabon","aDRAC",1466,424
"Beta-9082","Moanda 1",13.228,-1.557,1850,70,"Charcoal_wood","Gabon","aDRAC",1467,597
"Beta-10301","Lac Bleu de Mouila",11.017,-1.916,1670,50,"Charcoal_wood","Gabon","aDRAC",1468,403
"Beta-12207","Lac Bleu de Mouila",11.017,-1.916,2150,90,"Charcoal_wood","Gabon","aDRAC",1469,403
"Beta-12208","Lac Bleu de Mouila",11.017,-1.916,1920,80,"Charcoal_wood","Gabon","aDRAC",1470,403
"Beta-12858","Mfomakap/Nkometou",11.55,4.05,1920,60,"-","Cameroon","aDRAC",1471,565
"Beta-14427","Moanda 1",13.228,-1.557,2350,140,"Charcoal_wood","Gabon","aDRAC",1472,597
"Beta-14428","Moanda 2",13.228,-1.557,2330,90,"Charcoal_wood","Gabon","aDRAC",1473,598
"Beta-14825","Kango 5",10.082,0.201,2460,70,"Charcoal_wood","Gabon","aDRAC",1474,318
"Beta-14827","Nkobombomou",11.5,2.034,360,60,"Charcoal_wood","Gabon","aDRAC",1475,725
"Beta-14828","Sablière",9.383,0.5,5950,70,"Charcoal_wood","Gabon","aDRAC",1476,833
"Beta-14829","Sablière",9.383,0.5,4400,70,"Charcoal_wood","Gabon","aDRAC",1477,833
"Beta-14830","Oyem 1",11.573,1.593,1710,60,"Charcoal_wood","Gabon","aDRAC",1478,790
"Beta-14831","Sablière",9.383,0.5,5710,80,"Charcoal_wood","Gabon","aDRAC",1479,833
"Beta-14833","Oveng 1",9.517,0.479,1740,60,"Charcoal_wood","Gabon","aDRAC",1480,789
"Beta-14835","Otoumbi 1",11.085,-0.068,1740,60,"Charcoal_wood","Gabon","aDRAC",1481,776
"Beta-15058","Koualessis",11.64,1.386,1920,60,"Charcoal_wood","Gabon","aDRAC",1482,379
"Beta-15059","Koualessis",11.64,1.386,2110,70,"Charcoal_wood","Gabon","aDRAC",1483,379
"Beta-15061","M'Bam",11.515,1.336,350,70,"Charcoal_wood","Gabon","aDRAC",1484,478
"Beta-15062","Soukoudzap",11.513,1.674,270,70,"Charcoal_wood","Gabon","aDRAC",1485,869
"Beta-15063","Lope 4",11.614,-0.171,2130,110,"Charcoal_wood","Gabon","aDRAC",1486,461
"Beta-15064","Lope 5",11.611,-0.158,660,80,"Charcoal_wood","Gabon","aDRAC",1487,462
"Beta-15065","Lope 5",11.611,-0.158,5460,70,"Charcoal_wood","Gabon","aDRAC",1488,462
"Beta-15066","Otoumbi 4",11.122,-0.069,1980,80,"Charcoal_wood","Gabon","aDRAC",1489,780
"Beta-15067","Otoumbi 5",11.124,-0.062,2260,120,"Charcoal_wood","Gabon","aDRAC",1490,781
"Beta-15068","Otoumbi 5",11.124,-0.062,1900,90,"Charcoal_wood","Gabon","aDRAC",1491,781
"Beta-15738","Moanda 1",13.228,-1.557,2050,100,"Charcoal_wood","Gabon","aDRAC",1492,597
"Beta-15741","Moanda 1",13.228,-1.557,2050,60,"Charcoal_wood","Gabon","aDRAC",1493,597
"Beta-15742","Moanda 2",13.228,-1.557,2220,90,"Charcoal_wood","Gabon","aDRAC",1494,598
"Beta-16174","Ikengue 1",9.499,-1.5,2460,80,"Charcoal","Gabon","aDRAC",1495,264
"Beta-16319","Mbilape 4",9.15,-0.875,1930,110,"Charcoal_wood","Gabon","aDRAC",1496,552
"Beta-16320","Mbilape 4",9.15,-0.875,1440,110,"Charcoal_wood","Gabon","aDRAC",1497,552
"Beta-16941","Batanga I",9.132,-1.433,1080,90,"Charcoal_wood","Gabon","aDRAC",1498,74
"Beta-16942","Mbilape 4",9.15,-0.875,2420,140,"Charcoal_wood","Gabon","aDRAC",1499,552
"Beta-17043","Moanda 1",13.228,-1.557,2150,90,"-","Gabon","aDRAC",1500,597
"Beta-17044","Moanda 2",13.228,-1.557,2150,110,"-","Gabon","aDRAC",1501,598
"Beta-17045a","Moanda 2",13.228,-1.557,2070,70,"Charcoal_wood","Gabon","aDRAC",1502,598
"Beta-17045b","Moanda 2",13.228,-1.557,2140,70,"-","Gabon","aDRAC",1503,598
"Beta-17060","Kango 5",10.082,0.201,2320,70,"Charcoal_endocarp_elaeis","Gabon","aDRAC",1504,318
"Beta-17061","Riviere Denis 2",9.348,0.322,3400,70,"Charcoal_wood","Gabon","aDRAC",1505,827
"Beta-17062","Ayene",9.767,1.083,620,60,"-","Equatorial Guinea","aDRAC",1506,58
"Beta-17239","Mbilape 4",9.15,-0.875,2460,50,"Charcoal_wood","Gabon","aDRAC",1507,552
"Beta-17518","Ikengue 1",9.499,-1.5,3250,70,"-","Gabon","aDRAC",1508,264
"Beta-17519","Ikengue 1",9.499,-1.5,370,60,"-","Gabon","aDRAC",1509,264
"Beta-18728","Ikengue 1",9.499,-1.5,3850,90,"-","Gabon","aDRAC",1510,264
"Beta-18729","Ikengue 1",9.499,-1.5,2550,120,"-","Gabon","aDRAC",1511,264
"Beta-18731","Ikengue 1",9.499,-1.5,4830,290,"-","Gabon","aDRAC",1512,264
"Beta-18733","Ikengue 1",9.499,-1.5,400,70,"-","Gabon","aDRAC",1513,264
"Beta-18734","Ikengue 1",9.499,-1.5,5160,100,"-","Gabon","aDRAC",1514,264
"Beta-19464","Mfomakap/Nkometou",11.55,4.05,1556,70,"-","Cameroon","aDRAC",1515,565
"Beta-19465","Mfomakap/Nkometou",11.55,4.05,2596,220,"-","Cameroon","aDRAC",1516,565
"Beta-20060","Lac Noir de Ndende",11.333,-2.233,6450,130,"-","Gabon","aDRAC",1517,405
"Beta-20063","Yombi Pk. 8",10.633,-1.417,1910,80,"-","Gabon","aDRAC",1518,943
"Beta-20064","Mouila 1",11.033,-1.985,1770,60,"-","Gabon","aDRAC",1519,622
"Beta-20065","Ditouba",10.684,-3.271,1200,60,"-","Gabon","aDRAC",1520,175
"Beta-20066","Ditouba",10.684,-3.271,930,60,"-","Gabon","aDRAC",1521,175
"Beta-20068","Mandilou 2",10.617,-1.265,3890,140,"-","Gabon","aDRAC",1522,518
"Beta-20069","Mandilou 3",10.617,-1.265,1860,90,"-","Gabon","aDRAC",1523,519
"Beta-20784","Malekou",9.478,0.452,1290,140,"-","Gabon","aDRAC",1524,505
"Beta-20785","Malekou",9.478,0.452,380,90,"-","Gabon","aDRAC",1525,505
"Beta-20786","Moanda Gare",13.181,-1.556,520,50,"Charcoal_wood","Gabon","aDRAC",1526,599
"Beta-20787","Okala 1",9.412,0.491,560,50,"Charcoal_endocarp_elaeis","Gabon","aDRAC",1527,755
"Beta-20788","Okala 1",9.412,0.491,2250,60,"Charcoal_endocarp_elaeis","Gabon","aDRAC",1528,755
"Beta-20789","Riviere Denis 1",9.348,0.322,4810,80,"Charcoal_wood","Gabon","aDRAC",1529,826
"Beta-20790","Okala 1",9.412,0.491,2230,60,"Charcoal_endocarp_elaeis","Gabon","aDRAC",1530,755
"Beta-20791","Djambala",14.753,-2.545,2300,100,"Charcoal","Republic of the Congo","aDRAC",1531,178
"Beta-22081","Lac Noir de Ndende",11.333,-2.233,5420,120,"Charcoal_wood","Gabon","aDRAC",1532,405
"Beta-22082","Lac Noir de Ndende",11.333,-2.233,4990,120,"Charcoal_wood","Gabon","aDRAC",1533,405
"Beta-22493","Mfomakap/Nkometou",11.55,4.05,2360,120,"-","Cameroon","aDRAC",1534,565
"Beta-22495","Mfomakap/Nkometou",11.55,4.05,2380,70,"-","Cameroon","aDRAC",1535,565
"Beta-25544","Carboneras",8.75,3.75,1110,60,"-","Equatorial Guinea","aDRAC",1536,136
"Beta-25545","Carboneras",8.75,3.75,1280,50,"-","Equatorial Guinea","aDRAC",1537,136
"Beta-25546","Okala 1",9.412,0.491,2290,80,"Charcoal_endocarp_elaeis","Gabon","aDRAC",1538,755
"Beta-25548","Okala 1",9.412,0.491,2120,60,"Charcoal_endocarp_elaeis","Gabon","aDRAC",1539,755
"Beta-25549","Okala 1",9.412,0.491,2460,60,"Charcoal_endocarp_elaeis","Gabon","aDRAC",1540,755
"Beta-25581","Carboneras",8.75,3.75,1370,60,"-","Equatorial Guinea","aDRAC",1541,136
"Beta-25582","Okala 1",9.412,0.491,2450,70,"Charcoal_endocarp_elaeis","Gabon","aDRAC",1542,755
"Beta-29772","Lac Noir de Ndende",11.333,-2.233,5530,230,"Charcoal_wood","Gabon","aDRAC",1543,405
"Beta-29773","Lac Noir de Ndende",11.333,-2.233,4590,70,"Charcoal_wood","Gabon","aDRAC",1544,405
"Beta-31410","Oliga",11.5,3.904,2810,100,"-","Cameroon","aDRAC",1545,770
"Beta-31411","Oliga",11.5,3.904,2710,130,"-","Cameroon","aDRAC",1546,770
"Beta-31412","Oliga",11.5,3.904,1860,70,"-","Cameroon","aDRAC",1547,770
"Beta-31413","Oliga",11.5,3.904,1960,80,"-","Cameroon","aDRAC",1548,770
"Beta-31414","Oliga",11.5,3.904,2820,70,"-","Cameroon","aDRAC",1549,770
"Beta-31534","Oliga",11.5,3.904,2110,60,"-","Cameroon","aDRAC",1550,770
"Beta-32228","Oliga",11.5,3.904,2150,80,"-","Cameroon","aDRAC",1551,770
"Beta-32264","Oliga",11.5,3.904,2200,60,"-","Cameroon","aDRAC",1552,770
"Beta-46139","Ofoubou 16",9.915,-1.669,2160,70,"Charcoal_wood","Gabon","aDRAC",1553,751
"Beta-46140","Ofoubou 33",10.071,-1.405,1090,70,"Charcoal_wood","Gabon","aDRAC",1554,752
"Beta-46141","Ofoubou 5",9.918,-1.656,2390,50,"Charcoal_wood","Gabon","aDRAC",1555,753
"Beta-46731","Ndakan",16.15,2.36,1740,60,"Charcoal_endocarp_elaeis","Central African Republic","aDRAC",1556,685
"Beta-46732","Ndakan",16.17,2.34,1820,60,"Charcoal_endocarp_elaeis","Central African Republic","aDRAC",1557,685
"Beta-46733","Ndakan",16.14,2.34,1590,50,"Charcoal_endocarp_elaeis","Central African Republic","aDRAC",1558,685
"Beta-46734","Ndakan",16.14,2.35,1510,60,"Charcoal_endocarp_elaeis","Central African Republic","aDRAC",1559,685
"Beta-51834","Shum Laka",10.078,5.859,3180,80,"Charcoal","Cameroon","aDRAC",1560,855
"Beta-51836","Shum Laka",10.078,5.859,2150,110,"Charcoal","Cameroon","aDRAC",1561,855
"Beta-51837","Shum Laka",10.078,5.859,1360,80,"Charcoal","Cameroon","aDRAC",1562,855
"Beta-53552","Remboue 3",9.959,-0.197,1750,70,"Charcoal_wood","Gabon","aDRAC",1563,816
"Beta-53555","Remboue 2",9.733,0.117,2180,100,"Charcoal_wood","Gabon","aDRAC",1564,815
"Beta-54220","Remboue 11",9.953,-0.183,1360,70,"Charcoal_wood","Gabon","aDRAC",1565,813
"Beta-54221","Remboue 15",9.949,-0.185,670,50,"Charcoal_wood","Gabon","aDRAC",1566,814
"Beta-74282","Angondje",9.417,0.506,740,50,"Charcoal_endocarp_elaeis","Gabon","aDRAC",1567,40
"Beta-74283","Angondje",9.417,0.506,930,50,"Charcoal_endocarp_elaeis","Gabon","aDRAC",1568,40
"Beta-74286","Iguela 2",9.317,-1.917,3680,60,"Charcoal_wood","Gabon","aDRAC",1569,263
"Beta-75775","Mingingi",16.5,2.59,1570,70,"Charcoal_endocarp_elaeis","Republic of the Congo","aDRAC",1570,581
"Beta-75776","Mingingi",16.5,2.59,1830,100,"Charcoal_endocarp_elaeis","Republic of the Congo","aDRAC",1571,581
"Beta-75777","Mingingi",16.5,2.59,1590,80,"Charcoal_endocarp_elaeis","Republic of the Congo","aDRAC",1572,581
"Beta-75778","Mingingi",16.5,2.59,1620,90,"Charcoal_endocarp_elaeis","Republic of the Congo","aDRAC",1573,581
"Beta-75779","Mingingi",16.5,2.59,1570,120,"Charcoal_endocarp_elaeis","Republic of the Congo","aDRAC",1574,581
"Beta-75780","Lower Mabale",16.66,2.64,1520,80,"Charcoal_endocarp_elaeis","Republic of the Congo","aDRAC",1575,466
"Beta-75781","Lower Mabale",16.66,2.64,1400,80,"Charcoal_endocarp_elaeis","Republic of the Congo","aDRAC",1576,466
"Beta-75782","Lower Mabale",16.66,2.64,1730,110,"Charcoal_endocarp_elaeis","Republic of the Congo","aDRAC",1577,466
"Beta-75783","Lower Mabale",16.66,2.64,1370,90,"Charcoal_endocarp_elaeis","Republic of the Congo","aDRAC",1578,466
"Beta-75784","Lower Mabale",16.66,2.64,1380,80,"Charcoal_endocarp_elaeis","Republic of the Congo","aDRAC",1579,466
"Beta-75785","Mongambo",16.78,2.69,1750,100,"Charcoal_endocarp_elaeis","Republic of the Congo","aDRAC",1580,610
"Beta-75786","Mongambo",16.78,2.69,1580,80,"Charcoal_endocarp_elaeis","Republic of the Congo","aDRAC",1581,610
"Beta-75787","Mongambo",16.78,2.69,1740,100,"Charcoal_endocarp_elaeis","Republic of the Congo","aDRAC",1582,610
"Beta-75788","Mongambo",16.78,2.69,1460,90,"Charcoal_endocarp_elaeis","Republic of the Congo","aDRAC",1583,610
"Beta-75789","Mongambo",16.78,2.69,1490,80,"Charcoal_endocarp_elaeis","Republic of the Congo","aDRAC",1584,610
"Beta-75790","Motaba",16.93,2.71,1700,80,"Charcoal_endocarp_elaeis","Republic of the Congo","aDRAC",1585,617
"Beta-75791","Motaba",16.93,2.71,1670,100,"Charcoal_endocarp_elaeis","Republic of the Congo","aDRAC",1586,617
"Beta-75792","Motaba",16.93,2.71,1420,100,"Charcoal_endocarp_elaeis","Republic of the Congo","aDRAC",1587,617
"Beta-75793","Motaba",16.93,2.71,1720,70,"Charcoal_endocarp_elaeis","Republic of the Congo","aDRAC",1588,617
"Beta-75794","Motaba",16.93,2.71,1390,100,"Charcoal_endocarp_elaeis","Republic of the Congo","aDRAC",1589,617
"Beta-75795","Upper Esimbi",16.5,2.54,1710,110,"Charcoal_endocarp_elaeis","Republic of the Congo","aDRAC",1590,916
"Beta-75796","Upper Esimbi",16.5,2.54,2020,80,"Charcoal_endocarp_elaeis","Republic of the Congo","aDRAC",1591,916
"Beta-75797","Upper Esimbi",16.5,2.54,1720,90,"Charcoal_endocarp_elaeis","Republic of the Congo","aDRAC",1592,916
"Beta-75798","Upper Esimbi",16.5,2.55,1480,70,"Charcoal_endocarp_elaeis","Republic of the Congo","aDRAC",1593,916
"Beta-75799","Upper Esimbi",16.5,2.55,1150,70,"Charcoal_endocarp_elaeis","Republic of the Congo","aDRAC",1594,916
"Beta-75800","Mid Esimbi",16.46,2.44,990,80,"Charcoal_endocarp_elaeis","Republic of the Congo","aDRAC",1595,570
"Beta-75801","Mid Esimbi",16.46,2.44,1280,80,"Charcoal_endocarp_elaeis","Republic of the Congo","aDRAC",1596,570
"Beta-75802","Mid Esimbi",16.46,2.44,1030,80,"Charcoal_endocarp_elaeis","Republic of the Congo","aDRAC",1597,570
"Beta-75803","Mid Esimbi",16.46,2.44,1300,80,"Charcoal_endocarp_elaeis","Republic of the Congo","aDRAC",1598,570
"Beta-75804","Mid Esimbi",16.46,2.44,1310,80,"Charcoal_endocarp_elaeis","Republic of the Congo","aDRAC",1599,570
"Beta-75805","Goaleke",16.34,2.32,1110,70,"Charcoal_endocarp_elaeis","Republic of the Congo","aDRAC",1600,239
"Beta-75806","Goalake",16.34,2.32,2290,70,"Charcoal_endocarp_elaeis","Republic of the Congo","aDRAC",1601,238
"Beta-75807","Goaleke",16.34,2.32,1290,70,"Charcoal_endocarp_elaeis","Republic of the Congo","aDRAC",1602,239
"Beta-75808","Goaleke",16.34,2.32,1390,100,"Charcoal_endocarp_elaeis","Republic of the Congo","aDRAC",1603,239
"Beta-75809","Goaleke",16.34,2.32,1210,80,"Charcoal_endocarp_elaeis","Republic of the Congo","aDRAC",1604,239
"Beta-75810","Mondika",16.28,2.35,1680,90,"Charcoal_endocarp_elaeis","Republic of the Congo","aDRAC",1605,609
"Beta-75811","Mondika",16.28,2.35,1760,90,"Charcoal_endocarp_elaeis","Republic of the Congo","aDRAC",1606,609
"Beta-75812","Mondika",16.28,2.35,1780,110,"Charcoal_endocarp_elaeis","Republic of the Congo","aDRAC",1607,609
"Beta-75813","Mondika",16.28,2.35,1840,90,"Charcoal_endocarp_elaeis","Republic of the Congo","aDRAC",1608,609
"Beta-75814","Mondika",16.28,2.35,1400,110,"Charcoal_endocarp_elaeis","Republic of the Congo","aDRAC",1609,609
"Beta-75815","Upper Ndoki",16.32,2.47,1480,80,"Charcoal_endocarp_elaeis","Republic of the Congo","aDRAC",1610,917
"Beta-75816","Upper Ndoki",16.32,2.47,1430,100,"Charcoal_endocarp_elaeis","Republic of the Congo","aDRAC",1611,917
"Beta-75817","Upper Ndoki",16.32,2.47,1800,80,"Charcoal_endocarp_elaeis","Republic of the Congo","aDRAC",1612,917
"Beta-75818","Upper Ndoki",16.32,2.47,1690,110,"Charcoal_endocarp_elaeis","Republic of the Congo","aDRAC",1613,917
"Beta-75819","Upper Ndoki",16.32,2.47,1520,90,"Charcoal_endocarp_elaeis","Republic of the Congo","aDRAC",1614,917
"Beta-75820","Wali",16.21,2.22,1660,90,"Charcoal_endocarp_elaeis","Republic of the Congo","aDRAC",1615,930
"Beta-75821","Wali",16.21,2.22,1880,70,"Charcoal_endocarp_elaeis","Republic of the Congo","aDRAC",1616,930
"Beta-75822","Wali",16.21,2.22,1790,90,"Charcoal_endocarp_elaeis","Republic of the Congo","aDRAC",1617,930
"Beta-75823","Wali",16.21,2.22,1630,80,"Charcoal_endocarp_elaeis","Republic of the Congo","aDRAC",1618,930
"Beta-75824","Wali",16.21,2.22,2160,100,"Charcoal_endocarp_elaeis","Republic of the Congo","aDRAC",1619,930
"Beta-75825","Mbeli creek",16.4,2.25,1550,80,"Charcoal_endocarp_elaeis","Republic of the Congo","aDRAC",1620,551
"Beta-75826","Mbeli creek",16.4,2.25,1690,80,"Charcoal_endocarp_elaeis","Republic of the Congo","aDRAC",1621,551
"Beta-75827","Mbeli creek",16.4,2.25,1550,70,"Charcoal_endocarp_elaeis","Republic of the Congo","aDRAC",1622,551
"Beta-75828","Mbeli creek",16.4,2.25,1240,70,"Charcoal_endocarp_elaeis","Republic of the Congo","aDRAC",1623,551
"Beta-75829","Mbeli creek",16.4,2.25,1560,70,"Charcoal_endocarp_elaeis","Republic of the Congo","aDRAC",1624,551
"Beta-75830","Bai Dédé Creek",16.53,2.21,2340,90,"Charcoal_endocarp_elaeis","Republic of the Congo","aDRAC",1625,62
"Beta-75831","Bai Dédé Creek",16.53,2.21,1620,100,"Charcoal_endocarp_elaeis","Republic of the Congo","aDRAC",1626,62
"Beta-75832","Bai Dédé Creek",16.53,2.21,1660,80,"Charcoal_endocarp_elaeis","Republic of the Congo","aDRAC",1627,62
"Beta-75833","Bai Dédé Creek",16.53,2.21,1730,90,"Charcoal_endocarp_elaeis","Republic of the Congo","aDRAC",1628,62
"Beta-75834","Bai Dédé Creek",16.53,2.21,1710,90,"Charcoal_endocarp_elaeis","Republic of the Congo","aDRAC",1629,62
"Beta-75835","12 km Dédé creek",16.51,2.2,1760,80,"Charcoal_endocarp_elaeis","Republic of the Congo","aDRAC",1630,1
"Beta-75836","12 km Dédé creek",16.51,2.2,1730,80,"Charcoal_endocarp_elaeis","Republic of the Congo","aDRAC",1631,1
"Beta-75837","12 km Dédé creek",16.51,2.2,1730,100,"Charcoal_endocarp_elaeis","Republic of the Congo","aDRAC",1632,1
"Beta-75838","12 km Dédé creek",16.51,2.2,1780,100,"Charcoal_endocarp_elaeis","Republic of the Congo","aDRAC",1633,1
"Beta-75839","12 km Dédé creek",16.51,2.2,1940,90,"Charcoal_endocarp_elaeis","Republic of the Congo","aDRAC",1634,1
"Beta-75840","West Ndoki Lombé",16.4,2.19,1830,80,"Charcoal_endocarp_elaeis","Republic of the Congo","aDRAC",1635,934
"Beta-75841","West Ndoki Lombé",16.4,2.19,2090,100,"Charcoal_endocarp_elaeis","Republic of the Congo","aDRAC",1636,934
"Beta-75842","West Ndoki Lombé",16.4,2.19,1280,80,"Charcoal_endocarp_elaeis","Republic of the Congo","aDRAC",1637,934
"Beta-75843","West Ndoki Lombé",16.4,2.19,1780,110,"Charcoal_endocarp_elaeis","Republic of the Congo","aDRAC",1638,934
"Beta-75844","West Ndoki Lombé",16.4,2.19,1690,90,"Charcoal_endocarp_elaeis","Republic of the Congo","aDRAC",1639,934
"Beta-75845","Modoubou",16.35,2.94,1540,100,"Charcoal_endocarp_elaeis","Central African Republic","aDRAC",1640,605
"Beta-75846","Modoubou",16.35,2.94,1170,90,"Charcoal_endocarp_elaeis","Central African Republic","aDRAC",1641,605
"Beta-75847","Modoubou",16.35,2.94,1350,90,"Charcoal_endocarp_elaeis","Central African Republic","aDRAC",1642,605
"Beta-75848","Modoubou",16.35,2.94,1620,100,"Charcoal_endocarp_elaeis","Republic of the Congo","aDRAC",1643,605
"Beta-75849","Modoubou",16.35,2.94,1450,80,"Charcoal_endocarp_elaeis","Central African Republic","aDRAC",1644,605
"Beta-75850","Kenie Branch",16.14,2.37,1640,80,"Charcoal_endocarp_elaeis","Central African Republic","aDRAC",1645,341
"Beta-75851","Kenie Branch",16.14,2.37,1860,90,"Charcoal_endocarp_elaeis","Central African Republic","aDRAC",1646,341
"Beta-75852","Kenie Branch",16.14,2.37,2090,90,"Charcoal_endocarp_elaeis","Central African Republic","aDRAC",1647,341
"Beta-75853","Kenie Branch",16.14,2.37,1640,110,"Charcoal_endocarp_elaeis","Central African Republic","aDRAC",1648,341
"Beta-75854","Kenie Branch",16.14,2.37,1890,100,"Charcoal_endocarp_elaeis","Central African Republic","aDRAC",1649,341
"Beta-88067","Bécaré II",16.041,3.526,1870,70,"Charcoal","Central African Republic","aDRAC",1650,79
"Beta-143016","Bwambé-Sommet (Est)",9.904,2.894,2340,70,"-","Cameroon","aDRAC",1651,129
"Beta-143017","Bwambé-Sommet (Est)",9.904,2.894,2520,70,"-","Cameroon","aDRAC",1652,129
"Beta-143018","Campo",9.831,2.377,2000,40,"-","Cameroon","aDRAC",1653,133
"Beta-146654","Bandewouri 1",10.181,3.058,1670,70,"-","Cameroon","aDRAC",1654,68
"Beta-146655","Bwambé-Sommet (Est)",9.904,2.894,2200,60,"-","Cameroon","aDRAC",1655,129
"Beta-146656","Bwambé-Sommet (Est)",9.904,2.894,2030,80,"-","Cameroon","aDRAC",1656,129
"Beta-146657","Bwambé-Sommet (Est)",9.904,2.894,2340,60,"-","Cameroon","aDRAC",1657,129
"Beta-146658","Bwambé-Sommet (Est)",9.904,2.894,1760,70,"-","Cameroon","aDRAC",1658,129
"Beta-146659","Campo",9.831,2.377,1710,60,"-","Cameroon","aDRAC",1659,133
"Beta-146660","Campo",9.831,2.377,1940,70,"-","Cameroon","aDRAC",1660,133
"Beta-146661","Kribi Hotel",9.904,2.933,1820,80,"-","Cameroon","aDRAC",1661,387
"Beta-156376","Boussibilinga 1",9.878,2.737,1570,70,"-","Cameroon","aDRAC",1662,118
"Beta-156377","Bwambe-Beach",9.901,2.899,550,70,"-","Cameroon","aDRAC",1663,128
"Beta-156378","Bwambé-Sommet (Est)",9.904,2.894,2240,70,"-","Cameroon","aDRAC",1664,129
"Beta-156379","Bwambé-Sommet (Est)",9.904,2.894,2360,70,"-","Cameroon","aDRAC",1665,129
"Beta-156380","Bwambé-Sommet (Est)",9.904,2.894,2550,90,"-","Cameroon","aDRAC",1666,129
"Beta-156381","Bwambé-Sommet (Est)",9.904,2.894,2240,90,"-","Cameroon","aDRAC",1667,129
"Beta-156382","Bwambé-Sommet (Est)",9.904,2.894,2410,60,"-","Cameroon","aDRAC",1668,129
"Beta-156383","Bwambé-Sommet (Est)",9.904,2.894,2460,70,"-","Cameroon","aDRAC",1669,129
"Beta-156384","Campo",9.831,2.377,1830,70,"-","Cameroon","aDRAC",1670,133
"Beta-156385","Campo",9.831,2.377,1780,60,"-","Cameroon","aDRAC",1671,133
"Beta-156387","Malongo 1",9.867,2.734,2340,60,"-","Cameroon","aDRAC",1672,509
"Beta-156388","Nlendé Dibe 3",9.881,2.761,1900,50,"-","Cameroon","aDRAC",1673,729
"Beta-163966","Mban 1",16.237,8.105,3160,70,"-","Chad","aDRAC",1674,547
"Beta-165709","Bwambe-Beach",9.901,2.899,1480,60,"-","Cameroon","aDRAC",1675,128
"Beta-165710","Bwambe-Beach",9.901,2.899,1350,50,"-","Cameroon","aDRAC",1676,128
"Beta-165711","Bwambe-Beach",9.901,2.899,1360,60,"-","Cameroon","aDRAC",1677,128
"Beta-165712","Eboundja 3",9.889,2.789,1280,70,"-","Cameroon","aDRAC",1678,191
"Beta-165713","Eboundja 3",9.889,2.789,1740,50,"Charcoal_wood","Cameroon","aDRAC",1679,191
"Beta-165714","Eboundja 3",9.889,2.789,1280,70,"Charcoal_wood","Cameroon","aDRAC",1680,191
"Beta-169033","Mban 1",16.237,8.105,1020,50,"-","Chad","aDRAC",1681,547
"Beta-169185","Akok Benyat 2",10.071,2.396,410,50,"-","Cameroon","aDRAC",1682,9
"Beta-169186","Akok Benyat 2",10.071,2.396,1070,60,"-","Cameroon","aDRAC",1683,9
"Beta-169187","Akok Benyat 2",10.071,2.396,3650,70,"-","Cameroon","aDRAC",1684,9
"Beta-175346","Mban 1",16.237,8.105,920,40,"-","Chad","aDRAC",1685,547
"Beta-182531","Sokorta Manga",14.832,7.134,830,40,"-","Cameroon","aDRAC",1686,867
"Beta-182532","Sokorta Manga",14.832,7.134,1040,40,"-","Cameroon","aDRAC",1687,867
"Beta-182533","Djaoro Mbama",14.745,7.094,1950,60,"-","Cameroon","aDRAC",1688,179
"Beta-182534","Djaoro Mbama",14.745,7.094,1980,70,"-","Cameroon","aDRAC",1689,179
"Beta-182535","Djaoro Mbama",14.745,7.094,2010,60,"-","Cameroon","aDRAC",1690,179
"Beta-182536","Djaoro Mbama",14.745,7.094,1770,80,"-","Cameroon","aDRAC",1691,179
"Beta-182537","Djaoro Mbama",14.745,7.094,1880,60,"-","Cameroon","aDRAC",1692,179
"Beta-182538","Ndtoua",10.219,3.063,700,60,"-","Cameroon","aDRAC",1693,699
"Beta-182539","Ndtoua",10.219,3.063,5490,70,"-","Cameroon","aDRAC",1694,699
"Beta-182540","Ndtoua",10.219,3.063,1920,70,"-","Cameroon","aDRAC",1695,699
"Beta-182541","Ndtoua",10.219,3.063,1910,60,"-","Cameroon","aDRAC",1696,699
"Beta-182542","Koukony",13.063,4.849,1690,70,"-","Cameroon","aDRAC",1697,380
"Beta-182543","Ewankang",12.852,4.804,400,50,"-","Cameroon","aDRAC",1698,211
"Beta-182544","Makoure",10.173,3.061,2210,60,"-","Cameroon","aDRAC",1699,498
"Beta-182546","Dombè",9.95,2.964,2540,60,"-","Cameroon","aDRAC",1700,180
"Beta-182547","Dombè",9.95,2.964,2440,60,"-","Cameroon","aDRAC",1701,180
"Beta-182548","Bissiang",10.021,2.998,2550,60,"-","Cameroon","aDRAC",1702,97
"Beta-182549","Bissiang",10.021,2.998,2770,70,"-","Cameroon","aDRAC",1703,97
"Beta-182550","Bidou",10.083,3.031,1530,70,"-","Cameroon","aDRAC",1704,92
"Beta-182551","Bidjouka",10.502,3.137,1580,80,"-","Cameroon","aDRAC",1705,91
"Beta-182552","Bidjouka",10.502,3.137,1480,70,"-","Cameroon","aDRAC",1706,91
"Beta-182553","Lom 1",13.49,5.404,270,70,"-","Cameroon","aDRAC",1707,456
"Beta-182554","Pangar",13.715,5.641,920,120,"-","Cameroon","aDRAC",1708,796
"Beta-182555","Ngoumou",11.321,3.602,2000,40,"-","Cameroon","aDRAC",1709,713
"Beta-182556","Obokoue",11.352,3.647,330,50,"-","Cameroon","aDRAC",1710,750
"Beta-182557","Binguela II",11.373,3.741,1590,60,"-","Cameroon","aDRAC",1711,95
"Beta-182558","Binguela II",11.373,3.741,1670,70,"-","Cameroon","aDRAC",1712,95
"Beta-182559","Binguela II",11.373,3.741,1630,70,"-","Cameroon","aDRAC",1713,95
"Beta-182560","Zoatoupsi",11.389,3.81,2170,70,"-","Cameroon","aDRAC",1714,949
"Beta-182561","Ozom",11.417,3.914,1550,70,"-","Cameroon","aDRAC",1715,792
"Beta-182562","Beka Petel",14.421,6.771,870,60,"-","Cameroon","aDRAC",1716,80
"Beta-182563","Beka Petel",14.421,6.771,750,70,"-","Cameroon","aDRAC",1717,80
"Beta-182564","Essong Missang",11.581,4.091,1420,60,"-","Cameroon","aDRAC",1718,206
"Beta-182565","Ezezang",11.498,4.026,2120,70,"-","Cameroon","aDRAC",1719,213
"Beta-182566","Ezezang",11.498,4.026,2410,60,"-","Cameroon","aDRAC",1720,213
"Beta-182567","Ezezang",11.498,4.026,2220,70,"-","Cameroon","aDRAC",1721,213
"Beta-182568","Ezezang",11.498,4.026,2260,40,"-","Cameroon","aDRAC",1722,213
"Beta-182569","Ezezang",11.498,4.026,2210,40,"-","Cameroon","aDRAC",1723,213
"Beta-182570","Ongot",11.378,3.851,2240,100,"-","Cameroon","aDRAC",1724,774
"Beta-182571","Ongot",11.378,3.851,1410,60,"-","Cameroon","aDRAC",1725,774
"Beta-182572","Leboudi",11.424,3.923,2140,110,"-","Cameroon","aDRAC",1726,425
"Beta-182573","Ndjoré",11.829,4.396,1930,60,"-","Cameroon","aDRAC",1727,693
"Beta-182576","Ndjoré",11.829,4.396,1870,40,"-","Cameroon","aDRAC",1728,693
"Beta-182578","Ndokoa",11.86,4.436,1980,80,"-","Cameroon","aDRAC",1729,695
"Beta-182579","Zili",11.985,4.488,2630,70,"-","Cameroon","aDRAC",1730,945
"Beta-182580","Doumba",12.22,4.576,2020,60,"-","Cameroon","aDRAC",1731,184
"Beta-182581","Nanga Eboko",12.394,4.649,2190,60,"-","Cameroon","aDRAC",1732,680
"Beta-182582","Nanga Eboko",12.394,4.649,2040,80,"-","Cameroon","aDRAC",1733,680
"Beta-182583","Meyang",12.687,4.777,2360,60,"-","Cameroon","aDRAC",1734,564
"Beta-182584","Meyang",12.687,4.777,2110,60,"-","Cameroon","aDRAC",1735,564
"Beta-202219","Ebel Alembe 1",11.113,0.134,2310,60,"-","Gabon","aDRAC",1736,189
"Beta-202220","Ebel Alembe 1",11.113,0.134,2060,80,"-","Gabon","aDRAC",1737,189
"Beta-202221","Ebel Alembe 1",11.113,0.134,2320,60,"-","Gabon","aDRAC",1738,189
"Beta-202222","Ebel Alembe 2",11.116,0.134,2170,60,"-","Gabon","aDRAC",1739,190
"Beta-202225","Issemeyo 7",11.398,0.304,2450,50,"-","Gabon","aDRAC",1740,284
"Beta-202226","Benguie 7",11.384,0.288,2190,70,"-","Gabon","aDRAC",1741,86
"Beta-202228","Viafé 3",11.38,0.2,1960,60,"-","Gabon","aDRAC",1742,921
"Beta-202229","Issemeyo 4",11.389,0.3,2060,70,"-","Gabon","aDRAC",1743,283
"Beta-202230","Issemeyo 4",11.389,0.3,2050,70,"-","Gabon","aDRAC",1744,283
"Beta-202231","Lalara 1",11.436,0.349,1430,60,"-","Gabon","aDRAC",1745,413
"Beta-202232","Lalara 1",11.436,0.349,1990,60,"-","Gabon","aDRAC",1746,413
"Beta-233400","Kribi-Mpoengu",9.912,2.927,1520,40,"-","Cameroon","aDRAC",1747,384
"Beta-233401","Kribi-Mpoengu",9.912,2.927,1510,50,"-","Cameroon","aDRAC",1748,384
"Beta-233402","Kribi-Talla",9.91,2.93,2040,50,"Charcoal","Cameroon","aDRAC",1749,386
"Beta-233556","Limbumba (LM)",16.864,3.657,2380,40,"-","Central African Republic","aDRAC",1750,449
"Beta-242316","Kribi-Mpoengu",9.912,2.927,2190,50,"-","Cameroon","aDRAC",1751,384
"Beta-242317","Kribi-Mpoengu",9.912,2.927,1470,40,"-","Cameroon","aDRAC",1752,384
"Beta-245105","Dibamba",9.822,3.996,760,40,"-","Cameroon","aDRAC",1753,172
"Beta-245106","Dibamba",9.822,3.996,530,40,"-","Cameroon","aDRAC",1754,172
"Beta-245108","Dibamba",9.822,3.996,770,40,"-","Cameroon","aDRAC",1755,172
"Beta-245109","Dibamba",9.822,3.996,790,50,"-","Cameroon","aDRAC",1756,172
"Beta-245110","Dibamba",9.822,3.996,250,50,"-","Cameroon","aDRAC",1757,172
"Beta-245111","Dibamba",9.822,3.996,730,40,"-","Cameroon","aDRAC",1758,172
"Beta-245112","Dibamba",9.822,3.996,920,50,"-","Cameroon","aDRAC",1759,172
"Beta-245113","Dibamba",9.822,3.996,760,40,"-","Cameroon","aDRAC",1760,172
"Beta-245114","Dibamba",9.822,3.996,260,50,"-","Cameroon","aDRAC",1761,172
"Beta-245115","Dibamba",9.822,3.996,1980,50,"-","Cameroon","aDRAC",1762,172
"Beta-245116","Dibamba",9.822,3.996,1900,50,"-","Cameroon","aDRAC",1763,172
"Beta-245117","Dibamba",9.822,3.996,530,40,"-","Cameroon","aDRAC",1764,172
"Beta-245118","Dibamba",9.822,3.996,830,50,"-","Cameroon","aDRAC",1765,172
"Beta-245119","Dibamba",9.822,3.996,1810,50,"-","Cameroon","aDRAC",1766,172
"Beta-246742","Kribi-Talla",9.91,2.93,1610,40,"-","Cameroon","aDRAC",1767,386
"Beta-246743","Kribi-Talla",9.91,2.93,1660,40,"-","Cameroon","aDRAC",1768,386
"Beta-279278","Kribi-Mpolongwe",9.912,2.93,900,40,"-","Cameroon","aDRAC",1769,385
"Beta-279279","Kribi-Mpolongwe",9.912,2.93,2390,50,"-","Cameroon","aDRAC",1770,385
"Beta-279280","Kribi-Mpolongwe",9.912,2.93,810,40,"-","Cameroon","aDRAC",1771,385
"Beta-279281","Kribi-Mpolongwe",9.912,2.93,2250,50,"-","Cameroon","aDRAC",1772,385
"Beta-279282","Kribi-Mpolongwe",9.912,2.93,2280,40,"-","Cameroon","aDRAC",1773,385
"Beta-279283","Kribi-Mpolongwe",9.912,2.93,2410,50,"-","Cameroon","aDRAC",1774,385
"Beta-279284","Kribi-Mpolongwe",9.912,2.93,2610,50,"-","Cameroon","aDRAC",1775,385
"Beta-279285","Kribi-Mpolongwe",9.912,2.93,1850,40,"-","Cameroon","aDRAC",1776,385
"Beta-279286","Kribi-Mpolongwe",9.912,2.93,2450,40,"-","Cameroon","aDRAC",1777,385
"Beta-282420","Poutem",17.308,4.002,1690,40,"-","Central African Republic","aDRAC",1778,806
"Beta-282421","Boua",17.042,4.08,1140,40,"-","Central African Republic","aDRAC",1779,117
"Beta-287972","Boua",17.042,4.08,1230,40,"-","Central African Republic","aDRAC",1780,117
"Beta-28828","Mina, Leconi",14.259,-1.584,970,80,"Charcoal_wood","Gabon","aDRAC",1781,579
"Beta-292440","Lac Ndembo",11.653,-4.355,1340,30,"-","Republic of the Congo","aDRAC",1782,404
"Beta-292441","Lac Ndembo",11.653,-4.355,1250,30,"-","Republic of the Congo","aDRAC",1783,404
"Beta-292442","Lac Ndembo",11.653,-4.355,1610,40,"-","Republic of the Congo","aDRAC",1784,404
"Beta-296113","Nanda/Corisco",9.317,0.917,1670,40,"-","Equatorial Guinea","aDRAC",1785,678
"Beta-296115","Nanda/Corisco",9.317,0.917,950,30,"-","Equatorial Guinea","aDRAC",1786,678
"Beta-296116","Nanda/Corisco",9.317,0.917,1760,40,"-","Equatorial Guinea","aDRAC",1787,678
"Beta-296117","Nanda/Corisco",9.317,0.917,1940,40,"-","Equatorial Guinea","aDRAC",1788,678
"Beta-300121","Dibamba",9.822,3.996,880,30,"-","Cameroon","aDRAC",1789,172
"Beta-300122","Dibamba",9.822,3.996,990,30,"-","Cameroon","aDRAC",1790,172
"Beta-300123","Dibamba",9.822,3.996,1810,30,"Charcoal_endocarp_elaeis","Cameroon","aDRAC",1791,172
"Beta-300124","Dibamba",9.822,3.996,310,30,"Charcoal_endocarp_elaeis","Cameroon","aDRAC",1792,172
"Beta-302753","Dibamba",9.822,3.996,260,30,"-","Cameroon","aDRAC",1793,172
"Beta-302760","Dibamba",9.822,3.996,520,30,"Charcoal_endocarp_elaeis","Cameroon","aDRAC",1794,172
"Beta-314122","Luki",13.145,-5.587,580,30,"Charcoal_wood","Democratic Republic of the Congo","aDRAC",1795,471
"Beta-329502","Lukula",12.962,-5.435,910,30,"Charcoal_endocarp_elaeis","Democratic Republic of the Congo","aDRAC",1796,472
"Beta-329503","Lukula",12.962,-5.435,1190,30,"Charcoal_endocarp_elaeis","Democratic Republic of the Congo","aDRAC",1797,472
"Beta-333283","Kindoki",15.01,-5.07,340,30,"Charcoal_wood","Democratic Republic of the Congo","aDRAC",1798,352
"Beta-333284","Kindoki",15.01,-5.07,310,30,"Charcoal_wood","Democratic Republic of the Congo","aDRAC",1799,352
"Beta-333286","Kindoki",15.01,-5.07,250,30,"Charcoal_wood","Democratic Republic of the Congo","aDRAC",1800,352
"Beta-379379","Ngongo Mbata",15.117,-5.781,330,30,"Charcoal_wood","Democratic Republic of the Congo","aDRAC",1801,707
"Beta-382528","Kindoki",15.01,-5.07,370,30,"Charcoal_wood","Democratic Republic of the Congo","aDRAC",1802,352
"Beta-441457","Iyonda",18.186,-0.035,2040,30,"Charcoal_endocarp_elaeis","Democratic Republic of the Congo","aDRAC",1803,289
"Beta-441458","Iyonda",18.186,-0.035,2110,30,"Lophira","Democratic Republic of the Congo","aDRAC",1804,289
"Beta-447441","Bolondo",21.253,-0.306,410,30,"Charcoal_endocarp_elaeis","Democratic Republic of the Congo","aDRAC",1805,108
"Beta-447442","Bolondo",21.253,-0.306,520,30,"Charcoal_endocarp_elaeis","Democratic Republic of the Congo","aDRAC",1806,108
"Beta-451398","Ngongo Mbata",15.117,-5.781,320,30,"Charcoal_wood","Democratic Republic of the Congo","aDRAC",1807,707
"Beta-469857","Bolondo",21.253,-0.306,420,30,"Cenchrus americanus","Democratic Republic of the Congo","aDRAC",1808,108
"Beta-469858","Bolondo",21.253,-0.306,480,30,"Cenchrus americanus","Democratic Republic of the Congo","aDRAC",1809,108
"Beta-471016","Kingoyi",14.329,-4.295,370,30,"-","Republic of the Congo","aDRAC",1810,355
"Beta-471017","Mamfulu b",14.326,-4.298,820,30,"-","Republic of the Congo","aDRAC",1811,515
"Beta-471018","Kilodia",14.361,-4.292,1010,30,"-","Republic of the Congo","aDRAC",1812,347
"Beta-471019","Kilodia",14.361,-4.292,1110,30,"-","Republic of the Congo","aDRAC",1813,347
"Beta-630485","Okwon",19.601,-4.997,350,30,"Charcoal_wood","Democratic Republic of the Congo","aDRAC",1814,763
"BM-2496","Shum Laka",10.078,5.859,6360,100,"Charcoal","Cameroon","aDRAC",1815,855
"Crg-862","Tsabouka",14.428,-4.261,570,50,"-","Republic of the Congo","aDRAC",1816,899
"Crg-865","Tsabouka",14.428,-4.261,750,70,"-","Republic of the Congo","aDRAC",1817,899
"CSIC-96","Carboneras",8.75,3.75,1170,60,"-","Equatorial Guinea","aDRAC",1818,136
"CSIC-97","Carboneras",8.75,3.75,470,60,"-","Equatorial Guinea","aDRAC",1819,136
"CSIC-98","Carboneras",8.75,3.75,1450,50,"","Equatorial Guinea","aDRAC",1820,136
"CSIC-99","Carboneras",8.75,3.75,1250,60,"-","Equatorial Guinea","aDRAC",1821,136
"CSIC-100","Carboneras",8.75,3.75,1300,60,"-","Equatorial Guinea","aDRAC",1822,136
"CSIC-101","Carboneras",8.75,3.75,1480,50,"","Equatorial Guinea","aDRAC",1823,136
"CSIC-102","Carboneras",8.75,3.75,1390,60,"-","Equatorial Guinea","aDRAC",1824,136
"CSIC-103","Carboneras",8.75,3.75,1360,60,"-","Equatorial Guinea","aDRAC",1825,136
"CSIC-139","Carboneras",8.75,3.75,1290,60,"-","Equatorial Guinea","aDRAC",1826,136
"D-AMS-27054","Lebe",17.516,3.763,1898,27,"Charcoal_wood","Central African Republic","aDRAC",1827,423
"D-AMS-27055","Lebe",17.514,3.765,348,25,"Charcoal_wood","Central African Republic","aDRAC",1828,423
"D-AMS-27056","Lebe",17.514,3.765,347,23,"Charcoal_wood","Central African Republic","aDRAC",1829,423
"D-AMS-27057","Lebe",17.512,3.79,782,22,"Charcoal_wood","Central African Republic","aDRAC",1830,423
"D-AMS-27058","Lebe",17.515,3.764,356,24,"Charcoal_wood","Central African Republic","aDRAC",1831,423
"D-AMS-27059","Lebe",17.515,3.764,252,23,"Charcoal_wood","Central African Republic","aDRAC",1832,423
"D-AMS-27060","Lebe",17.515,3.764,246,23,"Charcoal_wood","Central African Republic","aDRAC",1833,423
"D-AMS-27062","Moloukou",17.518,3.74,1144,27,"Charcoal_wood","Central African Republic","aDRAC",1834,607
"D-AMS-27063","Moloukou",17.507,3.738,1146,26,"Charcoal_wood","Central African Republic","aDRAC",1835,607
"D-AMS-27066","Moloukou",17.508,3.738,1907,34,"Charcoal_wood","Central African Republic","aDRAC",1836,607
"D-AMS-27781","Lebe",17.515,3.764,326,23,"Charcoal_wood","Central African Republic","aDRAC",1837,423
"D-AMS-27782","Lebe",17.516,3.763,325,23,"Charcoal_wood","Central African Republic","aDRAC",1838,423
"D-AMS-37357","Nangara-Komba",15.7,4.975,1736,24,"Charcoal_endocarp_canarium","Central African Republic","aDRAC",1839,681
"D-AMS-45991","Nola",16.069,3.525,1659,21,"","Central African Republic","aDRAC",1840,730
"D-AMS-45993","Namboui 2",16.041,3.526,2551,21,"","Central African Republic","aDRAC",1841,675
"D-AMS-45994","Monkamboht 2",16.062,3.527,1695,24,"","Central African Republic","aDRAC",1842,611
"Erl-9176","Bwambé-Sommet (Est)",9.904,2.894,2326,86,"Charcoal_seed_Pennisetum glaucum","Cameroon","aDRAC",1843,129
"Erl-9177","Bwambé-Sommet (Est)",9.904,2.894,2305,44,"Charcoal_endocarp_elaeis","Cameroon","aDRAC",1844,129
"Erl-12252","Bagofit",13.855,3.392,270,40,"-","Cameroon","aDRAC",1845,61
"Erl-12253","Bagofit",13.855,3.392,1920,40,"-","Cameroon","aDRAC",1846,61
"Erl-12254","Bagofit",13.855,3.392,2560,40,"-","Cameroon","aDRAC",1847,61
"Erl-12255","Mintyaminyoumin",12.025,3.02,2180,40,"-","Cameroon","aDRAC",1848,584
"Erl-12256","Mintyaminyoumin",12.025,3.02,2210,40,"-","Cameroon","aDRAC",1849,584
"Erl-12257","Mampang",13.124,3.582,1760,40,"-","Cameroon","aDRAC",1850,516
"Erl-12258","Mampang",13.124,3.582,1760,40,"-","Cameroon","aDRAC",1851,516
"Erl-12259","Nkpwala-Esse",12.069,2.97,1886,38,"Charcoal","Cameroon","aDRAC",1852,728
"Erl-12260","Nkpwala-Esse",12.069,2.97,1896,38,"Charcoal_endocarp_elaeis","Cameroon","aDRAC",1853,728
"Erl-12261","Nkpwala-Esse",12.069,2.97,1905,39,"Charcoal","Cameroon","aDRAC",1854,728
"Erl-12262","Nkpwala-Esse",12.069,2.97,1953,38,"Charcoal","Cameroon","aDRAC",1855,728
"Erl-12263","Nkpwala-Esse",12.069,2.97,1933,39,"Charcoal","Cameroon","aDRAC",1856,728
"Erl-12264","Mouanko-Lobethal",9.782,3.642,1960,39,"Charcoal","Cameroon","aDRAC",1857,620
"Erl-14118","Mintyaminyoumin",12.025,3.02,2300,50,"-","Cameroon","aDRAC",1858,584
"Erl-17763","Boso-Njafo",19.21,1.131,2201,52,"Charcoal_seed_Pennisetum glaucum","Democratic Republic of the Congo","aDRAC",1859,115
"Gif-459","Bitorri",14.502,-3.905,4030,200,"Charcoal","Republic of the Congo","aDRAC",1860,98
"Gif-1637","Tia 1",15.5,5.85,1920,100,"Charcoal","Central African Republic","aDRAC",1861,890
"Gif-1688","Biala",13.25,-3.867,1310,100,"-","Republic of the Congo","aDRAC",1862,90
"Gif-1887","Be Yole",15.6,5.9,2560,110,"Charcoal","Central African Republic","aDRAC",1863,76
"Gif-1888","Be Yole",15.6,5.9,2200,110,"Charcoal","Central African Republic","aDRAC",1864,76
"Gif-1889","Zupaya",15.34,5.58,2400,100,"Charcoal","Central African Republic","aDRAC",1865,950
"Gif-1890","Zupaya",15.34,5.58,6700,140,"-","Central African Republic","aDRAC",1866,950
"Gif-2209","Point-Noire",11.85,-4.75,4920,140,"-","Republic of the Congo","aDRAC",1867,804
"Gif-2948","Point-Noire",11.85,-4.75,1890,90,"Charcoal","Republic of the Congo","aDRAC",1868,804
"Gif-4219","Ntadi Yomba",13.767,-4.25,370,80,"Charcoal","Republic of the Congo","aDRAC",1869,735
"Gif-4220","Ntadi Yomba",13.767,-4.25,270,80,"Charcoal","Republic of the Congo","aDRAC",1870,735
"Gif-4221","Ntadi Yomba",13.767,-4.25,300,80,"Charcoal","Republic of the Congo","aDRAC",1871,735
"Gif-4223","Point-Noire",11.85,-4.75,1240,90,"Charcoal","Republic of the Congo","aDRAC",1872,804
"Gif-4391","Ntadi Yomba",13.767,-4.25,1990,90,"Charcoal","Republic of the Congo","aDRAC",1873,735
"Gif-4613","Ntadi Yomba",13.767,-4.25,6890,160,"Shell (Land)","Democratic Republic of the Congo","aDRAC",1874,735
"Gif-4614","Ntadi Yomba",13.767,-4.25,690,200,"Charcoal","Republic of the Congo","aDRAC",1875,735
"Gif-5796","Nzabi",14.45,-2.383,1460,90,"Charcoal","Republic of the Congo","aDRAC",1876,747
"Gif-5894","Batalimo",18.455,3.676,1590,90,"Charcoal","Central African Republic","aDRAC",1877,73
"Gif-5986","Mpassa",14.267,-4.3,660,80,"Charcoal","Republic of the Congo","aDRAC",1878,626
"Gif-5987","Sablière",9.383,0.5,4870,90,"Charcoal_wood","Gabon","aDRAC",1879,833
"Gif-6011","Kitala II",13.083,-9.033,720,60,"Honey","Angola","aDRAC",1880,366
"Gif-6053","Gangalingolo",14.15,-4.217,2370,80,"-","Republic of the Congo","aDRAC",1881,229
"Gif-6121","Mikouloungou 4",13.347,-1.632,1230,70,"Charcoal_wood","Gabon","aDRAC",1882,573
"Gif-6182","Kamabanga I",13.083,-9.05,1120,60,"Charcoal","Angola","aDRAC",1883,307
"Gif-6423","Otoumbi 2",11.092,-0.068,1970,70,"Charcoal_wood","Gabon","aDRAC",1884,778
"Gif-6426","Sablière",9.383,0.5,1150,60,"Charcoal_wood","Gabon","aDRAC",1885,833
"Gif-6504","Ntsimou",15.207,-3.565,3700,90,"-","Republic of the Congo","aDRAC",1886,738
"Gif-6677","Mouila 2",11.033,-1.985,1010,200,"Charcoal_wood","Gabon","aDRAC",1887,623
"Gif-6678","Sablière",9.383,0.5,2490,50,"Charcoal_wood","Gabon","aDRAC",1888,833
"Gif-6905","Kafele 2",10.044,0.2,1670,80,"Charcoal_wood","Gabon","aDRAC",1889,302
"Gif-6906","Kango 5",10.082,0.201,2270,60,"Charcoal_wood","Gabon","aDRAC",1890,318
"Gif-6907","Sablière",9.383,0.5,6450,80,"Charcoal_wood","Gabon","aDRAC",1891,833
"Gif-6908","Otoumbi 1",11.085,-0.068,1860,60,"Charcoal_wood","Gabon","aDRAC",1892,776
"Gif-6909","Okanda 1/Mont Brazza",11.589,-0.128,2130,60,"Charcoal_wood","Gabon","aDRAC",1893,756
"Gif-7196","Otoumbi 5",11.124,-0.062,1630,50,"Charcoal_wood","Gabon","aDRAC",1894,781
"Gif-7197","Otoumbi 5",11.124,-0.062,1700,50,"Charcoal_wood","Gabon","aDRAC",1895,781
"Gif-7430","Otoumbi 8",11.119,-0.047,1640,70,"Charcoal_wood","Gabon","aDRAC",1896,782
"Gif-7434","Obelango",15.463,-1.266,1720,60,"-","Republic of the Congo","aDRAC",1897,748
"Gif-7435","Bime (Kibouende)",15.181,-4.156,1540,60,"-","Republic of the Congo","aDRAC",1898,94
"Gif-7436","Ntsimou",15.207,-3.565,1120,50,"-","Republic of the Congo","aDRAC",1899,738
"Gif-7437","Itebe",14.145,-2.988,670,50,"-","Republic of the Congo","aDRAC",1900,287
"Gif-7438","Ngidi",15.083,-4.067,430,50,"-","Republic of the Congo","aDRAC",1901,704
"Gif-7439","Bime (Kibouende)",15.181,-4.156,440,50,"-","Republic of the Congo","aDRAC",1902,94
"Gif-7524","Okanda 5",11.553,-0.108,1840,60,"Charcoal_wood","Gabon","aDRAC",1903,758
"Gif-7525","Lope 12",11.594,-0.208,2280,80,"Charcoal_wood","Gabon","aDRAC",1904,458
"Gif-7602","Lokoku",21.4,2.2,1970,60,"-","Democratic Republic of the Congo","aDRAC",1905,453
"Gif-7774","Lope 10",11.604,-0.178,2310,70,"-","Gabon","aDRAC",1906,457
"Gif-7775","Mingoue 5",11.36,-0.18,1730,60,"-","Gabon","aDRAC",1907,583
"Gif-7776","Okanda 2",11.575,-0.119,2110,70,"-","Gabon","aDRAC",1908,757
"Gif-7777","Mbama 1",11.8,-0.1,1420,50,"-","Gabon","aDRAC",1909,546
"Gif-8050","Otoumbi 3",11.117,-0.067,500,30,"Charcoal_wood","Gabon","aDRAC",1910,779
"Gif-8051","Elarmekora 3",11.171,-0.088,1850,60,"Charcoal_wood","Gabon","aDRAC",1911,196
"Gif-8138","Lindili 1",11.502,-0.158,1910,40,"Charcoal_wood","Gabon","aDRAC",1912,450
"Gif-8139","Epona 1",11.14,-0.09,1935,40,"Charcoal_wood","Gabon","aDRAC",1913,204
"Gif-8140","Mingoue 1",11.36,-0.18,2010,40,"Charcoal_wood","Gabon","aDRAC",1914,582
"Gif-8150","Galintsoa",14.917,-3.929,2680,30,"-","Republic of the Congo","aDRAC",1915,225
"Gif-8152","Okala 1",9.412,0.491,440,50,"Charcoal_wood","Gabon","aDRAC",1916,755
"Gif-8154","Impe",15.27,-2.729,860,40,"-","Republic of the Congo","aDRAC",1917,274
"Gif-8155","Inoni Falaise",15.667,-3.017,880,50,"-","Republic of the Congo","aDRAC",1918,280
"Gif-8159","Ngoulonkila 1",14.583,-2.433,960,30,"-","Republic of the Congo","aDRAC",1919,709
"Gif-8160","Inoni",15.333,-3.033,300,90,"-","Republic of the Congo","aDRAC",1920,279
"Gif-8163","Ingolo",15.333,-3.467,410,50,"-","Republic of the Congo","aDRAC",1921,277
"Gif-8165","Koualessis",11.64,1.386,1770,50,"Charcoal_wood","Gabon","aDRAC",1922,379
"Gif-8177","Inoni Falaise",15.667,-3.017,880,50,"-","Republic of the Congo","aDRAC",1923,280
"Gif-8605","Ingamfini 1",15.667,-3.883,1260,90,"-","Republic of the Congo","aDRAC",1924,276
"Gif-8606","Ossa",15.25,-2.517,470,40,"-","Republic of the Congo","aDRAC",1925,775
"Gif-8607","Mah 1",15.486,-3.344,960,60,"-","Republic of the Congo","aDRAC",1926,490
"Gif-8609","Loukoko 1",14.6,-4.517,1910,50,"-","Republic of the Congo","aDRAC",1927,465
"Gif-8610","Akom 1",9.853,1.879,760,40,"-","Equatorial Guinea","aDRAC",1928,11
"Gif-8611","Okala 1",9.412,0.491,2210,80,"Charcoal_wood","Gabon","aDRAC",1929,755
"Gif-8612","Okala 1",9.412,0.491,2170,50,"Charcoal_wood","Gabon","aDRAC",1930,755
"Gif-8614","Okala 1",9.412,0.491,5580,60,"Charcoal_wood","Gabon","aDRAC",1931,755
"Gif-8740","Anzem 1",10.5,0.6,1600,60,"Charcoal","Gabon","aDRAC",1932,55
"Gif-8741","Epona 2",11.146,-0.1,2130,60,"-","Gabon","aDRAC",1933,205
"Gif-8742","Epona 2",11.146,-0.1,2850,90,"-","Gabon","aDRAC",1934,205
"Gif-8966","Okala 1",9.412,0.491,1870,50,"Charcoal_wood","Gabon","aDRAC",1935,755
"Gif-8967","Okala 1",9.412,0.491,2070,40,"Charcoal_wood","Gabon","aDRAC",1936,755
"Gif-8968","Okala 1",9.412,0.491,2220,40,"Charcoal_wood","Gabon","aDRAC",1937,755
"Gif-8969","Lékana",14.583,-2.333,1650,40,"-","Republic of the Congo","aDRAC",1938,427
"Gif-8970","Kankouara 1",14.533,-2.317,870,40,"-","Republic of the Congo","aDRAC",1939,320
"Gif-9377","Cap Esterias",9.341,0.578,2290,50,"Charcoal_wood","Gabon","aDRAC",1940,135
"Gif-9394","Imbama",15.7,-3.45,500,50,"-","Republic of the Congo","aDRAC",1941,272
"Gif-9395","Okiéni",16.05,-3.167,900,40,"-","Republic of the Congo","aDRAC",1942,760
"Gif-9397","Masamasa 1",14.883,-3.883,1350,40,"-","Republic of the Congo","aDRAC",1943,528
"Gif-9398","Kankouara 2",14.533,-2.317,890,40,"-","Republic of the Congo","aDRAC",1944,321
"Gif-9399","Kitsounga 1",14.933,-3.967,450,40,"-","Republic of the Congo","aDRAC",1945,368
"Gif-9402","Ongia",14.983,-2.433,470,50,"-","Republic of the Congo","aDRAC",1946,773
"Gif-9403","Oka",15.25,-3.583,270,60,"-","Republic of the Congo","aDRAC",1947,754
"Gif-9862","Lope 10",11.604,-0.178,250,40,"-","Gabon","aDRAC",1948,457
"Gif-9864","Lope 2",11.588,-0.218,6760,120,"Charcoal_wood","Gabon","aDRAC",1949,460
"Gif-9964","Leledi 2",11.508,-0.34,410,45,"-","Gabon","aDRAC",1950,428
"Gif-9966","Lefob 2",11.425,-0.236,450,40,"-","Gabon","aDRAC",1951,426
"Gif-10102","Okanda 1/Mont Brazza",11.589,-0.128,1790,50,"-","Gabon","aDRAC",1952,756
"Gif-10103","Okanda 6",11.569,-0.117,1950,40,"Charcoal_wood","Gabon","aDRAC",1953,759
"Gif-10104","Leledi 2",11.508,-0.34,700,50,"-","Gabon","aDRAC",1954,428
"Gif-10203","Oumoundo 4",11.533,-0.587,2200,40,"-","Gabon","aDRAC",1955,788
"Gif-10205","Oumondo 2",11.543,-0.595,705,50,"-","Gabon","aDRAC",1956,787
"Gif-10278","HVL 4",11.602,-0.566,860,40,"-","Gabon","aDRAC",1957,259
"Gif-10327","Lope 15",11.594,-0.208,820,60,"-","Gabon","aDRAC",1958,459
"Gif-10436","Lindili 1",11.502,-0.158,1890,50,"Charcoal_wood","Gabon","aDRAC",1959,450
"Gif-10437","Okanda 5",11.553,-0.108,1950,40,"Charcoal_wood","Gabon","aDRAC",1960,758
"Gif-10672","Oumondo 1",11.543,-0.595,480,60,"-","Gabon","aDRAC",1961,786
"Gif-10749","Nfeitok 1",9.367,5.566,580,40,"Charcoal","Cameroon","aDRAC",1962,702
"Gif-10751","Lope 2",11.588,-0.218,2205,45,"Charcoal_wood","Gabon","aDRAC",1963,460
"Gif-10752","Lindili 1",11.502,-0.158,1745,40,"Charcoal_wood","Gabon","aDRAC",1964,450
"Gif-10753","Lindili 1",11.502,-0.158,1480,60,"Charcoal_wood","Gabon","aDRAC",1965,450
"Gif-11047","Akak 1",9.367,5.505,610,30,"Charcoal","Cameroon","aDRAC",1966,7
"Gif-11049","Mameli 1",9.334,5.154,1000,75,"Charcoal","Cameroon","aDRAC",1967,514
"Gif-11050","Ewani 1",9.444,5.214,530,35,"Charcoal","Cameroon","aDRAC",1968,207
"Gif-11051","Ewani 6",9.429,5.194,310,50,"Charcoal","Cameroon","aDRAC",1969,208
"Gif-11052","Ewani 7",9.408,5.196,580,40,"Charcoal","Cameroon","aDRAC",1970,209
"Gif-11053","Ewani 9",9.451,5.221,760,15,"Charcoal","Cameroon","aDRAC",1971,210
"Gif-11118","Kokobuma 1",9.655,5.42,500,20,"Charcoal_endocarp_elaeis","Cameroon","aDRAC",1972,375
"Gif-11156","Maboue 1",11.526,-0.144,1350,60,"Charcoal_wood","Gabon","aDRAC",1973,481
"Gif-11340","Riviere Denis 1",9.348,0.322,6090,65,"Charcoal_wood","Gabon","aDRAC",1974,826
"Gif-11342","Riviere Denis 2",9.348,0.322,1920,45,"Charcoal_wood","Gabon","aDRAC",1975,827
"Gif-11343","Lope 5",11.611,-0.158,720,30,"Charcoal_wood","Gabon","aDRAC",1976,462
"Gif-11345","Okanda 5",11.553,-0.108,1620,55,"Charcoal_wood","Gabon","aDRAC",1977,758
"Gif-11346","Okanda 5",11.553,-0.108,5540,90,"Charcoal_wood","Gabon","aDRAC",1978,758
"Gif-97284","Ouassi",18.3,7.1,290,50,"-","Central African Republic","aDRAC",1979,784
"Gif A-99396","Riviere Denis 2",9.348,0.322,2330,60,"Charcoal_wood","Gabon","aDRAC",1980,827
"Gif A-99524","Maboue 1",11.526,-0.144,1960,60,"Charcoal_wood","Gabon","aDRAC",1981,481
"GrN-6283","Kamoa",25.1,-10.37,430,45,"Charcoal","Democratic Republic of the Congo","aDRAC",1982,312
"GrN-6284","Kamoa",25.1,-10.37,295,30,"Charcoal","Democratic Republic of the Congo","aDRAC",1983,312
"GrN-6919C","Buru",26.904,3.739,310,75,"-","Democratic Republic of the Congo","aDRAC",1984,127
"GrN-6920C","Buru",26.904,3.739,275,55,"-","Democratic Republic of the Congo","aDRAC",1985,127
"GrN-7219","Gombe-Point",15.281,-4.301,3385,35,"Charcoal (scattered sample)","Democratic Republic of the Congo","aDRAC",1986,246
"GrN-7244","Matupi",30.008,1.193,720,45,"Charcoal","Democratic Republic of the Congo","aDRAC",1987,541
"GrN-7278","Gombe-Point",15.281,-4.301,5260,40,"Charcoal (scattered sample)","Democratic Republic of the Congo","aDRAC",1988,246
"GrN-7279","Gombe-Point",15.281,-4.301,3525,35,"Charcoal (scattered sample)","Democratic Republic of the Congo","aDRAC",1989,246
"GrN-8044","Gombe-Point",15.281,-4.301,5450,30,"Charcoal (scattered sample)","Democratic Republic of the Congo","aDRAC",1990,246
"GrN-13076","Isaka-Elinga",20.202,-0.667,1450,45,"Charcoal","Democratic Republic of the Congo","aDRAC",1991,281
"GrN-13078","Bolondo",21.253,-0.306,660,80,"Charcoal","Democratic Republic of the Congo","aDRAC",1992,108
"GrN-13583","Bokele",18.592,-0.099,2290,70,"Charcoal","Democratic Republic of the Congo","aDRAC",1993,105
"GrN-13584","Maluba",18.524,2.806,1670,110,"Charcoal","Democratic Republic of the Congo","aDRAC",1994,510
"GrN-13585","Maluba",18.524,2.806,1990,60,"Charcoal","Democratic Republic of the Congo","aDRAC",1995,510
"GrN-14002","Baringa",20.736,0.729,710,60,"Charcoal","Democratic Republic of the Congo","aDRAC",1996,71
"GrN-14003","Bokuma",18.698,-0.114,2090,70,"Charcoal","Democratic Republic of the Congo","aDRAC",1997,106
"GrN-14004","Bokuma",18.698,-0.114,1670,70,"Charcoal","Democratic Republic of the Congo","aDRAC",1998,106
"GrN-14005","Boso-Njafo",19.21,1.131,2440,150,"Charcoal","Democratic Republic of the Congo","aDRAC",1999,115
"GrN-14006","Boso-Njafo",19.21,1.131,2260,80,"Charcoal","Democratic Republic of the Congo","aDRAC",2000,115
"Hv-4214","Kamoa",25.1,-10.37,665,50,"Charcoal","Democratic Republic of the Congo","aDRAC",2001,312
"Hv-5258","Ngovo",14.924,-5.308,2145,45,"Charcoal","Democratic Republic of the Congo","aDRAC",2002,714
"Hv-6250","Ntadi Ntadi",14.58,-5.746,2155,60,"Charcoal","Democratic Republic of the Congo","aDRAC",2003,734
"Hv-6254","Kwimba",14.877,-5.636,2985,95,"Charcoal","Democratic Republic of the Congo","aDRAC",2004,402
"Hv-6257","Dimba",14.867,-5.283,2035,130,"Charcoal","Democratic Republic of the Congo","aDRAC",2005,174
"Hv-6258","Ngovo",14.924,-5.308,2035,65,"Charcoal","Democratic Republic of the Congo","aDRAC",2006,714
"Hv-6260","Kamuna",15.33,-4.33,425,65,"Charcoal","Democratic Republic of the Congo","aDRAC",2007,314
"Hv-6262","Kinshasa-Kingabwa/Ngombela",15.342,-4.332,305,80,"Charcoal","Democratic Republic of the Congo","aDRAC",2008,357
"Hv-6608","Sanga",26.49,-8.182,805,115,"Charcoal","Democratic Republic of the Congo","aDRAC",2009,844
"Hv-6609","Sanga",26.49,-8.182,1205,105,"Bone","Democratic Republic of the Congo","aDRAC",2010,844
"Hv-6610","Sanga",26.49,-8.182,655,125,"Charcoal","Democratic Republic of the Congo","aDRAC",2011,844
"Hv-6611","Sanga",26.49,-8.182,995,40,"Bone","Democratic Republic of the Congo","aDRAC",2012,844
"Hv-6612","Sanga",26.49,-8.182,875,75,"Bone","Democratic Republic of the Congo","aDRAC",2013,844
"Hv-6613","Sanga",26.49,-8.182,770,95,"Bone","Democratic Republic of the Congo","aDRAC",2014,844
"Hv-6614","Sanga",26.49,-8.182,855,90,"Bone","Democratic Republic of the Congo","aDRAC",2015,844
"Hv-6615","Sanga",26.49,-8.182,495,105,"Bone","Democratic Republic of the Congo","aDRAC",2016,844
"Hv-6616","Katongo",26.41,-8.212,660,190,"Bone","Democratic Republic of the Congo","aDRAC",2017,330
"Hv-6618","Katongo",26.41,-8.212,430,160,"Bone","Democratic Republic of the Congo","aDRAC",2018,330
"Hv-6619","Katongo",26.41,-8.212,1110,55,"Charcoal","Democratic Republic of the Congo","aDRAC",2019,330
"Hv-6621","Katongo",26.41,-8.212,250,80,"Bone","Democratic Republic of the Congo","aDRAC",2020,330
"Hv-7494","Kamilamba",27.034,-7.813,1240,140,"Charcoal","Democratic Republic of the Congo","aDRAC",2021,310
"Hv-7495","Malemba-Nkulu",26.798,-8.057,520,50,"Bone","Democratic Republic of the Congo","aDRAC",2022,506
"Hv-7497","Kamilamba",27.034,-7.813,1235,360,"Charcoal","Democratic Republic of the Congo","aDRAC",2023,310
"Hv-7498","Kamilamba",27.034,-7.813,1105,150,"Bone","Democratic Republic of the Congo","aDRAC",2024,310
"Hv-7499","Malemba-Nkulu",26.798,-8.057,1005,65,"Bone","Democratic Republic of the Congo","aDRAC",2025,506
"Hv-7500","Malemba-Nkulu",26.798,-8.057,820,95,"Bone","Democratic Republic of the Congo","aDRAC",2026,506
"Hv-7501","Kamilamba",27.034,-7.813,470,120,"Bone","Democratic Republic of the Congo","aDRAC",2027,310
"Hv-7502","Kikulu",26.979,-7.843,620,150,"Bone","Democratic Republic of the Congo","aDRAC",2028,346
"Hv-7503","Kikulu",26.979,-7.843,765,60,"Bone","Democratic Republic of the Congo","aDRAC",2029,346
"Hv-7505","Kikulu",26.979,-7.843,795,65,"Bone","Democratic Republic of the Congo","aDRAC",2030,346
"Hv-7506","Malemba-Nkulu",26.798,-8.057,420,55,"Bone","Democratic Republic of the Congo","aDRAC",2031,506
"Hv-7509","Malemba-Nkulu",26.798,-8.057,1115,75,"Charcoal","Democratic Republic of the Congo","aDRAC",2032,506
"Hv-7510","Malemba-Nkulu",26.798,-8.057,1025,160,"Charcoal","Democratic Republic of the Congo","aDRAC",2033,506
"Hv-7512","Kamilamba",27.034,-7.813,1430,115,"Charcoal","Democratic Republic of the Congo","aDRAC",2034,310
"Hv-7513","Malemba-Nkulu",26.798,-8.057,785,210,"Bone","Democratic Republic of the Congo","aDRAC",2035,506
"Hv-7514","Kikulu",26.979,-7.843,765,50,"Bone","Democratic Republic of the Congo","aDRAC",2036,346
"Hv-7515","Kikulu",26.979,-7.843,920,50,"Bone","Democratic Republic of the Congo","aDRAC",2037,346
"Hv-7516","Malemba-Nkulu",26.798,-8.057,495,55,"Bone","Democratic Republic of the Congo","aDRAC",2038,506
"Hv-7517","Kikulu",26.979,-7.843,685,50,"Bone","Democratic Republic of the Congo","aDRAC",2039,346
"Hv-7519","Malemba-Nkulu",26.798,-8.057,1110,60,"Bone","Democratic Republic of the Congo","aDRAC",2040,506
"Hv-7520","Malemba-Nkulu",26.798,-8.057,1190,105,"Charcoal","Democratic Republic of the Congo","aDRAC",2041,506
"Hv-8269","Kikulu",26.979,-7.843,530,50,"Bone","Democratic Republic of the Congo","aDRAC",2042,346
"Hv-8404","Kikulu",26.979,-7.843,1295,45,"Bone","Democratic Republic of the Congo","aDRAC",2043,346
"Hv-8490","Sanga",26.49,-8.182,1110,70,"Bone","Democratic Republic of the Congo","aDRAC",2044,844
"Hv-8492","Kamilamba",27.034,-7.813,1645,160,"Bone","Democratic Republic of the Congo","aDRAC",2045,310
"Hv-8493","Kamilamba",27.034,-7.813,2340,145,"Charcoal","Democratic Republic of the Congo","aDRAC",2046,310
"Hv-8495","Malemba-Nkulu",26.798,-8.057,375,40,"Bone","Democratic Republic of the Congo","aDRAC",2047,506
"Hv-8497","Malemba-Nkulu",26.798,-8.057,860,55,"Bone","Democratic Republic of the Congo","aDRAC",2048,506
"Hv-8498","Malemba-Nkulu",26.798,-8.057,770,115,"Charcoal","Democratic Republic of the Congo","aDRAC",2049,506
"Hv-8916","Nkile",18.675,-0.104,625,50,"Charcoal","Democratic Republic of the Congo","aDRAC",2050,724
"Hv-8963","Shum Laka",10.078,5.859,6070,240,"Charcoal","Cameroon","aDRAC",2051,855
"Hv-8965","Shum Laka",10.078,5.859,6980,260,"Charcoal","Cameroon","aDRAC",2052,855
"Hv-9037","Malemba-Nkulu",26.798,-8.057,1360,60,"Charcoal","Democratic Republic of the Congo","aDRAC",2053,506
"Hv-10581","Obobogo",11.504,3.817,6020,505,"Charcoal","Cameroon","aDRAC",2054,749
"Hv-10582","Obobogo",11.504,3.817,2900,110,"Charcoal","Cameroon","aDRAC",2055,749
"Hv-10583","Obobogo",11.504,3.817,3070,95,"Charcoal","Cameroon","aDRAC",2056,749
"Hv-10587","Shum Laka",10.078,5.859,885,55,"Charcoal","Cameroon","aDRAC",2057,855
"Hv-10588","Shum Laka",10.078,5.859,1690,55,"Charcoal","Cameroon","aDRAC",2058,855
"Hv-10832","Obobogo",11.504,3.817,1990,95,"-","Cameroon","aDRAC",2059,749
"Hv-10833","Obobogo",11.504,3.817,3055,110,"Charcoal","Cameroon","aDRAC",2060,749
"Hv-10834","Boma",13.067,-5.85,1870,105,"Charcoal","Democratic Republic of the Congo","aDRAC",2061,109
"Hv-11045","Obobogo",11.504,3.817,2635,100,"Charcoal","Cameroon","aDRAC",2062,749
"Hv-11572","Bokele",18.592,-0.099,755,115,"Charcoal","Democratic Republic of the Congo","aDRAC",2063,105
"Hv-11577","Iyonda",18.186,-0.035,1785,125,"Charcoal","Democratic Republic of the Congo","aDRAC",2064,289
"Hv-12206","Mbandaka",18.256,0.06,810,90,"Charcoal","Democratic Republic of the Congo","aDRAC",2065,548
"Hv-12613","Wafanya",20.379,-1.355,1920,90,"Charcoal","Democratic Republic of the Congo","aDRAC",2066,929
"Hv-12620","Bamanya",18.313,0.008,945,75,"Charcoal","Democratic Republic of the Congo","aDRAC",2067,65
"Hv-12840","Ndindan",11.504,3.914,1020,20,"Charcoal_wood","Cameroon","aDRAC",2068,688
"Hv-12845","Obobogo",11.504,3.817,2300,65,"Charcoal","Cameroon","aDRAC",2069,749
"Hv-12845 bis","Ndindan",11.504,3.914,1645,90,"Charcoal_wood","Cameroon","aDRAC",2070,688
"Hv-12846","Ndindan",11.504,3.914,1615,90,"Charcoal_wood","Cameroon","aDRAC",2071,688
"Hv-12847","Ndindan",11.504,3.914,2414,60,"Charcoal_wood","Cameroon","aDRAC",2072,688
"Hv-12848","Ndindan",11.504,3.914,1400,105,"Charcoal_wood","Cameroon","aDRAC",2073,688
"Hv-12849","Ndindan",11.504,3.914,2140,60,"Charcoal_wood","Cameroon","aDRAC",2074,688
"Hv-12850","Ndindan",11.504,3.914,2060,60,"Charcoal_wood","Cameroon","aDRAC",2075,688
"Hv-12851","Okolo",11.517,3.933,2215,105,"-","Cameroon","aDRAC",2076,762
"Hv-12852","Okolo",11.517,3.933,2325,135,"-","Cameroon","aDRAC",2077,762
"Hv-12853","Mfomakap/Nkometou",11.55,4.05,1920,60,"Charcoal_wood","Cameroon","aDRAC",2078,565
"Hv-12854","Mfomakap/Nkometou",11.55,4.05,2230,80,"Charcoal_endocarp_elaeis","Cameroon","aDRAC",2079,565
"Hv-12855","Mimboman",11.533,3.85,1715,130,"Charcoal","Cameroon","aDRAC",2080,577
"Hv-13432","Charbonnage butte 56",9.465,0.45,850,60,"Charcoal_wood","Gabon","aDRAC",2081,142
"KI-2361","Bamanya",18.313,0.008,640,70,"Charcoal","Democratic Republic of the Congo","aDRAC",2082,65
"KI-2363","Bokuma",18.698,-0.114,2260,60,"Charcoal","Democratic Republic of the Congo","aDRAC",2083,106
"KI-2364","Mbandaka",18.256,0.06,740,55,"Charcoal","Democratic Republic of the Congo","aDRAC",2084,548
"KI-2365.01","Wafanya",20.379,-1.355,280,70,"Charcoal","Democratic Republic of the Congo","aDRAC",2085,929
"KI-2428","Imbonga",19.788,-0.822,2160,90,"Charcoal","Democratic Republic of the Congo","aDRAC",2086,273
"KI-2430","Baringa",20.736,0.729,650,65,"Charcoal","Democratic Republic of the Congo","aDRAC",2087,71
"KI-2431","Baringa",20.736,0.729,950,70,"Charcoal","Democratic Republic of the Congo","aDRAC",2088,71
"KI-2432","Bokuma",18.698,-0.114,2020,100,"Charcoal","Democratic Republic of the Congo","aDRAC",2089,106
"KI-2433","Bokuma",18.698,-0.114,2025,75,"Charcoal","Democratic Republic of the Congo","aDRAC",2090,106
"KI-2439","Boso-Njafo",19.21,1.131,2270,70,"Charcoal","Democratic Republic of the Congo","aDRAC",2091,115
"KI-2444","Maluba",18.524,2.806,1930,120,"Charcoal","Democratic Republic of the Congo","aDRAC",2092,510
"KI-2445","Maluba",18.524,2.806,2140,200,"Charcoal","Democratic Republic of the Congo","aDRAC",2093,510
"KI-2876","Munda",17.357,1.163,1980,41,"Charcoal","Republic of the Congo","aDRAC",2094,640
"KI-2877","Pikunda",16.636,0.55,1980,100,"Charcoal","Republic of the Congo","aDRAC",2095,802
"KI-2881","Munda",17.357,1.163,1990,45,"Charcoal_endocarp_elaeis","Republic of the Congo","aDRAC",2096,640
"KI-2882","Munda",17.357,1.163,1110,110,"Charcoal","Republic of the Congo","aDRAC",2097,640
"KI-2883","Munda",17.357,1.163,870,180,"Charcoal","Republic of the Congo","aDRAC",2098,640
"KI-2884","Munda",17.357,1.163,250,40,"Charcoal","Republic of the Congo","aDRAC",2099,640
"KI-2885","Munda",17.357,1.163,1800,90,"Charcoal","Republic of the Congo","aDRAC",2100,640
"KI-2886","Munda",17.357,1.163,1910,80,"Charcoal","Republic of the Congo","aDRAC",2101,640
"KI-2887","Munda",17.357,1.163,2020,180,"Charcoal","Republic of the Congo","aDRAC",2102,640
"KI-2888","Munda",17.357,1.163,1990,65,"Charcoal","Republic of the Congo","aDRAC",2103,640
"KI-2889","Munda",17.357,1.163,1650,80,"Charcoal","Republic of the Congo","aDRAC",2104,640
"KI-2890","Munda",17.357,1.163,1680,90,"Charcoal","Republic of the Congo","aDRAC",2105,640
"KI-2891","Pikunda",16.636,0.55,600,75,"Charcoal","Republic of the Congo","aDRAC",2106,802
"KI-2892","Pikunda",16.636,0.55,840,41,"Charcoal","Republic of the Congo","aDRAC",2107,802
"KI-2893","Likwala-Esobe km 186",17.407,-0.048,1960,90,"Charcoal","Republic of the Congo","aDRAC",2108,447
"KI-2894","Mobaka",17.135,-0.367,2270,160,"Charcoal","Republic of the Congo","aDRAC",2109,600
"KI-2895","Mitula",17.047,0.292,2230,100,"Charcoal","Republic of the Congo","aDRAC",2110,592
"KI-4611","Mfomakap/Nkometou",11.55,4.05,2220,30,"-","Cameroon","aDRAC",2111,565
"KI-4612","Mokounounou 1a",15.333,1.933,470,65,"Charcoal","Cameroon","aDRAC",2112,606
"KI-4614","Malapa",15.252,2.029,1700,60,"Charcoal","Cameroon","aDRAC",2113,503
"KIA-8456","Mfomakap/Nkometou",11.55,4.05,2217,24,"Charcoal","Cameroon","aDRAC",2114,565
"KIA-8457","Mouanko-Epolo",9.799,3.645,1783,33,"-","Cameroon","aDRAC",2115,619
"KIA-12506","Mouanko-Lobethal",9.782,3.642,1963,36,"Charcoal","Cameroon","aDRAC",2116,620
"KIA-12507","Mouanko-Lobethal",9.782,3.642,805,29,"Charcoal","Cameroon","aDRAC",2117,620
"KIA-12937","Mouanko-Lobethal",9.782,3.642,2162,35,"Charcoal","Cameroon","aDRAC",2118,620
"KIA-12938","Mouanko-Lobethal",9.782,3.642,1753,25,"Charcoal","Cameroon","aDRAC",2119,620
"KIA-12939","Mouanko-Lobethal",9.782,3.642,2146,26,"Charcoal","Cameroon","aDRAC",2120,620
"KIA-12940","Mouanko-Lobethal",9.782,3.642,1799,27,"Charcoal","Cameroon","aDRAC",2121,620
"KIA-12941","Yatou",9.817,3.628,1227,36,"Charcoal","Cameroon","aDRAC",2122,942
"KIA-12942","Yatou",9.817,3.628,1974,26,"Charcoal","Cameroon","aDRAC",2123,942
"KIA-12943","Mouanko-Lobethal",9.782,3.642,631,24,"Charcoal","Cameroon","aDRAC",2124,620
"KIA-12944","Mouanko-Lobethal",9.782,3.642,1816,34,"Charcoal","Cameroon","aDRAC",2125,620
"KIA-12945","Mouanko-Lobethal",9.782,3.642,1800,27,"Charcoal","Cameroon","aDRAC",2126,620
"KIA-12949","Mouanko-Lobethal",9.782,3.642,1888,29,"-","Cameroon","aDRAC",2127,620
"KIA-24731","Bwambe-Beach",9.901,2.899,1610,26,"Charcoal","Cameroon","aDRAC",2128,128
"KIA-24732","Kribi",9.911,2.931,1736,28,"Charcoal","Cameroon","aDRAC",2129,383
"KIA-24733","Kribi",9.911,2.931,1760,24,"Charcoal","Cameroon","aDRAC",2130,383
"KIA-24734","Kribi",9.911,2.931,1514,21,"Charcoal","Cameroon","aDRAC",2131,383
"KIA-24735","Kribi",9.911,2.931,1460,25,"Charcoal","Cameroon","aDRAC",2132,383
"KIA-24736","Kribi",9.911,2.931,2146,31,"Charcoal","Cameroon","aDRAC",2133,383
"KIA-24737","Kribi",9.911,2.931,2215,32,"Charcoal","Cameroon","aDRAC",2134,383
"KIA-24738","Bwambe-Beach",9.901,2.899,1485,29,"Charcoal","Cameroon","aDRAC",2135,128
"KIA-24740","Kpwé Monekpwé",9.777,3.64,2208,26,"Charcoal","Cameroon","aDRAC",2136,382
"KIA-24741","Kpwé Monekpwé",9.777,3.64,2054,19,"Charcoal","Cameroon","aDRAC",2137,382
"KIA-24742","Kpwé Monekpwé",9.777,3.64,2131,28,"Charcoal","Cameroon","aDRAC",2138,382
"KIA-24743","Mouanko-Lobethal",9.782,3.642,1860,28,"Charcoal","Cameroon","aDRAC",2139,620
"KIA-24744","Mouanko-Lobethal",9.782,3.642,1797,28,"Charcoal","Cameroon","aDRAC",2140,620
"KIA-24745","Mouanko-Lobethal",9.782,3.642,1911,32,"Charcoal","Cameroon","aDRAC",2141,620
"KIA-24746","Mouanko-Lobethal",9.782,3.642,1842,28,"Charcoal","Cameroon","aDRAC",2142,620
"KIA-24749","Yatou",9.817,3.628,1985,26,"Charcoal","Cameroon","aDRAC",2143,942
"KIA-24750/1","Yatou",9.817,3.628,1964,28,"-","Cameroon","aDRAC",2144,942
"KIA-24751","Yatou",9.817,3.628,1974,26,"Charcoal","Cameroon","aDRAC",2145,942
"KIA-27026","Akonétye",11.175,2.475,1692,29,"Charcoal","Cameroon","aDRAC",2146,12
"KIA-27027","Akonétye",11.175,2.475,1747,32,"Charcoal_endocarp_elaeis","Cameroon","aDRAC",2147,12
"KIA-27028","Akonétye",11.175,2.475,1718,32,"Charcoal_endocarp_elaeis","Cameroon","aDRAC",2148,12
"KIA-27029","Akonétye",11.175,2.475,1719,30,"Charcoal_endocarp_elaeis","Cameroon","aDRAC",2149,12
"KIA-27031/1","Akonétye",11.175,2.475,2429,30,"-","Cameroon","aDRAC",2150,12
"KIA-27031/2","Akonétye",11.175,2.475,1982,50,"-","Cameroon","aDRAC",2151,12
"KIA-27032","Akonétye",11.175,2.475,1771,30,"Charcoal_endocarp_elaeis","Cameroon","aDRAC",2152,12
"KIA-27034","Bwambé-Sommet (Est)",9.904,2.894,2363,20,"Charcoal","Cameroon","aDRAC",2153,129
"KIA-27035","Bwambé-Sommet (Est)",9.904,2.894,2384,57,"Charcoal","Cameroon","aDRAC",2154,129
"KIA-27036","Bwambé-Sommet (Est)",9.904,2.894,2206,31,"Charcoal","Cameroon","aDRAC",2155,129
"KIA-27037","Bwambé-Sommet (Est)",9.904,2.894,2193,29,"Charcoal","Cameroon","aDRAC",2156,129
"KIA-29598","Abang Minko'o",11.423,2.329,2236,26,"Charcoal_endocarp_elaeis","Cameroon","aDRAC",2157,4
"KIA-29599","Abang Minko'o",11.423,2.329,2270,25,"Charcoal_endocarp_elaeis","Cameroon","aDRAC",2158,4
"KIA-29600","Abang Minko'o",11.423,2.329,2198,30,"Charcoal_endocarp_elaeis","Cameroon","aDRAC",2159,4
"KIA-29601","Abang Minko'o",11.423,2.329,2286,30,"Charcoal","Cameroon","aDRAC",2160,4
"KIA-29602","Abang Minko'o",11.423,2.329,2249,28,"Charcoal","Cameroon","aDRAC",2161,4
"KIA-29603","Minyin",11.331,2.377,1845,25,"Charcoal","Cameroon","aDRAC",2162,585
"KIA-29604","Minyin",11.331,2.377,2001,27,"Charcoal","Cameroon","aDRAC",2163,585
"KIA-29605","Minyin",11.331,2.377,1871,35,"Charcoal_endocarp_elaeis","Cameroon","aDRAC",2164,585
"KIA-29606","Minyin",11.331,2.377,1922,24,"Charcoal_endocarp_elaeis","Cameroon","aDRAC",2165,585
"KIA-29607","Minyin",11.331,2.377,1739,28,"Charcoal","Cameroon","aDRAC",2166,585
"KIA-29608","Minyin",11.331,2.377,1849,26,"Charcoal_endocarp_elaeis","Cameroon","aDRAC",2167,585
"KIA-29697","Bwambé-Sommet (Est)",9.904,2.894,2162,60,"Charcoal_seed_Pennisetum glaucum","Cameroon","aDRAC",2168,129
"KIA-29698","Abang Minko'o",11.423,2.329,2181,41,"Charcoal_seed_Pennisetum glaucum","Cameroon","aDRAC",2169,4
"KIA-31776/1","Bwambé-Sommet (Est)",9.904,2.894,2420,60,"Charcoal_endocarp_elaeis","Cameroon","aDRAC",2170,129
"KIA-31776/2","Bwambé-Sommet (Est)",9.904,2.894,2320,25,"Charcoal_endocarp_elaeis","Cameroon","aDRAC",2171,129
"KIA-31777","Bwambé-Sommet (Est)",9.904,2.894,2301,23,"Charcoal_endocarp_elaeis","Cameroon","aDRAC",2172,129
"KIA-31779","Akonétye",11.175,2.475,1814,23,"Charcoal_endocarp_elaeis","Cameroon","aDRAC",2173,12
"KIA-31780","Akonétye",11.175,2.475,1801,24,"Charcoal_endocarp_elaeis","Cameroon","aDRAC",2174,12
"KIA-31781","Akonétye",11.175,2.475,1787,17,"Charcoal","Cameroon","aDRAC",2175,12
"KIA-31782","Akonétye",11.175,2.475,1769,24,"Charcoal_endocarp_elaeis","Cameroon","aDRAC",2176,12
"KIA-33069","Campo",9.831,2.377,1713,25,"Charcoal","Cameroon","aDRAC",2177,133
"KIA-33070","Campo",9.831,2.377,1796,24,"Charcoal","Cameroon","aDRAC",2178,133
"KIA-33071","Campo",9.831,2.377,1742,26,"Charcoal","Cameroon","aDRAC",2179,133
"KIA-33073","Campo",9.831,2.377,1729,26,"Charcoal_endocarp_elaeis","Cameroon","aDRAC",2180,133
"KIA-33074","Campo",9.831,2.377,1714,23,"Charcoal_endocarp_elaeis","Cameroon","aDRAC",2181,133
"KIA-33075","Campo",9.831,2.377,1901,24,"Charcoal_endocarp_elaeis","Cameroon","aDRAC",2182,133
"KIA-33076","Campo",9.831,2.377,1988,28,"Charcoal","Cameroon","aDRAC",2183,133
"KIA-33078","Campo",9.831,2.377,1847,22,"Charcoal_endocarp_elaeis","Cameroon","aDRAC",2184,133
"KIA-34087","Campo",9.831,2.377,4002,42,"Charcoal","Cameroon","aDRAC",2185,133
"KIA-34088","Campo",9.831,2.377,1920,25,"Charcoal_endocarp_elaeis","Cameroon","aDRAC",2186,133
"KIA-34094","Campo",9.831,2.377,1900,25,"Charcoal_endocarp_elaeis","Cameroon","aDRAC",2187,133
"KIA-34095","Campo",9.831,2.377,1865,25,"Charcoal_endocarp_elaeis","Cameroon","aDRAC",2188,133
"KIA-34096","Campo",9.831,2.377,1665,25,"Charcoal_endocarp_elaeis","Cameroon","aDRAC",2189,133
"KIA-34097","Campo",9.831,2.377,1775,30,"Charcoal_endocarp_elaeis","Cameroon","aDRAC",2190,133
"KIA-34098","Campo",9.831,2.377,2150,25,"Charcoal_endocarp_elaeis","Cameroon","aDRAC",2191,133
"KIA-34099","Campo",9.831,2.377,2185,20,"Charcoal_endocarp_elaeis","Cameroon","aDRAC",2192,133
"KIA-34100","Campo",9.831,2.377,1850,25,"Charcoal_endocarp_elaeis","Cameroon","aDRAC",2193,133
"KIA-34102","Campo",9.831,2.377,1540,25,"Charcoal_endocarp_elaeis","Cameroon","aDRAC",2194,133
"KIA-34103","Campo",9.831,2.377,1505,25,"Charcoal_endocarp_elaeis","Cameroon","aDRAC",2195,133
"KIA-34104","Campo",9.831,2.377,1535,25,"Charcoal_endocarp_elaeis","Cameroon","aDRAC",2196,133
"KIA-34105","Campo",9.831,2.377,1485,25,"Charcoal_endocarp_elaeis","Cameroon","aDRAC",2197,133
"KIA-34106","Campo",9.831,2.377,1525,25,"Charcoal_endocarp_elaeis","Cameroon","aDRAC",2198,133
"KIA-34107","Campo",9.831,2.377,1400,25,"Charcoal_endocarp_elaeis","Cameroon","aDRAC",2199,133
"KIA-34108","Campo",9.831,2.377,1875,25,"Charcoal","Cameroon","aDRAC",2200,133
"KIA-34109","Campo",9.831,2.377,1845,25,"Charcoal_endocarp_elaeis","Cameroon","aDRAC",2201,133
"KIA-39606","Bomassa",16.185,2.203,1715,25,"Charcoal_endocarp_elaeis","Republic of the Congo","aDRAC",2202,111
"KIA-39607","Ndoki River",16.263,2.148,1715,25,"Charcoal_endocarp_elaeis","Republic of the Congo","aDRAC",2203,694
"KIA-45497","Mindourou",13.404,3.557,1630,25,"Charcoal_endocarp_elaeis","Cameroon","aDRAC",2204,580
"KIA-45499","Messok",14.064,3.085,1980,25,"Charcoal_endocarp_canarium","Cameroon","aDRAC",2205,562
"KN-4204","Bokele",18.592,-0.099,1870,70,"Charcoal","Democratic Republic of the Congo","aDRAC",2206,105
"KN-4206","Isaka-Elinga",20.202,-0.667,1590,60,"Charcoal","Democratic Republic of the Congo","aDRAC",2207,281
"KSU-501","Campo Beach",9.826,2.351,960,50,"Charcoal","Cameroon","aDRAC",2208,134
"LOCEAN-120","Nditam",11.33,5.336,314,28,"-","Cameroon","aDRAC",2209,691
"LOCEAN-121","Nditam",11.33,5.336,2233,25,"-","Cameroon","aDRAC",2210,691
"LOCEAN-122","Nditam",11.33,5.336,2242,43,"-","Cameroon","aDRAC",2211,691
"LOCEAN-123","Nditam",11.33,5.336,2355,37,"-","Cameroon","aDRAC",2212,691
"LOCEAN-124","Nditam",11.33,5.336,2327,50,"-","Cameroon","aDRAC",2213,691
"LOCEAN-1245","Nditam",11.33,5.336,2432,38,"-","Cameroon","aDRAC",2214,691
"LOCEAN-126","Nditam",11.33,5.336,2898,83,"-","Cameroon","aDRAC",2215,691
"LOCEAN-152","Ngoume",11.4,5.483,3357,246,"-","Cameroon","aDRAC",2216,710
"LOCEAN-153","Ngoume",11.4,5.483,2909,233,"-","Cameroon","aDRAC",2217,710
"LOCEAN-154","Ngoume",11.4,5.483,2740,76,"-","Cameroon","aDRAC",2218,710
"LOCEAN-155","Ngoume",11.4,5.483,2504,82,"-","Cameroon","aDRAC",2219,710
"LOCEAN-156","Ngoume",11.4,5.483,2723,60,"-","Cameroon","aDRAC",2220,710
"LOCEAN-157","Ngoume",11.4,5.483,2637,46,"-","Cameroon","aDRAC",2221,710
"LOCEAN-158","Ngoume",11.4,5.483,2581,40,"-","Cameroon","aDRAC",2222,710
"LOCEAN-159","Ngoume",11.4,5.483,2642,42,"-","Cameroon","aDRAC",2223,710
"LOCEAN-160","Ngoume",11.4,5.483,2508,32,"-","Cameroon","aDRAC",2224,710
"LOCEAN-161","Ngoume",11.4,5.483,2286,25,"-","Cameroon","aDRAC",2225,710
"Lv-167","Île de la Funa",15.345,-4.319,2220,90,"Charcoal","Democratic Republic of the Congo","aDRAC",2226,266
"Lv-168","Île des Mimosas",15.227,-4.329,1540,100,"Charcoal","Democratic Republic of the Congo","aDRAC",2227,268
"Lv-1393","Ndindan",11.504,3.914,1930,130,"Charcoal_wood","Cameroon","aDRAC",2228,688
"Lv-1394","Obobogo",11.504,3.817,2120,70,"Charcoal","Cameroon","aDRAC",2229,749
"Lv-1395","Obobogo",11.504,3.817,2120,150,"-","Cameroon","aDRAC",2230,749
"Lv-1432","Obobogo",11.504,3.817,2310,100,"-","Cameroon","aDRAC",2231,749
"Lv-1468","Sakuzi",14.008,-5.167,1850,50,"Charcoal_endocarp_elaeis","Democratic Republic of the Congo","aDRAC",2232,835
"Lv-1469","Sakuzi",14.008,-5.167,1780,50,"Charcoal_endocarp_elaeis","Democratic Republic of the Congo","aDRAC",2233,835
"Lv-1470","Sakuzi",14.008,-5.167,1900,50,"Charcoal_endocarp_elaeis","Democratic Republic of the Congo","aDRAC",2234,835
"Lv-1471","Sakuzi",14.008,-5.167,2110,55,"Charcoal_endocarp_elaeis","Democratic Republic of the Congo","aDRAC",2235,835
"Lv-1514","Makokou",12.864,0.574,2150,70,"Charcoal_wood","Gabon","aDRAC",2236,496
"Lv-1515","Ndjole Pk 5",10.717,-0.133,2370,55,"Charcoal_wood","Gabon","aDRAC",2237,692
"Lv-1516","Makana",13.55,-1.633,2440,70,"Charcoal_wood","Gabon","aDRAC",2238,493
"Lv-1517","Kango 2",10.12,0.158,800,60,"Charcoal_wood","Gabon","aDRAC",2239,317
"Lv-1518","Nkol Ogoum 2",9.498,0.447,710,50,"Charcoal_endocarp_elaeis","Gabon","aDRAC",2240,726
"Lv-1519","Kango 5",10.082,0.201,1900,70,"Charcoal_wood","Gabon","aDRAC",2241,318
"Lv-1520","Oyem 2",11.573,1.566,2220,75,"Charcoal_wood","Gabon","aDRAC",2242,791
"Lv-1521","Oyem 2",11.573,1.566,2280,55,"Charcoal_wood","Gabon","aDRAC",2243,791
"Lv-1531","Moubiri",13.75,-3.873,690,50,"-","Republic of the Congo","aDRAC",2244,621
"Lv-1532","Moubiri",13.75,-3.873,610,90,"-","Republic of the Congo","aDRAC",2245,621
"Lv-1533","Moubiri",13.75,-3.873,860,50,"-","Republic of the Congo","aDRAC",2246,621
"Lv-1534","Moubiri",13.75,-3.873,280,60,"-","Republic of the Congo","aDRAC",2247,621
"Lv-1605","Okolo",11.517,3.933,2320,70,"-","Cameroon","aDRAC",2248,762
"Lv-1697","Sakuzi",14.008,-5.167,2290,50,"Charcoal_endocarp_elaeis","Democratic Republic of the Congo","aDRAC",2249,835
"Lv-1699","Sakuzi",14.008,-5.167,2120,65,"Charcoal_endocarp_elaeis","Democratic Republic of the Congo","aDRAC",2250,835
"Lv-1872","Té Ndongué",18,5.717,880,70,"-","Central African Republic","aDRAC",2251,885
"Lv-1873","Té Ndongué",18,5.717,950,60,"-","Central African Republic","aDRAC",2252,885
"Lv-1874","Té Ndongué",18,5.717,1370,70,"-","Central African Republic","aDRAC",2253,885
"Lv-1939","Nkang",11.317,4.267,2420,70,"Charcoal_wood","Cameroon","aDRAC",2254,719
"Lv-1940","Nkang",11.317,4.267,2580,70,"Charcoal_wood","Cameroon","aDRAC",2255,719
"Lv-1941","Nkang",11.317,4.267,2340,70,"Charcoal_wood","Cameroon","aDRAC",2256,719
"Lv-1942","Nkang",11.317,4.267,2400,60,"Charcoal_wood","Cameroon","aDRAC",2257,719
"Lv-1943","Nkang",11.317,4.267,2490,80,"Charcoal_wood","Cameroon","aDRAC",2258,719
"Lv-1944","Nkang",11.317,4.267,2490,100,"Charcoal_wood","Cameroon","aDRAC",2259,719
"Lv-1945","Nkang",11.317,4.267,2310,90,"Charcoal_wood","Cameroon","aDRAC",2260,719
"Lv-1946","Nkang",11.317,4.267,2170,80,"Charcoal_wood","Cameroon","aDRAC",2261,719
"Ly-957","Ngoume PK 36",11.4,5.483,2335,55,"-","Cameroon","aDRAC",2262,712
"Ly-958","Kong",12,5.69,3730,55,"-","Cameroon","aDRAC",2263,376
"Ly-1604","Fiye Nkwi",10.1,5.1,2510,50,"-","Cameroon","aDRAC",2264,219
"Ly-3066","Fundong",10.283,6.383,430,140,"Charcoal","Cameroon","aDRAC",2265,221
"Ly-4026","Pan Maguenda",11.033,4.916,330,130,"-","Cameroon","aDRAC",2266,793
"Ly-4027","Pan Nsas",11.033,4.916,290,120,"-","Cameroon","aDRAC",2267,794
"Ly-4028(OxA)","Benfica",13.191,-8.958,1715,30,"","Angola","aDRAC",2268,85
"Ly-4029(OxA)","Benfica",13.191,-8.958,375,25,"","Angola","aDRAC",2269,85
"Ly-4976","Oliga",11.5,3.904,2150,60,"-","Cameroon","aDRAC",2270,770
"Ly-4977","Oliga",11.5,3.904,2185,110,"-","Cameroon","aDRAC",2271,770
"Ly-4978","Oliga",11.5,3.904,2380,110,"-","Cameroon","aDRAC",2272,770
"Ly-4979","Oliga",11.5,3.904,1945,250,"-","Cameroon","aDRAC",2273,770
"Ly-5201","Elig-Kono",11.45,4.15,495,40,"-","Cameroon","aDRAC",2274,197
"Ly-5202","Elig-Kono",11.45,4.15,475,50,"-","Cameroon","aDRAC",2275,197
"Ly-5203","Avoh",11.239,4.274,2370,65,"-","Cameroon","aDRAC",2276,57
"Ly-5919","Île de Ngara",18.38,4.03,330,45,"-","Central African Republic","aDRAC",2277,267
"Ly-5921","Sabélé",16.188,3.334,630,45,"Charcoal_endocarp_elaeis","Central African Republic","aDRAC",2278,832
"Ly-5922","Sabélé",16.188,3.334,715,35,"Charcoal_endocarp_elaeis","Central African Republic","aDRAC",2279,832
"Ly-9170","Mbirijom",11.34,6.357,1725,35,"-","Cameroon","aDRAC",2280,555
"Ly-9171","Gba",11.459,5.65,2300,40,"-","Cameroon","aDRAC",2281,231
"Ly-9331","Gba",11.459,5.65,2235,45,"-","Cameroon","aDRAC",2282,231
"Ly-9347","Mbirijom",11.34,6.357,1575,35,"-","Cameroon","aDRAC",2283,555
"Ly-9348","Mbirijom",11.34,6.357,1470,30,"-","Cameroon","aDRAC",2284,555
"Ly-10315","Kongolo/Pk 2/53 725",13.503,4.543,755,50,"-","Cameroon","aDRAC",2285,377
"Ly-10512","Ouélé Maroua",13.505,4.472,1790,40,"Charcoal","Cameroon","aDRAC",2286,785
"Ly-10513","Ouélé Maroua",13.505,4.472,2000,45,"Charcoal","Cameroon","aDRAC",2287,785
"Ly-12148","Gobongo 1",18.55,4.417,1580,40,"Charcoal","Central African Republic","aDRAC",2288,240
"Ly-12149","Gobongo 1/Pendèrè-Senguè",18.553,4.427,1620,45,"-","Central African Republic","aDRAC",2289,241
"Ly-70122","Wantamo/Pk 2/4 225",14.267,4.783,1805,35,"Charcoal_endocarp_elaeis","Cameroon","aDRAC",2290,931
"Ly-70723","Wantamo/Pk 2/4 225",14.267,4.783,1795,35,"Charcoal_endocarp_elaeis","Cameroon","aDRAC",2291,931
"OBDY-347","Bézongo site 50",15.3,6.1,1210,110,"-","Central African Republic","aDRAC",2292,89
"OBDY-521","Balimbé site 48",15.3,6.1,780,160,"-","Central African Republic","aDRAC",2293,64
"OBDY-601","Mbili 2 site 64",15.3,6.1,1760,180,"-","Central African Republic","aDRAC",2294,553
"OBDY-662","Ganda-Kimpese",12.384,-4.411,300,40,"charcoal_wood","Republic of the Congo","aDRAC",2295,227
"OBDY-1107","Lac Ossa",10.015,3.784,280,60,"Charcoal","Cameroon","aDRAC",2296,406
"OBDY-1443","Lac Ossa",10.015,3.784,700,50,"Charcoal","Cameroon","aDRAC",2297,406
"OBDY-1444","Lac Ossa",10.015,3.784,580,40,"Charcoal","Cameroon","aDRAC",2298,406
"OBDY-1446","Lac Ossa",10.015,3.784,440,60,"Charcoal","Cameroon","aDRAC",2299,406
"OBDY-1487","Safa CAM Site",10.019,3.792,510,50,"Charcoal","Cameroon","aDRAC",2300,834
"OBDY-1488","Safa CAM Site",10.019,3.792,420,50,"Charcoal","Cameroon","aDRAC",2301,834
"OBDY-1573","Ndio site 72",15.3,6.1,480,40,"-","Central African Republic","aDRAC",2302,689
"OBDY-1671","Ngoume PK 35",11.4,5.483,2500,40,"-","Cameroon","aDRAC",2303,711
"OBDY-1680","Ngoume PK 35",11.4,5.483,2420,40,"-","Cameroon","aDRAC",2304,711
"OxA-4538","Shum Laka",10.078,5.859,3810,60,"Charcoal","Cameroon","aDRAC",2305,855
"OxA-4539","Shum Laka",10.078,5.859,6870,80,"Charcoal","Cameroon","aDRAC",2306,855
"OxA-5201","Shum Laka",10.078,5.859,1310,65,"Charcoal","Cameroon","aDRAC",2307,855
"OxA-5204","Shum Laka",10.078,5.859,3300,90,"Charcoal","Cameroon","aDRAC",2308,855
"OxA-5205","Shum Laka",10.078,5.859,3045,60,"Charcoal","Cameroon","aDRAC",2309,855
"OxA-5206","Shum Laka",10.078,5.859,3025,60,"Charcoal","Cameroon","aDRAC",2310,855
"OxA-5207","Shum Laka",10.078,5.859,2940,60,"Charcoal","Cameroon","aDRAC",2311,855
"OxA-7601","Lope 2",11.588,-0.218,2370,35,"Charcoal_wood","Gabon","aDRAC",2312,460
"OxA-7602","Lindili 1",11.502,-0.158,1905,35,"Charcoal_wood","Gabon","aDRAC",2313,450
"OxA-7603","Okanda 5",11.553,-0.108,1980,35,"Charcoal_wood","Gabon","aDRAC",2314,758
"OxA-7604","Okanda 6",11.569,-0.117,2160,35,"Charcoal_wood","Gabon","aDRAC",2315,759
"OxA-7753","Lindili 1",11.502,-0.158,1830,35,"Charcoal_wood","Gabon","aDRAC",2316,450
"OxTL-154a-4","Batalimo",18.455,3.676,1570,220,"Pottery","Central African Republic","aDRAC",2317,73
"OxTL-202a","Sanga",26.49,-8.182,630,34,"Pottery","Democratic Republic of the Congo","aDRAC",2318,844
"OxTL-202b","Sanga",26.49,-8.182,350,24,"Pottery","Democratic Republic of the Congo","aDRAC",2319,844
"OxTL-202c","Katongo",26.41,-8.212,960,67,"Pottery","Democratic Republic of the Congo","aDRAC",2320,330
"OxTL-209a","Gombe-Point",15.281,-4.301,1610,110,"Pottery","Democratic Republic of the Congo","aDRAC",2321,246
"OxTL-209c","Gombe-Point",15.281,-4.301,1600,100,"Pottery","Democratic Republic of the Congo","aDRAC",2322,246
"OxTL-209d","Gombe-Point",15.281,-4.301,1645,110,"Pottery","Democratic Republic of the Congo","aDRAC",2323,246
"Pa-1445","Ndio site 76",15.3,6.1,555,40,"-","Central African Republic","aDRAC",2324,690
"Pa-1537","Gbabiri 1 site 77",15.087,7.074,2360,40,"-","Central African Republic","aDRAC",2325,232
"Pa-1538","Gbabiri 1 site 77",15.087,7.074,2640,40,"-","Central African Republic","aDRAC",2326,232
"Poz-33005","Lukula",12.962,-5.435,1060,30,"Charcoal_wood","Democratic Republic of the Congo","aDRAC",2327,472
"Poz-33055","Luki",13.114,-5.595,2055,30,"Charcoal_wood","Democratic Republic of the Congo","aDRAC",2328,471
"Poz-38696","Djaka River",16.436,1.658,335,35,"Charcoal_wood","Republic of the Congo","aDRAC",2329,177
"Poz-38697","Ebaleki River",17.503,3.138,315,30,"Charcoal_wood","Republic of the Congo","aDRAC",2330,188
"Poz-38700","Mambili River",15.439,0.352,1590,30,"Charcoal_wood","Republic of the Congo","aDRAC",2331,513
"Poz-38701","Ndama",14.464,3.641,2260,30,"Charcoal_wood","Cameroon","aDRAC",2332,686
"Poz-38702","Ngombé",16.154,1.433,1765,30,"Charcoal_endocarp_elaeis","Republic of the Congo","aDRAC",2333,706
"Poz-38703","Ngombé",16.154,1.433,675,30,"Charcoal_wood","Republic of the Congo","aDRAC",2334,706
"Poz-39109","Luki",13.114,-5.595,2140,35,"Charcoal_wood","Democratic Republic of the Congo","aDRAC",2335,471
"Poz-39110","Luki",13.114,-5.595,2205,35,"Charcoal_wood","Democratic Republic of the Congo","aDRAC",2336,471
"Poz-39115","Yantshambi II",24.218,0.725,1685,30,"charcoal_wood","Democratic Republic of the Congo","aDRAC",2337,941
"Poz-39116","Ilambi Moke",24.23,0.649,1990,30,"charcoal_wood","Democratic Republic of the Congo","aDRAC",2338,265
"Poz-39117","Ilambi Moke",24.23,0.649,2085,35,"Charcoal_endocarp_elaeis","Democratic Republic of the Congo","aDRAC",2339,265
"Poz-39121","Bomane Yangwa",23.817,1.303,1880,30,"charcoal_wood","Democratic Republic of the Congo","aDRAC",2340,110
"Poz-39122","Bomane Yangwa",23.817,1.303,2110,35,"Charcoal_endocarp_elaeis","Democratic Republic of the Congo","aDRAC",2341,110
"Poz-41772","Pikounda",16.636,0.55,520,30,"Charcoal_endocarp_elaeis","Republic of the Congo","aDRAC",2342,801
"Poz-41775","Bali River",14.217,5.767,590,30,"Charcoal_wood","Cameroon","aDRAC",2343,63
"Poz-41781","Landjoué",15.362,0.765,290,30,"Charcoal_endocarp_elaeis","Republic of the Congo","aDRAC",2344,416
"Poz-41782","Landjoué",15.362,0.765,2130,30,"Charcoal_endocarp_elaeis","Republic of the Congo","aDRAC",2345,416
"Poz-48989","Mbandaka",18.256,0.06,1785,30,"Charcoal","Democratic Republic of the Congo","aDRAC",2346,548
"Poz-48991","Mbandaka",18.256,0.06,1810,30,"Charcoal_endocarp_elaeis","Democratic Republic of the Congo","aDRAC",2347,548
"Poz-48993","Mbandaka",18.256,0.06,1745,35,"Charcoal_endocarp_elaeis","Democratic Republic of the Congo","aDRAC",2348,548
"Poz-48995","Mbandaka",18.256,0.06,1835,35,"Charcoal_endocarp_elaeis","Democratic Republic of the Congo","aDRAC",2349,548
"Poz-49323","Wijma logging concession (Area3 T3)",10.66,2.462,260,30,"-","Cameroon","aDRAC",2350,935
"Poz-49324","Wijma logging concession (Area3 T3)",10.66,2.462,1800,30,"-","Cameroon","aDRAC",2351,935
"Poz-55342","Iyonda",18.186,-0.035,2175,30,"Charcoal_endocarp_elaeis","Democratic Republic of the Congo","aDRAC",2352,289
"Poz-55343","Iyonda",18.186,-0.035,2185,30,"Charcoal_endocarp_elaeis","Democratic Republic of the Congo","aDRAC",2353,289
"Poz-55344","Iyonda",18.186,-0.035,2105,30,"Charcoal_endocarp_canarium","Democratic Republic of the Congo","aDRAC",2354,289
"Poz-55345","Iyonda",18.186,-0.035,2135,30,"Charcoal_endocarp_canarium","Democratic Republic of the Congo","aDRAC",2355,289
"Poz-57246","Baombi II",25.161,0.657,2085,30,"-","Democratic Republic of the Congo","aDRAC",2356,69
"Poz-57248","Baombi II",25.161,0.657,2155,30,"-","Democratic Republic of the Congo","aDRAC",2357,69
"Poz-57843","GPS051",12.032,2.496,1860,30,"Charcoal_endocarp_elaeis","Cameroon","aDRAC",2358,249
"Poz-57845","Meveme",13.115,2.406,1620,30,"Charcoal_endocarp_elaeis","Cameroon","aDRAC",2359,563
"Poz-57846","Nya Zanga",12.025,2.501,2270,30,"-","Cameroon","aDRAC",2360,741
"Poz-57847","Nya Zanga",12.025,2.501,2270,30,"-","Cameroon","aDRAC",2361,741
"Poz-59435","Nkabi",14.396,-4.252,610,30,"-","Republic of the Congo","aDRAC",2362,717
"Poz-59445","Kindoki",15.01,-5.07,320,30,"Charcoal_wood","Democratic Republic of the Congo","aDRAC",2363,352
"Poz-59446","Kindoki",15.01,-5.07,305,30,"Charcoal_wood","Democratic Republic of the Congo","aDRAC",2364,352
"Poz-59484","Makuti 1",14.33,-4.294,605,30,"-","Republic of the Congo","aDRAC",2365,500
"Poz-59486","Kindoki",15.01,-5.07,680,30,"Charcoal_wood","Democratic Republic of the Congo","aDRAC",2366,352
"Poz-59632","Kindoki",15.01,-5.07,320,30,"Charcoal_wood","Democratic Republic of the Congo","aDRAC",2367,352
"Poz-60771","Ngongo Mbata",15.117,-5.781,315,30,"Charcoal_wood","Democratic Republic of the Congo","aDRAC",2368,707
"Poz-60772","Ngongo Mbata",15.117,-5.781,310,30,"Charcoal_wood","Democratic Republic of the Congo","aDRAC",2369,707
"Poz-60776","Ngongo Mbata",15.117,-5.781,280,30,"Charcoal_wood","Democratic Republic of the Congo","aDRAC",2370,707
"Poz-62102","Maluba",18.524,2.806,580,30,"Bone","Democratic Republic of the Congo","aDRAC",2371,510
"Poz-62103","Maluba",18.524,2.806,810,80,"Bone","Democratic Republic of the Congo","aDRAC",2372,510
"Poz-62625","SFID logging concession (Area2 T4)",14.18,4.013,1750,30,"-","Cameroon","aDRAC",2373,850
"Poz-62626","SFID logging concession (Area2 T4)",14.18,4.013,1800,30,"-","Cameroon","aDRAC",2374,850
"Poz-66608","Lolabé",9.855,2.687,1885,30,"-","Cameroon","aDRAC",2375,454
"Poz-66609","Lolabé",9.855,2.687,1760,30,"-","Cameroon","aDRAC",2376,454
"Poz-69049","Misenga",14.313,-4.366,680,30,"Charcoal","Democratic Republic of the Congo","aDRAC",2377,588
"Poz-69050","Misenga",14.313,-4.366,535,30,"Charcoal","Democratic Republic of the Congo","aDRAC",2378,588
"Poz-69053","Kitala",14.868,-5.551,1665,30,"Charcoal_wood","Democratic Republic of the Congo","aDRAC",2379,365
"Poz-69263","Kitala",14.868,-5.551,2230,30,"Charcoal_wood","Democratic Republic of the Congo","aDRAC",2380,365
"Poz-70550","Kindangakanzi",13.633,-4.43,395,30,"-","Republic of the Congo","aDRAC",2381,351
"Poz-70551","Makuti 3",14.329,-4.294,645,30,"-","Republic of the Congo","aDRAC",2382,501
"Poz-72477","Mbandaka",18.256,0.06,660,30,"Cenchrus americanus","Democratic Republic of the Congo","aDRAC",2383,548
"Poz-74441","Dibamba",9.822,3.996,2470,30,"-","Cameroon","aDRAC",2384,172
"Poz-74444","Dibamba",9.822,3.996,340,30,"-","Cameroon","aDRAC",2385,172
"Poz-74504","Dibamba",9.822,3.996,2435,30,"-","Cameroon","aDRAC",2386,172
"Poz-74505","Dibamba",9.822,3.996,1855,30,"-","Cameroon","aDRAC",2387,172
"Poz-74506","Dibamba",9.822,3.996,320,30,"-","Cameroon","aDRAC",2388,172
"Poz-74508","Dibamba",9.822,3.996,435,30,"-","Cameroon","aDRAC",2389,172
"Poz-74509","Dibamba",9.822,3.996,420,30,"-","Cameroon","aDRAC",2390,172
"Poz-74510","Dibamba",9.822,3.996,520,30,"-","Cameroon","aDRAC",2391,172
"Poz-75419","Kitala",14.868,-5.551,1710,30,"Charcoal_wood","Democratic Republic of the Congo","aDRAC",2392,365
"Poz-75420","Kitala",14.868,-5.551,1680,30,"Charcoal_wood","Democratic Republic of the Congo","aDRAC",2393,365
"Poz-75422","Kindoki",15.01,-5.07,335,30,"Charcoal_wood","Democratic Republic of the Congo","aDRAC",2394,352
"Poz-75423","Kindoki",15.01,-5.07,565,30,"Charcoal_wood","Democratic Republic of the Congo","aDRAC",2395,352
"Poz-75451","Yangambi",24.44,0.768,370,30,"charcoal_wood","Democratic Republic of the Congo","aDRAC",2396,940
"Poz-75452","Yangambi",24.44,0.768,1670,30,"charcoal_wood","Democratic Republic of the Congo","aDRAC",2397,940
"Poz-75462","Yangambi",24.44,0.768,1230,30,"charcoal_wood","Democratic Republic of the Congo","aDRAC",2398,940
"Poz-74815","Iyonda",18.186,-0.035,2040,60,"Charcoal_endocarp_elaeis","Democratic Republic of the Congo","aDRAC",2399,289
"Poz-74816","Iyonda",18.186,-0.035,2180,50,"Charcoal_endocarp_elaeis","Democratic Republic of the Congo","aDRAC",2400,289
"Poz-74817","Iyonda",18.186,-0.035,1960,40,"Charcoal_endocarp_elaeis","Democratic Republic of the Congo","aDRAC",2401,289
"Poz-74881","Iyonda",18.186,-0.035,2155,30,"Charcoal_endocarp_canarium","Democratic Republic of the Congo","aDRAC",2402,289
"Poz-74883","Iyonda",18.186,-0.035,1445,30,"Charcoal_endocarp_elaeis","Democratic Republic of the Congo","aDRAC",2403,289
"Poz-74884","Iyonda",18.186,-0.035,2275,30,"Charcoal","Democratic Republic of the Congo","aDRAC",2404,289
"Poz-74885","Iyonda",18.186,-0.035,2290,30,"Charcoal_seed_vigna","Democratic Republic of the Congo","aDRAC",2405,289
"Poz-74886","Iyonda",18.186,-0.035,2195,30,"Charcoal_seed_vigna","Democratic Republic of the Congo","aDRAC",2406,289
"Poz-74887","Iyonda",18.186,-0.035,2230,30,"Charcoal","Democratic Republic of the Congo","aDRAC",2407,289
"Poz-74888","Iyonda",18.186,-0.035,2170,30,"Charcoal","Democratic Republic of the Congo","aDRAC",2408,289
"Poz-74889","Iyonda",18.186,-0.035,2140,30,"Charcoal_endocarp_canarium","Democratic Republic of the Congo","aDRAC",2409,289
"Poz-74890","Iyonda",18.186,-0.035,2120,30,"Charcoal_endocarp_elaeis","Democratic Republic of the Congo","aDRAC",2410,289
"Poz-74893","Iyonda",18.186,-0.035,1475,30,"Charcoal","Democratic Republic of the Congo","aDRAC",2411,289
"Poz-74894","Iyonda",18.186,-0.035,1395,30,"Charcoal","Democratic Republic of the Congo","aDRAC",2412,289
"Poz-74895","Iyonda",18.186,-0.035,2080,30,"Charcoal_endocarp_elaeis","Democratic Republic of the Congo","aDRAC",2413,289
"Poz-74896","Iyonda",18.186,-0.035,2100,30,"Charcoal_endocarp_elaeis","Democratic Republic of the Congo","aDRAC",2414,289
"Poz-74897","Iyonda",18.186,-0.035,2220,30,"Charcoal","Democratic Republic of the Congo","aDRAC",2415,289
"Poz-74898","Iyonda",18.186,-0.035,2235,30,"Charcoal_uapaca","Democratic Republic of the Congo","aDRAC",2416,289
"Poz-74899","Iyonda",18.186,-0.035,2200,30,"Charcoal_endocarp","Democratic Republic of the Congo","aDRAC",2417,289
"Poz-74918","Iyonda",18.186,-0.035,2180,30,"Charcoal_endocarp","Democratic Republic of the Congo","aDRAC",2418,289
"Poz-74919","Iyonda",18.186,-0.035,2185,30,"Charcoal","Democratic Republic of the Congo","aDRAC",2419,289
"Poz-74979","Iyonda",18.186,-0.035,2210,30,"Charcoal_endocarp","Democratic Republic of the Congo","aDRAC",2420,289
"Poz-76918","Kazu 6",13.731,-5.523,540,30,"Charcoal_wood","Democratic Republic of the Congo","aDRAC",2421,338
"Poz-76919","Kazu 6",13.731,-5.523,610,30,"Charcoal_wood","Democratic Republic of the Congo","aDRAC",2422,338
"Poz-76920","Kindu",13.613,-4.951,1750,30,"Charcoal_endocarp_canarium","Democratic Republic of the Congo","aDRAC",2423,353
"Poz-76921","Kindu",13.613,-4.951,1810,30,"Charcoal_endocarp_canarium","Democratic Republic of the Congo","aDRAC",2424,353
"Poz-79288","Iyonda",18.186,-0.035,645,30,"Charcoal_endocarp_elaeis","Democratic Republic of the Congo","aDRAC",2425,289
"Poz-79295","Iyonda",18.186,-0.035,490,30,"Charcoal_endocarp_elaeis","Democratic Republic of the Congo","aDRAC",2426,289
"Poz-79296","Iyonda",18.186,-0.035,495,30,"Charcoal_endocarp_elaeis","Democratic Republic of the Congo","aDRAC",2427,289
"Poz-79297","Iyonda",18.186,-0.035,545,30,"Charcoal_endocarp_elaeis","Democratic Republic of the Congo","aDRAC",2428,289
"Poz-79299","Iyonda",18.186,-0.035,535,30,"Charcoal_endocarp_elaeis","Democratic Republic of the Congo","aDRAC",2429,289
"Poz-79300","Iyonda",18.186,-0.035,500,30,"Charcoal_endocarp_elaeis","Democratic Republic of the Congo","aDRAC",2430,289
"Poz-79304","Iyonda",18.186,-0.035,2325,35,"Charcoal_seed_Pennisetum","Democratic Republic of the Congo","aDRAC",2431,289
"Poz-79307","Iyonda",18.186,-0.035,2100,30,"indet","Democratic Republic of the Congo","aDRAC",2432,289
"Poz-80290","Kindoki",15.01,-5.07,385,30,"Charcoal_wood","Democratic Republic of the Congo","aDRAC",2433,352
"Poz-80291","Kazu 4",13.732,-5.517,645,30,"Charcoal_wood","Democratic Republic of the Congo","aDRAC",2434,337
"Poz-80292","Kindu",13.613,-4.951,725,30,"Charcoal_wood","Democratic Republic of the Congo","aDRAC",2435,353
"Poz-80293","Bu 3",13.784,-5.449,1700,30,"Charcoal_endocarp_elaeis","Democratic Republic of the Congo","aDRAC",2436,123
"Poz-80294","Ngongo Mbata",15.117,-5.781,310,30,"Charcoal_wood","Democratic Republic of the Congo","aDRAC",2437,707
"Poz-84660","Kilodia",14.361,-4.292,960,30,"-","Republic of the Congo","aDRAC",2438,347
"Poz-84661","Ntominsié",14.335,-4.295,385,30,"-","Republic of the Congo","aDRAC",2439,736
"Poz-98058","Bolondo",21.253,-0.306,334,30,"Charcoal_seed_Pennisetum","Democratic Republic of the Congo","aDRAC",2440,108
"Poz-98264","Bolondo",21.253,-0.306,460,30,"Bone_animal","Democratic Republic of the Congo","aDRAC",2441,108
"Poz-98311","Bolondo",21.253,-0.306,365,30,"Charcoal_seed_Pennisetum","Democratic Republic of the Congo","aDRAC",2442,108
"Pta-212","Benfica",13.191,-8.958,1810,50,"-","Angola","aDRAC",2443,85
"Pta-1025","Benfica",13.191,-8.958,1760,60,"Shell","Angola","aDRAC",2444,85
"Pta-1026","Benfica",13.191,-8.958,600,70,"Shell","Angola","aDRAC",2445,85
"RICH-26741","Muanda 6",12.298,-5.889,1525,26,"Charcoal_endocarp_elaeis","Democratic Republic of the Congo","aDRAC",2446,636
"RICH-26746","Muanda 6",12.298,-5.889,1605,26,"Charcoal_endocarp_elaeis","Democratic Republic of the Congo","aDRAC",2447,636
"RICH-26752","Muanda 13",12.445,-5.969,1262,25,"Charcoal","Democratic Republic of the Congo","aDRAC",2448,635
"RICH-27763","Okwon",19.601,-4.997,1194,26,"Charcoal_wood","Democratic Republic of the Congo","aDRAC",2449,763
"RICH-27764","Okwon",19.601,-4.997,1903,25,"Charcoal_wood","Democratic Republic of the Congo","aDRAC",2450,763
"RICH-27765","Okwon",19.601,-4.997,1977,26,"Charcoal_wood","Democratic Republic of the Congo","aDRAC",2451,763
"RICH-27766","Okwon",19.601,-4.997,2019,25,"Charcoal_wood","Democratic Republic of the Congo","aDRAC",2452,763
"RICH-27767","Nkar",19.594,-4.988,2052,26,"Charcoal_wood","Democratic Republic of the Congo","aDRAC",2453,721
"RICH-27768","Nkar",19.594,-4.988,1938,25,"Charcoal_wood","Democratic Republic of the Congo","aDRAC",2454,721
"RICH-27769","Nkar",19.594,-4.988,2103,25,"Charcoal_wood","Democratic Republic of the Congo","aDRAC",2455,721
"SacA-18832","Tovo",14.47,-5.758,350,30,"Charcoal","Democratic Republic of the Congo","aDRAC",2456,896
"SacA-21461","Tovo",14.47,-5.758,280,30,"Charcoal_rockart","Democratic Republic of the Congo","aDRAC",2457,896
"SacA-21462","Tovo",14.47,-5.758,355,30,"Charcoal_rockart","Democratic Republic of the Congo","aDRAC",2458,896
"SacA-21463","Tovo",14.47,-5.758,325,30,"Charcoal_rockart","Democratic Republic of the Congo","aDRAC",2459,896
"SacA-22300","Tovo",14.47,-5.758,270,30,"Charcoal_rockart","Democratic Republic of the Congo","aDRAC",2460,896
"SacA-22301","Tovo",14.47,-5.758,255,30,"Charcoal_rockart","Democratic Republic of the Congo","aDRAC",2461,896
"SacA-22302","Tovo",14.47,-5.758,250,30,"Charcoal_rockart","Democratic Republic of the Congo","aDRAC",2462,896
"SacA-22303","Tovo",14.47,-5.758,365,30,"Charcoal_rockart","Democratic Republic of the Congo","aDRAC",2463,896
"SacA-29124","Tovo 2",14.47,-5.758,450,30,"Pottery","Democratic Republic of the Congo","aDRAC",2464,897
"SacA-29125","Tovo",14.47,-5.758,1335,45,"Charcoal_rockart","Democratic Republic of the Congo","aDRAC",2465,896
"SacA-29137","Nkamba",14.444,-5.749,540,90,"Charcoal_rockart","Democratic Republic of the Congo","aDRAC",2466,718
"SacA-31426","Akom",12.422,2.402,1880,70,"Charcoal_endocarp_elaeis","Cameroon","aDRAC",2467,10
"SacA-31427","Akom",12.422,2.402,1950,30,"Charcoal_endocarp_elaeis","Cameroon","aDRAC",2468,10
"SacA-32566","Akom",12.422,2.402,1925,30,"-","Cameroon","aDRAC",2469,10
"SacA-32567","Efoulan 1",12.462,2.386,2335,30,"Charcoal_endocarp_elaeis","Cameroon","aDRAC",2470,193
"SacA-32568","Efoulan 1",12.462,2.386,1840,30,"Charcoal_endocarp_elaeis","Cameroon","aDRAC",2471,193
"SacA-32569","Elleng",12.433,2.394,1985,30,"-","Cameroon","aDRAC",2472,198
"SacA-32570","Otto Mbong",12.505,2.403,1800,30,"Charcoal_endocarp_elaeis","Cameroon","aDRAC",2473,783
"SacA-32572","GPS051",12.032,2.496,1865,30,"Charcoal_endocarp_elaeis","Cameroon","aDRAC",2474,249
"SacA-36073","GPS051",12.032,2.496,1990,30,"Charcoal_endocarp_elaeis","Cameroon","aDRAC",2475,249
"SacA-36074","Nya Zanga",12.025,2.501,2255,30,"Charcoal_endocarp_elaeis","Cameroon","aDRAC",2476,741
"SacA-36075","Nya Zanga",12.025,2.501,2295,30,"Charcoal_endocarp_elaeis","Cameroon","aDRAC",2477,741
"SacA-36076","Nya Zanga",12.025,2.501,2240,35,"Charcoal_endocarp_elaeis","Cameroon","aDRAC",2478,741
"SacA-36077","Nya Zanga",12.025,2.501,2265,30,"Charcoal_endocarp_elaeis","Cameroon","aDRAC",2479,741
"SacA-36078","Nya Zanga",12.025,2.501,2280,30,"Charcoal_endocarp_elaeis","Cameroon","aDRAC",2480,741
"SacA-36079","Nya Zanga",12.025,2.501,2165,30,"Charcoal_endocarp_elaeis","Cameroon","aDRAC",2481,741
"SacA-36080","Nya Zanga",12.025,2.501,2255,30,"Charcoal_endocarp_elaeis","Cameroon","aDRAC",2482,741
"SacA-36081","Nya Zanga",12.025,2.501,2245,30,"Charcoal_endocarp_elaeis","Cameroon","aDRAC",2483,741
"SacA-36082","Nya Zanga",12.025,2.501,2290,30,"Charcoal_endocarp_elaeis","Cameroon","aDRAC",2484,741
"SacA-36083","Oloundou",12.085,2.484,1745,30,"Charcoal","Cameroon","aDRAC",2485,772
"SR-18","Carboneras",8.75,3.75,1270,100,"Charcoal_endocarp","Equatorial Guinea","aDRAC",2486,136
"SR-104","Bolaopi",8.717,3.6,930,100,"Charcoal_endocarp","Equatorial Guinea","aDRAC",2487,107
"SR-105","Bolaopi",8.717,3.6,630,100,"Charcoal_endocarp","Equatorial Guinea","aDRAC",2488,107
"SUERC-89288 (GU53258)","Bolondo",21.253,-0.306,332,24,"Bone","Democratic Republic of the Congo","aDRAC",2489,108
"SUERC-89289 (GU53259)","Bolondo",21.253,-0.306,312,24,"Bone","Democratic Republic of the Congo","aDRAC",2490,108
"SUERC-89290 (GU53260)","Bolondo",21.253,-0.306,433,24,"Bone","Democratic Republic of the Congo","aDRAC",2491,108
"Tx-5956","Tchissanga",11.798,-4.539,2880,90,"-","Republic of the Congo","aDRAC",2492,884
"Tx-5957","Madingo-Kayes",11.696,-4.432,1720,80,"Charcoal_endocarp_elaeis","Republic of the Congo","aDRAC",2493,485
"Tx-5958","Madingo-Kayes",11.696,-4.432,1810,60,"Charcoal_endocarp_elaeis","Republic of the Congo","aDRAC",2494,485
"Tx-6183","Tandou-Youmbi",11.691,-4.416,2110,60,"-","Republic of the Congo","aDRAC",2495,879
"Tx-6184","Tchissanga",11.798,-4.539,2450,70,"-","Republic of the Congo","aDRAC",2496,884
"Tx-6185","Tchissanga",11.798,-4.539,2530,60,"-","Republic of the Congo","aDRAC",2497,884
"Tx-6186","Tchissanga",11.798,-4.539,2250,60,"-","Republic of the Congo","aDRAC",2498,884
"Tx-6187","Tchissanga",11.798,-4.539,2520,60,"-","Republic of the Congo","aDRAC",2499,884
"Tx-6188","Tchissanga",11.798,-4.539,2300,80,"-","Republic of the Congo","aDRAC",2500,884
"Tx-6189","Meningue",11.772,-4.274,1740,70,"-","Republic of the Congo","aDRAC",2501,561
"Tx-6256","Tchissanga",11.798,-4.539,2280,70,"-","Republic of the Congo","aDRAC",2502,884
"Tx-6689","Kayes",11.7,-4.42,1550,80,"-","Republic of the Congo","aDRAC",2503,334
"Tx-6690","Kayes",11.7,-4.42,2310,70,"-","Republic of the Congo","aDRAC",2504,334
"Tx-6691","Kayes",11.7,-4.42,1720,70,"-","Republic of the Congo","aDRAC",2505,334
"Tx-6692","Kayes",11.7,-4.42,1440,60,"-","Republic of the Congo","aDRAC",2506,334
"Tx-7014","BP 113",11.59,-4.357,1820,60,"-","Republic of the Congo","aDRAC",2507,119
"Tx-7015","Lamba",11.609,-4.373,2220,80,"-","Republic of the Congo","aDRAC",2508,414
"Tx-7016","BP 113",11.59,-4.357,2060,60,"-","Republic of the Congo","aDRAC",2509,119
"Tx-7017","Loubanzi",11.873,-4.502,420,50,"-","Republic of the Congo","aDRAC",2510,464
"Tx-7018","Gray Sands",11.657,-4.393,2250,60,"-","Republic of the Congo","aDRAC",2511,250
"Tx-7019","Conda",11.936,-4.502,810,70,"-","Republic of the Congo","aDRAC",2512,159
"Tx-7020","Lamba",11.609,-4.373,2790,70,"-","Republic of the Congo","aDRAC",2513,414
"Tx-7021","Gray Sands",11.657,-4.393,2950,80,"-","Republic of the Congo","aDRAC",2514,250
"Tx-7359","Mvindou",11.952,-4.472,2270,60,"-","Republic of the Congo","aDRAC",2515,653
"Tx-7360","Mvindou",11.952,-4.472,2190,70,"-","Republic of the Congo","aDRAC",2516,653
"Tx-7361","Mvindou",11.952,-4.472,2250,60,"-","Republic of the Congo","aDRAC",2517,653
"Tx-7362","Fignou 4",11.976,-4.524,1730,70,"-","Republic of the Congo","aDRAC",2518,218
"Tx-7363","Fignou 4",11.976,-4.524,1790,70,"-","Republic of the Congo","aDRAC",2519,218
"Tx-7364","Fignou 1",11.976,-4.524,1410,100,"-","Republic of the Congo","aDRAC",2520,217
"Tx-7365","Mvindou",11.952,-4.472,2220,60,"-","Republic of the Congo","aDRAC",2521,653
"Tx-7366","Mvindou",11.952,-4.472,2200,70,"-","Republic of the Congo","aDRAC",2522,653
"Tx-7727","BP 113",11.59,-4.357,1640,70,"-","Republic of the Congo","aDRAC",2523,119
"Tx-7728","BP 113",11.59,-4.357,1940,50,"-","Republic of the Congo","aDRAC",2524,119
"Tx-7729","BP 113",11.59,-4.357,1930,50,"-","Republic of the Congo","aDRAC",2525,119
"Tx-7730","BP 113",11.59,-4.357,1930,50,"-","Republic of the Congo","aDRAC",2526,119
"Ua-42371","Nanda/Corisco",9.317,0.917,962,30,"-","Equatorial Guinea","aDRAC",2527,678
"Ua-42372","Nanda/Corisco",9.317,0.917,951,30,"-","Equatorial Guinea","aDRAC",2528,678
"Ua-42373","Nanda/Corisco",9.317,0.917,949,30,"-","Equatorial Guinea","aDRAC",2529,678
"Ua-42374","Nanda/Corisco",9.317,0.917,1808,30,"-","Equatorial Guinea","aDRAC",2530,678
"UCLA-170","Furi",21.198,-7.362,1880,80,"-","Angola","aDRAC",2531,222
"UCLA-712","Tchibaba",20.735,-8.392,880,80,"Charcoal","Angola","aDRAC",2532,883
"UCLA-715","Marrhura",20.467,-7.36,800,80,"Charcoal","Angola","aDRAC",2533,526
"UCLA-716","Dundo Airfield",20.82,-7.374,1190,80,"-","Angola","aDRAC",2534,185
"UCLA-717","Ricoco II",20.85,-7.467,1010,80,"-","Angola","aDRAC",2535,823
"Uga-5688","Tchissanga",11.798,-4.539,2270,400,"-","Republic of the Congo","aDRAC",2536,884
"Uga-5720","Tchissanga",11.798,-4.539,2525,85,"-","Republic of the Congo","aDRAC",2537,884
"UTC-13254","Mimongo",10.454,-0.917,1786,33,"Charcoal_endocarp_elaeis","Gabon","aDRAC",2538,578
"UTC-13255","Mimongo",10.454,-0.917,1784,42,"Charcoal_endocarp_elaeis","Gabon","aDRAC",2539,578
"UTC-13256","Mimongo",10.454,-0.917,1738,48,"Charcoal_endocarp_elaeis","Gabon","aDRAC",2540,578
"OxA-14503","Wadh Lang'o",34.810693,-0.351268,1746,28,"charcoal","Kenya","Collected",2541,928
"OxA-14504","Wadh Lang'o",34.810693,-0.351268,1742,27,"charcoal","Kenya","Collected",2542,928
"UCLA-170","Furi I Mine",20.67,-7.37,1800,80,"charcoal","Angola","Collected",2543,223
"UCLA-716","Dundo Airfield",20.5,-7.37,1190,80,"charcoal","Angola","Collected",2544,185
"UCLA-717","Ricoco II Rock Shelter",20.85,-7.47,1010,80,"charcoal","Angola","Collected",2545,824
"UCLA-715","Marrhura",20.47,-7.6,800,80,"charcoal","Angola","Collected",2546,526
"UCLA-718","Museque Cave",19.17,-10.83,465,80,"charcoal","Angola","Collected",2547,645
"Har-2335","Mtuzi Hill Rockshelter (DZ126)",34.18,-14.27,1580,70,NA,"Malawi","Collected",2548,633
"Pta-2030","Mtuzi Hill Rockshelter (DZ126)",34.18,-14.27,1680,50,NA,"Malawi","Collected",2549,633
"Pta-2752","Munga Hill",33.7,-11.7,1750,60,NA,"Malawi","Collected",2550,641
"Pta-236","Vungu Vungu",19.8564,-17.8838,320,45,NA,"Namibia","Collected",2551,927
"Pta-234","Kapako",19.5673,-17.8754,1110,50,NA,"Namibia","Collected",2552,324
"N-784","Chobi",32.2,2.25,1660,125,NA,"Uganda","Collected",2553,149
"N-893","Katuruka",31.77,-1.45,250,100,NA,"Tanzania","Collected",2554,332
"N-896","Katuruka",31.77,-1.45,305,120,NA,"Tanzania","Collected",2555,332
"Pta-5161","Skeurkrans",28.467,-24.1,1850,50,NA,"South Africa","Collected",2556,864
"N-2314","Situmpa, Machili",25.12,-16.25,2259,60,NA,"Zambia","Collected",2557,862
"Pta-2486","Situmpa, Machili",25.12,-16.25,2100,60,NA,"Zambia","Collected",2558,862
"SR-24","Situmpa, Machili",25.12,-16.25,1930,100,"charcoal","Zambia","Collected",2559,862
"C-829","Situmpa, Machili",25.12,-16.25,1854,200,NA,"Zambia","Collected",2560,862
"SR-40","Situmpa, Machili",25.12,-16.25,1710,100,"charcoal","Zambia","Collected",2561,862
"SR-28","Kamusongolwa Kopje, Kasempa",25.85,-13.45,800,100,NA,"Zambia","Collected",2562,315
"SR-33","Malapati",31.42,-22.05,1100,100,NA,"Zimbabwe","Collected",2563,504
"SR-17","Ziwa Farm",32.67,-18.2,1650,100,NA,"Zimbabwe","Collected",2564,948
"SR-32","Ziwa Farm",32.67,-18.2,1100,100,"charcoal","Zimbabwe","Collected",2565,948
"SR-38","Ziwa Farm",32.67,-18.2,1050,100,"charcoal","Zimbabwe","Collected",2566,948
"B-233","Ziwa Farm",32.67,-18.2,1020,110,NA,"Zimbabwe","Collected",2567,948
"SR-36","Mutema's Sacred Grove, Melsetter",32.55,-19.98,720,120,NA,"Zimbabwe","Collected",2568,648
"SR-37","Mutema's Sacred Grove, Melsetter",32.55,-19.98,800,90,NA,"Zimbabwe","Collected",2569,648
"GrN-4646","Kalambo Falls",31.25,-8.58,1605,40,NA,"Zambia","Collected",2570,304
"GrN-4647","Kalambo Falls",31.25,-8.58,1520,40,NA,"Zambia","Collected",2571,304
"GrN-3580","Kalambo Falls",31.25,-8.58,930,40,NA,"Zambia","Collected",2572,304
"L-395A","Kalambo Falls",31.25,-8.58,970,150,NA,"Zambia","Collected",2573,304
"L-395B","Kalambo Falls",31.25,-8.58,1080,180,NA,"Zambia","Collected",2574,304
"L-395C","Kalambo Falls",31.25,-8.58,1400,150,NA,"Zambia","Collected",2575,304
"GXO-516","Bigo",29.9,0.38,445,70,NA,"Uganda","Collected",2576,93
"GXO-517","Bigo",29.9,0.38,500,300,NA,"Uganda","Collected",2577,93
"GXO-519","Bigo",29.9,0.38,580,90,NA,"Uganda","Collected",2578,93
"N-256","Kilwa Kisiwani",39.52,-8.95,790,110,"charcoal","Tanzania","Collected",2579,348
"N-908","Kamnama",32.85,-13.53,1600,110,NA,"Zambia","Collected",2580,311
"GX-1328","Kangonga",28.67,-21.65,1610,115,NA,"Zambia","Collected",2581,319
"GX-1327","Kangonga",28.67,-21.65,1185,85,NA,"Zambia","Collected",2582,319
"N-1286","Kansanshi",26.6,-12.2,1550,90,NA,"Zambia","Collected",2583,322
"N-1283","Kansanshi",26.6,-12.2,1320,85,NA,"Zambia","Collected",2584,322
"N-1284","Kansanshi",26.6,-12.2,1190,85,NA,"Zambia","Collected",2585,322
"N-1439","Kansanshi",26.6,-12.2,900,60,NA,"Zambia","Collected",2586,322
"N-1440","Kansanshi",26.6,-12.2,560,75,NA,"Zambia","Collected",2587,322
"N-1441","Kansanshi",26.6,-12.2,450,75,NA,"Zambia","Collected",2588,322
"N-1281","Kansanshi",26.6,-12.2,360,80,NA,"Zambia","Collected",2589,322
"N-1282","Kansanshi",26.6,-12.2,295,80,NA,"Zambia","Collected",2590,322
"GX-1013","Kapwirimbwe",28.37,-15.38,1540,85,NA,"Zambia","Collected",2591,326
"GX-1013A","Kapwirimbwe",28.37,-15.38,1525,110,NA,"Zambia","Collected",2592,326
"GX-1012","Kapwirimbwe",28.37,-15.38,1445,95,NA,"Zambia","Collected",2593,326
"SR-211","Lubusi",23.82,-14.37,1070,60,NA,"Zambia","Collected",2594,467
"GX-1551","Makwe Shelter",31.93,-14.4,1730,110,NA,"Zambia","Collected",2595,502
"SR-207","Makwe Shelter",31.93,-14.4,1200,80,NA,"Zambia","Collected",2596,502
"SR-206","Makwe Shelter",31.93,-14.4,970,70,NA,"Zambia","Collected",2597,502
"R-874","Isamu Pati",26.33,-17.07,995,61,NA,"Zambia","Collected",2598,282
"UCLA-177","Isamu Pati",26.33,-17.07,960,70,NA,"Zambia","Collected",2599,282
"SR-30","Isamu Pati",26.33,-17.07,930,100,NA,"Zambia","Collected",2600,282
"SR-20","Isamu Pati",26.33,-17.07,910,100,NA,"Zambia","Collected",2601,282
"SR-31","Isamu Pati",26.33,-17.07,900,100,NA,"Zambia","Collected",2602,282
"UCLA-176","Isamu Pati",26.33,-17.07,890,50,NA,"Zambia","Collected",2603,282
"UCLA-175","Isamu Pati",26.33,-17.07,710,50,NA,"Zambia","Collected",2604,282
"SR-19","Isamu Pati",26.33,-17.07,1300,90,NA,"Zambia","Collected",2605,282
"N-585","Mwanamaimpa",26.12,-15.98,1410,115,NA,"Zambia","Collected",2606,657
"N-586","Mwanamaimpa",26.12,-15.98,1200,115,NA,"Zambia","Collected",2607,657
"N-582","Mwanamaimpa",26.12,-15.98,625,110,NA,"Zambia","Collected",2608,657
"N-583","Mwanamaimpa",26.12,-15.98,965,110,NA,"Zambia","Collected",2609,657
"N-584","Mwanamaimpa",26.12,-15.98,950,115,NA,"Zambia","Collected",2610,657
"N-587","Mwanamaimpa",26.12,-15.98,950,115,NA,"Zambia","Collected",2611,657
"N-581","Mwanamaimpa",26.12,-15.98,755,110,NA,"Zambia","Collected",2612,657
"N-582","Mwanamaimpa",26.12,-15.98,625,110,NA,"Zambia","Collected",2613,657
"N-433","Ndonde",27.4,-16.73,845,100,"charcoal","Zambia","Collected",2614,696
"N-432","Ndonde",27.4,-16.73,745,105,"charcoal","Zambia","Collected",2615,696
"UCLA-1632B","Ndonde",27.4,-16.73,730,50,"charcoal","Zambia","Collected",2616,696
"SR-148","Phopo Hill",33.65,-11.12,1745,170,NA,"Malawi","Collected",2617,799
"SR-161","Phopo Hill",33.65,-11.12,1445,120,NA,"Malawi","Collected",2618,799
"SR-128","Phopo Hill",33.65,-11.12,1655,95,NA,"Malawi","Collected",2619,799
"N-978","Coronation Park",31.1,-17.83,1240,100,NA,"Zimbabwe","Collected",2620,160
"N-979","Coronation Park",31.1,-17.83,970,100,NA,"Zimbabwe","Collected",2621,160
"N-1275","Makuru",29.967,-20.317,1260,65,NA,"Zimbabwe","Collected",2622,499
"GX-7020","Kwamboo",37.25,-1,1730,130,NA,"Kenya","Collected",2623,401
"GX-7021","Kwamboo",37.25,-1,1760,120,NA,"Kenya","Collected",2624,401
"GX-8746","Kithiru (GpJp 35)",37.77,0.42,1630,155,NA,"Kenya","Collected",2625,367
"GX-8748","Ganga (GpJa 17)",34.25,0.33,1760,160,NA,"Kenya","Collected",2626,228
"Pta-3255","Mufulwe",29.58,-13.97,930,50,NA,"Zambia","Collected",2627,638
"Pta-3256","Mufulwe",29.58,-13.97,2169,50,NA,"Zambia","Collected",2628,638
"NZ-4515","Muteteshi I",28.6,-14.28,1770,70,NA,"Zambia","Collected",2629,649
"NZ-4518","Muteteshi I",28.6,-14.28,1810,80,NA,"Zambia","Collected",2630,649
"NZ-4520","Muteteshi I",28.6,-14.28,2029,90,NA,"Zambia","Collected",2631,649
"NZ-4522","Muteteshi I",28.6,-14.28,2039,70,NA,"Zambia","Collected",2632,649
"N-3426","Salumano",24.12,-17.2,2329,65,NA,"Zambia","Collected",2633,837
"N-3427","Salumano",24.12,-17.2,1110,80,NA,"Zambia","Collected",2634,837
"N-3428","Salumano",24.12,-17.2,1300,75,NA,"Zambia","Collected",2635,837
"N-3429","Salumano",24.12,-17.2,1420,95,NA,"Zambia","Collected",2636,837
"Pta-1193","Ndaba",29.68,-16.87,1310,50,NA,"Zimbabwe","Collected",2637,683
"UCLA-1238","Chaminade",33.88,-9.95,2100,80,NA,"Malawi","Collected",2638,140
"N-409","Kumadzulo",25.53,-17.62,1529,110,NA,"Zambia","Collected",2639,392
"N-410","Kumadzulo",25.53,-17.62,1390,110,NA,"Zambia","Collected",2640,392
"N-411","Kumadzulo",25.53,-17.62,1400,110,NA,"Zambia","Collected",2641,392
"N-412","Kumadzulo",25.53,-17.62,1330,110,NA,"Zambia","Collected",2642,392
"N-413","Kumadzulo",25.53,-17.62,1320,110,NA,"Zambia","Collected",2643,392
"N-414","Kumadzulo",25.53,-17.62,1260,105,NA,"Zambia","Collected",2644,392
"Beta-182951","Chowo River",31.2032,-18.2065,1670,40,"charcoal","Zambia","Collected",2645,153
"Beta-182952","Chowo River",31.2032,-18.2065,1340,40,"charcoal","Zambia","Collected",2646,153
"Beta-182953","Chowo River",31.2032,-18.2065,1410,40,"charcoal","Zambia","Collected",2647,153
"Beta-182954","Chowo River",31.2032,-18.2065,1370,90,"charcoal","Zambia","Collected",2648,153
"Beta-182955","Chowo River",31.2032,-18.2065,1010,130,"charcoal","Zambia","Collected",2649,153
"Beta-182956","Chowo River",31.2032,-18.2065,1600,40,"charcoal","Zambia","Collected",2650,153
"Beta-182957","Chowo River",31.2032,-18.2065,1480,40,"charcoal","Zambia","Collected",2651,153
"GX-109","Sebanzi Hill, Lochinvar",27.234,-15.991,750,135,"charcoal","Zambia","Collected",2652,847
"ICEN-133","Riane Rock-shelter",40.1556,-13.725,1870,35,"charcoal","Mozambique","Collected",2653,822
"ICEN-132","Malessane",36.97,-15.47,1740,40,"charcoal","Mozambique","Collected",2654,507
"Ua-40070","Lumbi",35.696,-18.126,1892,30,"charcoal","Mozambique","Collected",2655,473
"Ua-40067","Lumbi",35.696,-18.126,1558,30,"charcoal","Mozambique","Collected",2656,473
"SR-209","Mitongwe-Liwadzi",34.67,-14.58,1580,60,NA,"Malawi","Collected",2657,589
"SR-229","Mitongwe-Liwadzi",34.67,-14.58,1730,90,NA,"Malawi","Collected",2658,589
"I-13803","Maunatlala",27.64,-22.59,1570,140,NA,"Botswana","Collected",2659,542
"Poz-20700","Ruuga 2",19.5293,-17.8726,355,30,"charcoal","Namibia","Collected",2660,831
"Poz-20698","Ruuga 2",19.5293,-17.8726,410,30,"charcoal","Namibia","Collected",2661,831
"KIA28850","Ruuga 2",19.5293,-17.8726,1090,35,"charcoal","Namibia","Collected",2662,831
"Poz-20697","Ruuga 2",19.5293,-17.8726,1360,30,"charcoal","Namibia","Collected",2663,831
"Poz-20695","Ruuga 2",19.5293,-17.8726,1390,30,"charcoal","Namibia","Collected",2664,831
"KIA28853","Ruuga 2",19.5293,-17.8726,1565,20,"charcoal","Namibia","Collected",2665,831
"Poz-20696","Ruuga 2",19.5293,-17.8726,1570,30,"charcoal","Namibia","Collected",2666,831
"KIA28854","Ruuga 2",19.5293,-17.8726,1602,23,"charcoal","Namibia","Collected",2667,831
"Poz-20676","Ruuga 2",19.5293,-17.8726,1615,30,"charcoal","Namibia","Collected",2668,831
"Poz-20675","Ruuga 2",19.5293,-17.8726,1670,30,"charcoal","Namibia","Collected",2669,831
"Poz-20674","Ruuga 2",19.5293,-17.8726,1740,40,"charcoal","Namibia","Collected",2670,831
"COL#2332.1.1","Ruuga 2",19.5293,-17.8726,1580,38,"charcoal","Namibia","Collected",2671,831
"Poz-20679","Kapako",19.5673,-17.8754,1550,30,"charcoal extracted from pottery","Namibia","Collected",2672,324
"Poz-20680","Kapako",19.5673,-17.8754,1535,30,"charcoal","Namibia","Collected",2673,324
"Poz-20682","Kapako",19.5673,-17.8754,1480,30,"carburized frusa","Namibia","Collected",2674,324
"Poz-20694","Kapako",19.5673,-17.8754,1545,30,"charcoal","Namibia","Collected",2675,324
"Poz-20699","Vungu Vungu",19.8564,-17.8838,270,30,"charcoal","Namibia","Collected",2676,927
"Poz-20671","Vungu Vungu",19.8564,-17.8838,355,30,"charcoal","Namibia","Collected",2677,927
"Poz-20702","Vungu Vungu",19.8564,-17.8838,400,30,"charcoal","Namibia","Collected",2678,927
"COL#2330.1.1","Gove-Mbambangandu",20.0416,-17.9013,356,35,"charcoal","Namibia","Collected",2679,248
"Poz-20703","Dikundu",21.3223,-18.1378,320,30,"charcoal","Namibia","Collected",2680,173
"KN-5190","Rundu Immigration Office",19.7907,-17.87805,280,30,"charcoal","Namibia","Collected",2681,830
"SR-174","Nkope Hill",35.03,-14.2,1590,120,"charcoal","Malawi","Collected",2682,727
"SR-178","Mawudzu Hill",35.08,-14.25,470,95,"charcoal","Malawi","Collected",2683,545
"ST-9021","Riane Rock-shelter",40.1556,-13.725,1485,170,NA,"Mozambique","Collected",2684,822
"GX-14812","Namaso Bay",34.983,-14.17,1555,110,NA,"Malawi","Collected",2685,674
"GX-14811","Namaso Bay",34.983,-14.17,1300,260,NA,"Malawi","Collected",2686,674
"GX-14813","Namaso Bay",34.983,-14.17,1075,75,NA,"Malawi","Collected",2687,674
"N-998","Chondwe",28.777,-13.194,1440,160,NA,"Zambia","Collected",2688,151
"N-997","Chondwe",28.777,-13.194,1150,145,NA,"Zambia","Collected",2689,151
"GX-1009","Chondwe",28.777,-13.194,1135,130,NA,"Zambia","Collected",2690,151
"GX-1010","Chondwe",28.777,-13.194,1060,95,NA,"Zambia","Collected",2691,151
"SR-106","Dambwa",25.849,-17.756,1350,100,NA,"Zambia","Collected",2692,164
"SR-62","Dambwa",25.849,-17.756,1330,110,NA,"Zambia","Collected",2693,164
"SR-97","Dambwa",25.849,-17.756,1200,95,NA,"Zambia","Collected",2694,164
"SR-98","Dambwa",25.849,-17.756,1170,90,NA,"Zambia","Collected",2695,164
"SR-96","Dambwa",25.849,-17.756,1090,95,NA,"Zambia","Collected",2696,164
"SR-110","Dambwa",25.849,-17.756,1290,120,NA,"Zambia","Collected",2697,164
"SR-22","Ingombe Ilede",28.8,-16.2,1120,200,NA,"Zambia","Collected",2698,278
"SR-23","Ingombe Ilede",28.8,-16.2,1150,100,NA,"Zambia","Collected",2699,278
"Q-720","Ingombe Ilede",28.8,-16.2,965,100,NA,"Zambia","Collected",2700,278
"R-908","Ingombe Ilede",28.8,-16.2,1270,40,NA,"Zambia","Collected",2701,278
"SR-65","Kalundu",26.5,-17.05,1650,90,"charcoal","Zambia","Collected",2702,306
"SR-66","Kalundu",26.5,-17.05,1050,100,"charcoal","Zambia","Collected",2703,306
"SR-74","Kalundu",26.5,-17.05,870,90,"charcoal","Zambia","Collected",2704,306
"SR-41","Kalundu",26.5,-17.05,1160,90,"charcoal","Zambia","Collected",2705,306
"SR-123","Kalundu",26.5,-17.05,1495,95,"charcoal","Zambia","Collected",2706,306
"SR-139","Kalundu",26.5,-17.05,885,120,"charcoal","Zambia","Collected",2707,306
"WK-47137","Kalundu",26.5,-17.05,653,17,"bone","Zambia","Collected",2708,306
"WK-47773","Kalundu",26.5,-17.05,606,15,"macrobontanical","Zambia","Collected",2709,306
"WK-47139","Kalundu",26.5,-17.05,683,15,"bone","Zambia","Collected",2710,306
"WK-47142","Kalundu",26.5,-17.05,684,16,"bone","Zambia","Collected",2711,306
"WK-47774","Kalundu",26.5,-17.05,850,17,"macrobontanical","Zambia","Collected",2712,306
"WK-47775","Kalundu",26.5,-17.05,851,15,"bone","Zambia","Collected",2713,306
"SR-86","Kalundu",26.5,-17.05,715,100,NA,"Zambia","Collected",2714,306
"SR-42","Kangila",27.83,-15.92,1440,100,"bone","Zambia","Collected",2715,316
"GX-1331","Chondwe",28.777,-13.194,840,85,NA,"Zambia","Collected",2716,151
"GX-1330","Chondwe",28.777,-13.194,795,85,NA,"Zambia","Collected",2717,151
"GX-1114","Gundu",27.28,-16.75,1510,85,"carbonized nuts","Zambia","Collected",2718,254
"GX-1115","Gundu",27.28,-16.75,1410,85,"charcoal","Zambia","Collected",2719,254
"N-430","Gundu",27.28,-16.75,1200,110,NA,"Zambia","Collected",2720,254
"N-427","Gundu",27.28,-16.75,1100,110,NA,"Zambia","Collected",2721,254
"N-431","Gundu",27.28,-16.75,1070,105,NA,"Zambia","Collected",2722,254
"UCLA-1632A","Gundu",27.28,-16.75,1030,60,NA,"Zambia","Collected",2723,254
"N-428","Gundu",27.28,-16.75,935,105,NA,"Zambia","Collected",2724,254
"N-429","Gundu",27.28,-16.75,825,105,NA,"Zambia","Collected",2725,254
"SR-226","Mitongwe-Luwadzi",34.67,-14.58,1730,90,"charcoal","Malawi","Collected",2726,590
"N-597","Matobo",28.5,-20.533,1150,115,NA,"Zimbabwe","Collected",2727,537
"N-596","Matobo",28.5,-20.533,1060,115,NA,"Zimbabwe","Collected",2728,537
"Ua-37559","Samakande",32.79,-17.46,1370,35,NA,"Zimbabwe","Collected",2729,838
"Ua-37561","Samakande",32.79,-17.46,1375,35,NA,"Zimbabwe","Collected",2730,838
"Ua-37560","Samakande",32.79,-17.46,1440,40,NA,"Zimbabwe","Collected",2731,838
"Ua-37562","Samakande",32.79,-17.46,1365,40,NA,"Zimbabwe","Collected",2732,838
"Ua-37563","Samakande",32.79,-17.46,1580,35,NA,"Zimbabwe","Collected",2733,838
"Pta-7577","Zimbali",31.18,-29.57,1560,50,"charcoal","South Africa","Collected",2734,946
"N-1935","Samfya Forest South",29.56,-11.33,1600,80,NA,"Zambia","Collected",2735,841
"N-1934","Samfya Forest South",29.56,-11.33,1520,80,NA,"Zambia","Collected",2736,841
"N-1933","Samfya Forest North",29.58,-11.29,390,75,NA,"Zambia","Collected",2737,840
"N-2339","Samfya Forest North",29.58,-11.29,255,70,NA,"Zambia","Collected",2738,840
"N-1501","Sioma Mission",23.5,-16.6,1990,80,NA,"Zambia","Collected",2739,861
"N-1498","Sioma Mission",23.5,-16.6,1400,75,NA,"Zambia","Collected",2740,861
"N-1500","Sioma Mission",23.5,-16.6,1380,90,NA,"Zambia","Collected",2741,861
"N-1499","Sioma Mission",23.5,-16.6,1360,75,NA,"Zambia","Collected",2742,861
"NZ-4995","Chalaka",28.614,-14.324,1520,65,NA,"Zambia","Collected",2743,139
"NZ-4514","Muteteshi I",28.6,-14.28,1640,50,NA,"Zambia","Collected",2744,649
"NZ-4996","Mondake",28.617,-14.339,1145,70,NA,"Zambia","Collected",2745,608
"NZ-4997","Mondake",28.617,-14.339,1510,105,NA,"Zambia","Collected",2746,608
"NZ-4998","Mondake",28.617,-14.339,1355,60,NA,"Zambia","Collected",2747,608
"NZ-4999","Fibobe",28.633,-14.275,1410,110,NA,"Zambia","Collected",2748,215
"NZ-5000","Fibobe",28.633,-14.275,1200,65,NA,"Zambia","Collected",2749,215
"NZ-5004","Fibobe",28.633,-14.275,1175,85,NA,"Zambia","Collected",2750,215
"NZ-5001","Fibobe",28.633,-14.275,1019,60,NA,"Zambia","Collected",2751,215
"NZ-5002","Fibobe",28.633,-14.275,1135,60,NA,"Zambia","Collected",2752,215
"NZ-5003","Fibobe",28.633,-14.275,1050,60,NA,"Zambia","Collected",2753,215
"NZ-5005","Fibobe",28.633,-14.275,1220,85,NA,"Zambia","Collected",2754,215
"Birm-838","Namakala",24.95,-16.7,1400,100,"charcoal","Zambia","Collected",2755,673
"N-2317","Namakala",24.95,-16.7,1360,80,"charcoal","Zambia","Collected",2756,673
"Birm-836","Nanga",25,-16.65,1240,100,"charcoal","Zambia","Collected",2757,679
"Birm-835","Nanga",25,-16.65,1190,100,"charcoal","Zambia","Collected",2758,679
"Birm-837","Nanga",25,-16.65,1070,120,"charcoal","Zambia","Collected",2759,679
"Birm-834","Nanga",25,-16.65,980,120,"charcoal","Zambia","Collected",2760,679
"N-2318","Bulila 1",24.91,-16.42,885,65,"charcoal","Zambia","Collected",2761,125
"N-2315","Kazindu 1",25,-16.8,1150,75,"charcoal","Zambia","Collected",2762,335
"N-2316","Kazindu 2",25,-16.8,1130,75,"charcoal","Zambia","Collected",2763,336
"SR-147","Lumbule Hill",33.5,-11,1385,100,"charcoal","Malawi","Collected",2764,474
"N-1917","Kabondo Kumbo",25.9,-17.2,1020,95,"charcoal","Zambia","Collected",2765,294
"N-1918","Kabondo Kumbo",25.9,-17.2,1430,80,"charcoal","Zambia","Collected",2766,294
"N-1919","Kabondo Kumbo",25.9,-17.2,1150,85,"charcoal","Zambia","Collected",2767,294
"N-1920","Kabondo Kumbo",25.9,-17.2,1160,85,"charcoal","Zambia","Collected",2768,294
"N-1921","Kabondo Kumbo",25.9,-17.2,1090,130,"charcoal","Zambia","Collected",2769,294
"N-1922","Kabondo Kumbo",25.9,-17.2,1240,65,"charcoal","Zambia","Collected",2770,294
"SR-163","Chitope Chiconyora Farm",30.8,-16.9,840,95,"charcoal","Zimbabwe","Collected",2771,148
"Pta-1602","Banda Hill",34.3,-14.4,1400,50,NA,"Malawi","Collected",2772,66
"Pta-3716","Magogo",30.396,-28.983,1320,50,"charcoal","South Africa","Collected",2773,487
"AMS","Caimane",32.13,-26.32,1930,50,"microscopic carbon residue in pottery","Mozambique","Collected",2774,130
"AMS","Caimane",32.13,-26.32,2190,60,"microscopic carbon residue in pottery","Mozambique","Collected",2775,130
"AMS","University Campus",32.6,-25.95,2170,50,"microscopic carbon residue in pottery","Mozambique","Collected",2776,915
"AMS","Zitundo",32.85,-26.77,1490,50,"microscopic carbon residue in pottery","Mozambique","Collected",2777,947
"AMS","Zitundo",32.85,-26.77,2200,50,"microscopic carbon residue in pottery","Mozambique","Collected",2778,947
"Beta-30641","Magagarape",25.44,-24.45,1220,60,NA,"Botswana","Collected",2779,486
"Beta-30640","Magagarape",25.44,-24.45,1340,90,NA,"Botswana","Collected",2780,486
"Beta-28226","Magagarape",25.44,-24.45,1100,60,NA,"Botswana","Collected",2781,486
"Beta-31194","Baratani",25.73,-25.01,1430,60,NA,"Botswana","Collected",2782,70
"Beta-38436","Baratani",25.73,-25.01,1440,80,NA,"Botswana","Collected",2783,70
"Pta-2045","Mpame",29.062,-32.075,1230,40,NA,"South Africa","Collected",2784,625
"Pta-0248","Koffiefontein",24.983,-29.383,380,50,"skeleton","South Africa","Collected",2785,374
"Pta-2731","Koffiefontein",24.983,-29.383,350,50,"charcoal","South Africa","Collected",2786,374
"GX-1014","Ntsuanatsatsi",28.8,-27.3,505,95,NA,"South Africa","Collected",2787,740
"GX-1015","Ntsuanatsatsi",28.8,-27.3,455,110,NA,"South Africa","Collected",2788,740
"Pta-927","Tambala",34.25,-14.03,1360,50,NA,"Malawi","Collected",2789,878
"N-1137","Chundu",25.68,-17.58,1190,100,NA,"Zambia","Collected",2790,154
"N-1138","Chundu",25.68,-17.58,1290,100,NA,"Zambia","Collected",2791,154
"N-1139","Chundu",25.68,-17.58,1160,160,NA,"Zambia","Collected",2792,154
"I-12801","Matlapaneng",23.55,-19.88,1270,80,NA,"Botswana","Collected",2793,536
"B-10562","Matlapaneng",23.55,-19.88,970,50,NA,"Botswana","Collected",2794,536
"B-10563","Matlapaneng",23.55,-19.88,1120,110,NA,"Botswana","Collected",2795,536
"B-10564","Matlapaneng",23.55,-19.88,1260,60,NA,"Botswana","Collected",2796,536
"B-10565","Matlapaneng",23.55,-19.88,1040,50,NA,"Botswana","Collected",2797,536
"I-13757","Qogana",23.05,-19.08,1190,80,"charcoal","Botswana","Collected",2798,808
"Tx-5662","Qogana",23.05,-19.08,1100,90,"charcoal","Botswana","Collected",2799,808
"Ua-13192","Malumba",30.93,-21.92,990,75,NA,"Zimbabwe","Collected",2800,511
"Ua-13194","Malumba",30.93,-21.92,965,80,NA,"Zimbabwe","Collected",2801,511
"Pta-8535","Malumba",30.93,-21.92,900,50,NA,"Zimbabwe","Collected",2802,511
"Ua-13193","Malumba",30.93,-21.92,840,75,NA,"Zimbabwe","Collected",2803,511
"Ua-13191","Malumba",30.93,-21.92,690,95,NA,"Zimbabwe","Collected",2804,511
"Ua-11802","Mwenezi Farm",31.03,-21.67,1250,75,NA,"Zimbabwe","Collected",2805,664
"Ua-11800","Mwenezi Farm",31.03,-21.67,800,70,NA,"Zimbabwe","Collected",2806,664
"N-1140","Zambezi Farm",25.62,-17.82,1410,130,NA,"Zambia","Collected",2807,944
"N-1141","Zambezi Farm",25.62,-17.82,895,110,NA,"Zambia","Collected",2808,944
"N-1142","Zambezi Farm",25.62,-17.82,795,95,NA,"Zambia","Collected",2809,944
"N-1143","Zambezi Farm",25.62,-17.82,910,160,NA,"Zambia","Collected",2810,944
"N-1144","Zambezi Farm",25.62,-17.82,710,100,NA,"Zambia","Collected",2811,944
"N-415","Kamangoza",25.53,-17.62,920,110,NA,"Zambia","Collected",2812,308
"N-416","Kamangoza",25.53,-17.62,920,105,NA,"Zambia","Collected",2813,308
"N-417","Kamangoza",25.53,-17.62,925,115,NA,"Zambia","Collected",2814,308
"N-455","Kamangoza",25.53,-17.62,875,120,NA,"Zambia","Collected",2815,308
"N-419","Kamangoza",25.53,-17.62,1015,105,NA,"Zambia","Collected",2816,308
"N-420","Kamangoza",25.53,-17.62,800,110,NA,"Zambia","Collected",2817,308
"N-421","Kamangoza",25.53,-17.62,1040,105,NA,"Zambia","Collected",2818,308
"N-457","Kamangoza",25.53,-17.62,975,105,NA,"Zambia","Collected",2819,308
"N-423","Kamangoza",25.53,-17.62,940,105,NA,"Zambia","Collected",2820,308
"N-424","Kamangoza",25.53,-17.62,900,105,NA,"Zambia","Collected",2821,308
"N-425","Kamangoza",25.53,-17.62,870,105,NA,"Zambia","Collected",2822,308
"N-426","Kamangoza",25.53,-17.62,900,105,NA,"Zambia","Collected",2823,308
"Pta-3507","SK17",31.71,-24.96,1210,50,"collagen","South Africa","Collected",2824,863
"D-AMS004214","SK17",31.71,-24.96,1284,27,"charcoal","South Africa","Collected",2825,863
"D-AMS004213","SK17",31.71,-24.96,1335,28,"charcoal","South Africa","Collected",2826,863
"Pta-3825","Tsh1",31.67,-24.85,1440,50,"charcoal","South Africa","Collected",2827,900
"D-AMS004217","Tsh1",31.67,-24.85,1510,28,"charcoal","South Africa","Collected",2828,900
"D-AMS004216","Tsh1",31.67,-24.85,1535,29,"charcoal","South Africa","Collected",2829,900
"D-AMS004215","Tsh1",31.67,-24.85,1368,31,"charcoal","South Africa","Collected",2830,900
"Pta-3725","Ma38",31.37,-23.5,1480,50,"bone","South Africa","Collected",2831,479
"Pta-3491","Le6",31.535,-23.796,1160,50,"collagen","South Africa","Collected",2832,420
"Pta-3478","Le7",31.535,-23.796,1120,50,"collagen","South Africa","Collected",2833,421
"Pta-3473","Ol20",31.73,-24.97,1100,50,"collagen","South Africa","Collected",2834,764
"N-1148","Tafuna Hill",31.536,-17.385,1070,105,NA,"Zimbabwe","Collected",2835,876
"Pta-606","Lanlory",29.47,-16.76,1130,50,NA,"Zimbabwe","Collected",2836,419
"SR-245","Lanlory",29.47,-16.76,920,50,NA,"Zimbabwe","Collected",2837,419
"SR-248","Lanlory",29.47,-16.76,770,55,NA,"Zimbabwe","Collected",2838,419
"N-905","Thandwe",32.47,-13.82,890,110,NA,"Zambia","Collected",2839,887
"N-906","Thandwe",32.47,-13.82,1060,110,NA,"Zambia","Collected",2840,887
"GX-1423","Twickenham Road",28.3,-15.4,1145,105,NA,"Zambia","Collected",2841,910
"GX-1422","Twickenham Road",28.3,-15.4,1220,105,NA,"Zambia","Collected",2842,910
"GX-1329","Twickenham Road",28.3,-15.4,1010,110,NA,"Zambia","Collected",2843,910
"GX-662","Twickenham Road",28.3,-15.4,895,110,NA,"Zambia","Collected",2844,910
"Pta-2147","Chia Lagoon, Mtanga",34.33,-13.12,935,50,NA,"Malawi","Collected",2845,144
"Pta-2358","Chia Lagoon, Thandizani Store",34.31,-13.12,960,50,NA,"Malawi","Collected",2846,145
"Pta-2148","Mphonde Hill",34.22,-12.8,275,50,NA,"Malawi","Collected",2847,627
"Pta-2357","Lake Chilingale",34.2,-12.92,1150,50,NA,"Malawi","Collected",2848,411
"UCLA-1242","Mwabulambo",33.75,-9.87,655,80,NA,"Malawi","Collected",2849,654
"SR-237","Matope Court",34.93,-15.37,1170,80,NA,"Malawi","Collected",2850,539
"SR-236","Matope Court",34.93,-15.37,820,80,NA,"Malawi","Collected",2851,539
"SR-232","Matope Court",34.93,-15.37,625,80,NA,"Malawi","Collected",2852,539
"SR-230","Matope Court",34.93,-15.37,905,80,NA,"Malawi","Collected",2853,539
"SR-235","Matope Court",34.93,-15.37,960,60,NA,"Malawi","Collected",2854,539
"Pta-795","Matope Court",34.93,-15.37,1340,55,NA,"Malawi","Collected",2855,539
"SR-242","Namichimba",34.91,-15.37,955,60,NA,"Malawi","Collected",2856,676
"Pta-798","Phwadzi 1",34.33,-16.33,1450,50,NA,"Malawi","Collected",2857,800
"SR-175","Nkope Hill",35.03,-14.2,1175,100,"charcoal","Malawi","Collected",2858,727
"SR-233","Mitongwe-Luwadzi",34.67,-14.58,390,80,NA,"Malawi","Collected",2859,590
"SR-231","Kapeni Hill",34.72,-14.63,780,65,NA,"Malawi","Collected",2860,325
"SR-221","Kapeni Hill",34.72,-14.63,715,75,NA,"Malawi","Collected",2861,325
"SR-220","Nkhombwa Hill",34.02,-14.6,575,75,NA,"Malawi","Collected",2862,723
"UCLA-1299","Vintukutu",33.92,-9.9,1100,80,NA,"Malawi","Collected",2863,922
"UCLA-1289","Mwabulambo",33.75,-9.87,885,80,NA,"Malawi","Collected",2864,654
"UCLA-1245","Mbande Court",33.8,-9.93,370,80,NA,"Malawi","Collected",2865,549
"UCLA-1243","Mwamasapa",33.799,-9.949,760,80,NA,"Malawi","Collected",2866,656
"UCLA-1239","Mwamasapa",33.799,-9.949,860,80,NA,"Malawi","Collected",2867,656
"UCLA-1236","Mbande Hill",33.829,-9.954,540,80,NA,"Malawi","Collected",2868,550
"UCLA-1246","Mbande Hill",33.829,-9.954,270,80,NA,"Malawi","Collected",2869,550
"UCLA-1244","Mwenepera",33.823,-9.95,710,80,NA,"Malawi","Collected",2870,663
"Pta-3754","Namaso Bay",34.983,-14.17,1160,50,NA,"Malawi","Collected",2871,674
"Pta-3752","Namaso Bay",34.983,-14.17,1090,50,NA,"Malawi","Collected",2872,674
"Pta-3750","Namaso Bay",34.983,-14.17,940,50,NA,"Malawi","Collected",2873,674
"Pta-2744","Kambari",33.7,-11.75,1410,50,NA,"Malawi","Collected",2874,309
"Pta-2743","Madede",33.68,-11.72,1680,50,NA,"Malawi","Collected",2875,484
"Pta-3067","Lunjika Hill hut",33.7,-11.7,980,50,"charcoal","Malawi","Collected",2876,475
"Pta-3068","Njuyu Hill",33.5,-11.5,620,50,"charcoal","Malawi","Collected",2877,716
"Pta-1798","Nasiyaya Village",35.72,-15.72,980,50,"charcoal","Malawi","Collected",2878,682
"Pta-1603","Mwananyani Hill",35.68,-15.72,590,40,"charcoal","Malawi","Collected",2879,658
"GrN-9665","Kabuye",29.833,-2.6,1665,50,NA,"Rwanda","Collected",2880,296
"GrN-9667","Kabuye",29.833,-2.6,1490,55,NA,"Rwanda","Collected",2881,296
"OxTL-547-I","Kabuye",29.833,-2.6,1755,145,NA,"Rwanda","Collected",2882,296
"OxTL-547-II","Kabuye",29.833,-2.6,1340,125,NA,"Rwanda","Collected",2883,296
"OxTL-547-III","Kabuye",29.833,-2.6,1685,160,NA,"Rwanda","Collected",2884,296
"GrN-8849","Gahondo",29.85,-2.63,1665,50,NA,"Rwanda","Collected",2885,224
"GrN-8850","Gahondo",29.85,-2.63,1425,35,NA,"Rwanda","Collected",2886,224
"GrN-9669","Cyamakuza",29.823,-2.585,1210,45,NA,"Rwanda","Collected",2887,161
"GrN-9686","Ngoma",29.717,-2.6,1285,30,NA,"Rwanda","Collected",2888,705
"GrN-9670","Nyaruhengeri",29.78,-2.67,1570,50,NA,"Rwanda","Collected",2889,745
"GrN-9666","Gisagara",29.82,-2.58,1695,30,NA,"Rwanda","Collected",2890,236
"GrN-9661","Gisagara",29.82,-2.58,925,30,NA,"Rwanda","Collected",2891,236
"GrN-9668","Dahwe",29.85,-2.62,1710,25,NA,"Rwanda","Collected",2892,162
"GrN-9663","Remera",29.85,-2.65,1730,30,NA,"Rwanda","Collected",2893,817
"GrN-9664","Remera",29.85,-2.65,1730,30,NA,"Rwanda","Collected",2894,817
"GrN-9687","Mubuga",30.017,-3.4,1545,30,"charcoal","Burundi","Collected",2895,637
"GrN-8851","Nyirarubona",29.87,-2.6,895,25,NA,"Rwanda","Collected",2896,746
"OxTL-547-IV","Kabuye",29.833,-2.6,1335,120,NA,"Rwanda","Collected",2897,296
"Pta-9642","Kamukombe",30.951,-16.279,1785,15,NA,"Zimbabwe","Collected",2898,313
"Pta-9638","Kamukombe",30.951,-16.279,1520,60,NA,"Zimbabwe","Collected",2899,313
"Pta-9641","Kamukombe",30.951,-16.279,1480,150,NA,"Zimbabwe","Collected",2900,313
"Pta-9643","Kamukombe",30.951,-16.279,1370,210,NA,"Zimbabwe","Collected",2901,313
"Ua-3194","Kadzi",30.826,-16.278,990,50,NA,"Zimbabwe","Collected",2902,301
"Ua-4107","Kadzi",30.826,-16.278,810,70,NA,"Zimbabwe","Collected",2903,301
"Ua-3195","Kadzi",30.826,-16.278,1290,50,NA,"Zimbabwe","Collected",2904,301
"Ua-4104","Kadzi",30.826,-16.278,1410,80,NA,"Zimbabwe","Collected",2905,301
"Ua-4105","Kadzi",30.826,-16.278,1445,80,NA,"Zimbabwe","Collected",2906,301
"Ua-4106","Kadzi",30.826,-16.278,1475,70,NA,"Zimbabwe","Collected",2907,301
"Pta-3616","Diamant",27.6103,-24.2906,1380,50,NA,"South Africa","Collected",2908,171
"Pta-3620","Diamant",27.6103,-24.2906,1240,50,NA,"South Africa","Collected",2909,171
"Pta-5216","Diamant",27.6103,-24.2906,1250,45,NA,"South Africa","Collected",2910,171
"Pta-9639","Kamukombe",30.951,-16.279,2580,130,NA,"Zimbabwe","Collected",2911,313
"Pta-1633","Klingbeil",30.4966,-25.0983,1160,50,"charcoal","South Africa","Collected",2912,373
"Pta-1747","Klingbeil",30.4966,-25.0983,970,40,"charcoal","South Africa","Collected",2913,373
"Pta-2160","Klingbeil",30.4966,-25.0983,1120,50,"charcoal","South Africa","Collected",2914,373
"Pta-1817","Commando Kop",29.18,-22.13,1115,55,NA,"Botswana","Collected",2915,158
"Pta-1957","Commando Kop",29.18,-22.13,980,40,NA,"Botswana","Collected",2916,158
"SR-68","Taba Zika Mambo",29.06,-19.51,1080,100,NA,"Zimbabwe","Collected",2917,873
"SR-512","Taba Zika Mambo",29.06,-19.51,1210,70,NA,"Zimbabwe","Collected",2918,873
"Pta-1842","Surtic Farm",31.03,-17.52,945,35,NA,"Zimbabwe","Collected",2919,872
"SR-118","Sinoia Caves",30.03,-17.33,1300,95,NA,"Zimbabwe","Collected",2920,860
"I-11414","Thatswane",27.141,-22.251,1025,80,NA,"Botswana","Collected",2921,888
"I-11415","Thatswane",27.141,-22.251,840,75,NA,"Botswana","Collected",2922,888
"I-11409","Taukome",26.94,-22.25,995,75,NA,"Botswana","Collected",2923,881
"Beta-298612","Mathangwane",27.34,-20.99,920,30,"charcoal from grave fill","Botswana","Collected",2924,534
"HAR-1812","Manekweni",34.845,-22.1847,350,80,NA,"Mozambique","Collected",2925,520
"HAR-1813","Manekweni",34.845,-22.1847,410,70,NA,"Mozambique","Collected",2926,520
"HAR-1814","Manekweni",34.845,-22.1847,490,70,NA,"Mozambique","Collected",2927,520
"HAR-1815","Manekweni",34.845,-22.1847,430,70,NA,"Mozambique","Collected",2928,520
"HAR-1816","Manekweni",34.845,-22.1847,570,70,NA,"Mozambique","Collected",2929,520
"HAR-1817","Manekweni",34.845,-22.1847,250,70,NA,"Mozambique","Collected",2930,520
"HAR-1818","Manekweni",34.845,-22.1847,350,70,NA,"Mozambique","Collected",2931,520
