Site Name ,Alt name or num ,Country ,Y ,X ,Refrences ,14C,Bot ,Zoo
Alibori Sill,,Benin,11.95,3.22,(Champion and Fuller 2018; Fuller and Stevens 2018),,yes,
Birnin Lafiya,alt spelling: Birni Lafia,Benin,11.97,3.22,(Champion and Fuller 2018; Fuller and Stevens 2018; Haour et al. 2016),yes,yes, 
Bogo-Bogo,,Benin,12.1,3.1,(Champion and Fuller 2018; Moga 2008),,yes, 
DO 00,,Benin,6.44,2.58,(Clist 2005),yes,, 
GOHO.00,,Benin,6.53,2.38,(Clist 2005),yes,, 
Goroberi,,Benin,11.94,3.23,(Clist 2005),,yes, 
Guene zeno,,Benin,11.73,3.21,(Moga 2008),,yes, 
Kantoro,,Benin,11.81,3.22,(Champion and Fuller 2018; Fuller and Stevens 2018),,yes, 
Kargui,,Benin,11.94,3.23,(Moga 2008),,yes, 
Kompa Dune,,Benin,12.24,3.01,(De Maret 1985a),yes,, 
Kompa Moussékoubou ,,Benin,12.24,3.01,(Robion-Brunner et al. 2015),yes,, 
Kozungu,SI and SII,Benin,11.98,3.23,(Moga 2008),,yes, 
Madekali,,Benin,11.7,3.55,(Moga 2008),,yes, 
Madekali Road,,Benin,11.7,3.55,(Champion and Fuller 2018; Fuller and Stevens 2018),,yes, 
Pekinga,,Benin,12.35,2.85,(Moga 2008),,yes, 
Tannou,,Benin,6.39,2.3,(Clist 2005),,, 
Tintin,,Benin,12.12,3.14,(Champion and Fuller 2018),,yes, 
YEV-1,,Benin,6.61,2.6,(Clist 2005),yes,, 
Kawara,,Burkina Faso,10.63,-5.25,(Linseele 2007),yes,, 
Batenga,,BurkinaFaso,12.83,-1.37,(Huysecom et al. 2014),yes,, 
Bena,Bwamu (Banwa?),BurkinaFaso,12.07,-4.18,(Dupré and Pinçon 1997),,, 
Corcoba,BF 97/5,BurkinaFaso,14.69,-0.47,(Breunig and Neumann 2002; Linseele 2007; Linseele 2010),yes,yes,yes 
Diekono,,BurkinaFaso,12.62,-3.36,(Schwartz et al. 1991),,, 
Dori 94/40,BF 94/40,BurkinaFaso,14.07,-0.02,(Breunig and Neumann 2002; Linseele 2007; Linseele 2010),yes,yes,yes
Dori 94/96,BF 94/96,BurkinaFaso,14.06,-0.02,(Breunig and Neumann 2002; Linseele 2007; Linseele 2010),yes,yes,yes
Fadar,BF 96/40,BurkinaFaso,15.02,-0.68,(Breunig and Neumann 2002; Dupré and Pinçon 1997),yes,, 
Kaya,,BurkinaFaso,13.1,-1.09,(Oslisly 1993),,, 
Kerebe Sira Tomo,Kebe Sira Kan Tomo,BurkinaFaso,12.61,-3.34,(Holl 2009b),yes,, 
Kirikongo,,BurkinaFaso,12.55,-3.36,(Dueppen 2008; Dueppen 2011; Dueppen 2012; Gallagher 2010),yes,yes,yes
Kissi 14,,BurkinaFaso,14.66,-0.13,(Clist 2005),yes,, 
Kissi 22,BF 96/22,BurkinaFaso,14.67,-0.14,(Breunig and Neumann 2002; Kahlheber 2004; Linseele 2007; Linseele 2010),yes,yes,yes
Kissi 3,BF 96/3,BurkinaFaso,14.65,-0.15,(Breunig and Neumann 2002; Linseele 2007),yes,yes, 
Kissi 40,BF 97/31,BurkinaFaso,14.66,-0.13,(Breunig and Neumann 2002; Höhn and Neumann 2012; Linseele 2007; Linseele 2010),yes,yes,yes 
Kissi-49,,BurkinaFaso,14.65,-0.15,(Linseele 2007),yes,, 
Kolèl Nord,BF96/23,BurkinaFaso,14.6,-0.44,(Breunig and Neumann 2002; Champion and Fuller 2018; Fuller and Stevens 2018; Höhn and Neumann 2012),yes,yes, 
Korsimoro,,BurkinaFaso,12.83,-1.07,(Oslisly 1993),,, 
Maadaga,,BurkinaFaso,11.83,1.78,(Dueppen and Gallagher 2013; Gallagher 2010; Linseele 2007),yes,, 
MAS502,,BurkinaFaso,11.63,1.8,(Dueppen and Gallagher 2013),,yes,yes
MAS541,,BurkinaFaso,11.66,1.79,(Dueppen and Gallagher 2013),,yes,yes
Nimpoui,,BurkinaFaso,12.85,-1.28,(Huysecom et al. 2014),yes,, 
Oursi,BF 94/45,BurkinaFaso,14.69,-0.47,(Breunig and Neumann 2002; Höhn and Neumann 2012; Kahlheber 2004; Linseele 2007; Linseele 2010),yes,yes,yes
Oursi 1 ,BF 97/26,BurkinaFaso,14.64,-0.47,(Breunig and Neumann 2002; Höhn and Neumann 2012),yes,yes, 
Oursi 2 ,BF 97/27,BurkinaFaso,14.64,-0.47,(Breunig and Neumann 2002; Höhn and Neumann 2012),yes,yes, 
Oursi 3 ,BF 97/28,BurkinaFaso,14.64,-0.47,(Breunig and Neumann 2002; Höhn and Neumann 2012),yes,yes, 
Oursi 4 ,BF 97/29,BurkinaFaso,14.64,-0.47,(Breunig and Neumann 2002; Höhn and Neumann 2012),yes,yes, 
Oursi hu-beero,BF 97/30,BurkinaFaso,14.69,-0.47,(Linseele 2007; Linseele 2010),yes,yes,yes
Oursi Ost (Champs d'Oursi),BF 97/25,BurkinaFaso,14.65,-0.41,(Breunig and Neumann 2002; Höhn and Neumann 2012),yes,yes, 
Oursi village,BF 97/13,BurkinaFaso,14.69,-0.46,(Breunig and Neumann 2002; Kahlheber 2004; Linseele 2007; Linseele 2010),yes,yes,yes
Péntènga,89/1,BurkinaFaso,11.81,1.78,(Dueppen and Gallagher 2013; Gallagher 2010; Linseele 2007),yes,,yes
Rim,,BurkinaFaso,13.49,-3.02,(Andah 1978; Calvocoressi and David 1979),yes,yes, 
Saouga A,BF 94/120,BurkinaFaso,14.37,-0.14,(Breunig and Neumann 2002; Höhn and Neumann 2012; Kahlheber 2004; Linseele 2010),yes,yes,yes 
Saouga B,BF 95/7,BurkinaFaso,14.37,-0.14,(Breunig and Neumann 2002; Höhn and Neumann 2012; Kahlheber 2004; Linseele 2010),yes,yes,yes 
Sidigo,,BurkinaFaso,12.82,-1.39,(Huysecom et al. 2014),yes,, 
Sirkangou ,BF 96/17,BurkinaFaso,14.3,-0.07,(Kahlheber 2004),yes,yes, 
Tin Akof,BF 94/133,BurkinaFaso,14.96,-0.14,(Breunig and Neumann 2002; Kahlheber 2004; Linseele 2007; Linseele 2010),yes,yes,yes
Tora Sira Tomo,,BurkinaFaso,12.59,-3.37,(Holl 2009b),yes,, 
Wairegaigu,,BurkinaFaso,14.65,0.16,(Calvocoressi and David 1979),yes,, 
Yamane,Yamané,BurkinaFaso,12.82,-1.3,(Huysecom et al. 2014),yes,, 
Abang Minko'o,,Cameroon,2.32,11.43,(Neumann et al. 2012; Ngomanda et al. 2009; Oslisly et al. 2013; Ozainne et al. 2014),yes,yes,
Abeke,,Cameroon,5.87,10.04,(De Maret 1982; De Maret 1992; Delneuf et al. 1998),yes,,
Adoumri,,Cameroon,9.27,13.76,(Delneuf et al. 1998),,,
Aissa Dugjé,Site 642,Cameroon,11.18,14.27,(Linseele 2007; MacEachern 2012a),yes,, 
Akak 1    ,,Cameroon,5.51,9.37,(De Maret 1985a; Oslisly et al. 2013; Oslisly et al. 2000),yes,,
Akok begnat 2,,Cameroon,2.4,10.05,(Oslisly et al. 2013; Oslisly and Mbida 2001),yes,,
Akonetye,,Cameroon,2.47,11.17,(Meister 2010; Meister and Eggert 2008; Neumann et al. 2012; Ngomanda et al. 2009; Oslisly et al. 2013; Ozainne et al. 2014),yes,yes,
Amachita,,Cameroon,12,14.97,(Holl 2002),,, 
Angon II,ECA-226,Cameroon,3.78,11.38,(Lavachery et al. 2010),,,
Angon II,ECA-230,Cameroon,3.77,11.38,(Lavachery et al. 2010),,,
Angonfeme,ECA-196,Cameroon,3.39,11.11,(Lavachery et al. 2010),,,
Avoh,,Cameroon,4.3,11.19,(Delneuf et al. 1998; Elouga 1998; Oslisly et al. 2013),yes,yes,
Bagofit,,Cameroon,4,13.12,(Meyer et al. 2009; Oslisly et al. 2013),yes,,
Baleng,,Cameroon,5.5,10.4,(De Maret 1985a; De Maret 1992; Delneuf et al. 1998; Oslisly et al. 2013),yes,,
Bali River,Bali River 1 and 2,Cameroon,3.75,14.8,(Morin-Rivat et al. 2014; Oslisly et al. 2013),yes,,
Bambo,ECA-111,Cameroon,5.06,13.37,(Lavachery et al. 2010),,,
Bambo,ECA-113,Cameroon,5.06,13.37,(Lavachery et al. 2010),,,
Bambo,ECA-115,Cameroon,5.07,13.38,(Lavachery et al. 2010),,,
Bandewouri,,Cameroon,3.06,10.18,(Oslisly et al. 2013; Oslisly et al. 2000),yes,,
Bankouop,,Cameroon,5.63,10.58,(Calvocoressi and David 1979; Delneuf et al. 1998; Lanfranchi and Clist 1991; Oslisly et al. 2013),yes,,
BE-Butte I/TR A,,Cameroon,9.32,13.68,(Delneuf et al. 1998; Lanfranchi and Clist 1991),yes,,
BE-Butte I/TR B,,Cameroon,9.32,13.7,(Delneuf et al. 1998; Lanfranchi and Clist 1991),yes,,yes
Beka Petel,ECA-245,Cameroon,6.76,14.41,(Lavachery et al. 2010; Oslisly et al. 2013),,,
Beka Petel,ECA-241,Cameroon,6.78,14.43,(Lavachery et al. 2010; Oslisly et al. 2013),,,
Beka Petel (Gamboro),ECA 243; initially classified as ECA-401,Cameroon,6.77,14.42,(Lavachery et al. 2005; Lavachery et al. 2010),yes,,
Belabo SOCOPAO,ECA-119,Cameroon,4.91,13.31,(Lavachery et al. 2010),,,
Bemboyo ,ECA-24,Cameroon,7.31,15.18,(Lavachery et al. 2005; Lavachery et al. 2010),yes,,
Bibalé Tchuin,,Cameroon,10.04,14.45,(Langlois 1998),yes,yes,
Bidjocka,ECA-134,Cameroon,3.12,10.49,(Lavachery et al. 2010),,,
Bidjocka,ECA-136,Cameroon,3.17,10.54,(Lavachery et al. 2010),,,
Bidjouka,ECA-160,Cameroon,3.13,10.5,(De Maret 1992; Delneuf et al. 1998; Lavachery et al. 2005; Oslisly et al. 2013),yes,,
Bidou II,ECA-146,Cameroon,3.03,10.08,(Lavachery et al. 2010; Oslisly et al. 2013),yes,,
Bifoum,ECA-154,Cameroon,3.07,10.38,(Lavachery et al. 2010),,,
Bikoka,ECA-182,Cameroon,3.2,10.58,(Lavachery et al. 2010),,,
Bikoka,ECA-208,Cameroon,3.27,10.73,(Lavachery et al. 2010),,,
Bikoto,ECA-321,Cameroon,4.49,11.98,(Lavachery et al. 2010),,,
Bikoue I,ECA-174,Cameroon,3.33,10.86,(Lavachery et al. 2010),,,
Bikoue I,ECA-172,Cameroon,3.33,10.86,(Lavachery et al. 2010),,,
Bikoue II Rockshelter,ECA-192,Cameroon,3.33,10.88,(Lavachery et al. 2010),,,
Bikoue-Si,ECA-176,Cameroon,3.33,10.86,(Lavachery et al. 2010),,,
Bikoue-Si,ECA-184,Cameroon,3.33,10.87,(Lavachery et al. 2010),,,
Bikoue-Si,ECA-186,Cameroon,3.33,10.88,(Lavachery et al. 2010),,,
Bikoue-Si,ECA-188,Cameroon,3.33,10.88,(Lavachery et al. 2010),,,
Binguela 2,ECA-228,Cameroon,3.74,11.37,(Lavachery et al. 2005; Oslisly et al. 2013),yes,,
Biombe,ECA-102,Cameroon,4.98,13.33,(Lavachery et al. 2010),,,
Biombe,ECA-129,Cameroon,4.98,13.33,(Lavachery et al. 2010),,,
Biombe (PS3),ECA-101,Cameroon,4.94,13.32,(Clist 2005; Lavachery et al. 2010) ,,,
Bissiang,ECA-138,Cameroon,3,10.02,(Lavachery et al. 2005; Lavachery et al. 2010),yes,,
Blabli,,Cameroon,11.22,14.2,(Lanfranchi and Clist 1991; Linseele 2007),yes,,yes 
Blé A,,Cameroon,11.98,15,(Holl 2002; Linseele 2007),yes,,yes
Blé B,,Cameroon,11.98,15,(Holl 2002; Linseele 2007),yes,,yes
Blé C,,Cameroon,11.98,15,(Holl 2002; Linseele 2007),yes,,yes
Blé E,,Cameroon,11.98,15,(Holl 2002; Linseele 2007),yes,,yes
Blé Mound D,,Cameroon,11.98,15,(Holl 2002; Kahlheber 2004),yes,, 
Bolo Bai,,Cameroon,2.17,15.72,"Meister, C., Unpublished data (Oslisly et al. 2013)",yes,,
Boulou River,,Cameroon,1.95,15.79,(Morin-Rivat et al. 2014),yes,yes, 
Boussibiliga 1,,Cameroon,2.74,9.88,(Oslisly et al. 2013; Oslisly and Mbida 2001),yes,,
Bwambé,,Cameroon,2.93,9.91,(Neumann et al. 2012; Ngomanda et al. 2009; Nlend Nlend 2002; Oslisly and Mbida 2001; Ozainne et al. 2014),yes,yes,
Campo,,Cameroon,2.38,9.83,(De Maret 1985b; Linseele 2007; Meister 2010; Meister and Eggert 2008),yes,yes,
Campo 1,,Cameroon,2.38,9.83,(Nlend Nlend 2002; Oslisly et al. 2013),yes,,
Campo beach,,Cameroon,2.33,9.82,(De Maret 1992; Delneuf et al. 1998; Lanfranchi and Clist 1991),yes,,
Campo Center,,Cameroon,2.33,9.85,(Meister 2010),yes,,
Campo Eglise,,Cameroon,2.38,9.83,(Meister 2010),yes,,
Dang-patou,ECA-213,Cameroon,5.87,13.81,(Lavachery et al. 2010),,,
Deguesse,,Cameroon,12.09,14.94,(Holl 2002; Linseele 2007),yes,, 
DGB-1,Kuva,Cameroon,10.91,13.82,(MacEachern 2012a; MacEachern et al. 2010),yes,, 
DGB-2,Kuva,Cameroon,10.93,13.81,(MacEachern 2012a),yes,, 
DGB-8,Mtskar,Cameroon,10.91,13.83,(MacEachern 2012a),yes,, 
Dibamba,,Cameroon,4,9.82,(Oslisly et al. 2013),yes,,
Djaoro Mbama,ECA 047,Cameroon,7.09,14.74,(Lavachery et al. 2005; Lavachery et al. 2010; Oslisly et al. 2013),yes,,
Djembé  ,,Cameroon,2.18,16.07,(Oslisly et al. 2013),yes,,
Djobemou,,Cameroon,5.81,11.3,(Delneuf et al. 2003),,,
Dokwaza,,Cameroon,10.72,13.99,(Clist 2005),,, 
Dombé,ECA-130,Cameroon,2.96,9.95,(Lavachery et al. 2005; Lavachery et al. 2010; Oslisly et al. 2013),yes,,
Douafo,ECA-217,Cameroon,5.96,13.88,(Lavachery et al. 2010),,,
Doulo 4,Site 678,Cameroon,11.11,14.17,(MacEachern 2012a),yes,, 
Doulo Chefferie,Site 635,Cameroon,11.13,14.17,(MacEachern 2012a),yes,, 
Doulo Igzawa 1,PMW 636,Cameroon,11.12,14.17,(Holl 2009b; MacEachern 1996; MacEachern 2012a),yes,,yes
Douloumi,,Cameroon,9.2,13.45,(Delneuf et al. 1998; Lanfranchi and Clist 1991),yes,,yes
Doumba,ECA 329,Cameroon,4.58,13.12,(Lavachery et al. 2010; Oslisly et al. 2013),yes,,
Ebaka,ECA-106,Cameroon,4.95,13.32,(Lavachery et al. 2010),,,
Ebaka,ECA-123,Cameroon,4.95,13.32,(Linseele 2007); ,,,
Ebaka,ECA-121,Cameroon,4.95,13.32,(Lavachery et al. 2010),,,
Ebot,ECA-260,Cameroon,3.98,11.47,(Lavachery et al. 2010),,,
Ebot,ECA-262,Cameroon,3.98,11.47,(Lavachery et al. 2010),,,
Eboundja 3,,Cameroon,2.79,9.89,(Nlend Nlend 2002; Oslisly et al. 2013),yes,,
Ekabita,ECA-232,Cameroon,4.05,11.52,(Lavachery et al. 2010),,,
Ekak,,Cameroon,4,11.42,(Oslisly et al. 2013),yes,,
Elig Kono,,Cameroon,3.84,10.16,(Delneuf et al. 1998; Elouga 1998),yes,,
Elig Mebenga,ECA-273,Cameroon,3.72,11.37,(Lavachery et al. 2010),,,
Essong Missang,ECA-248,Cameroon,4.09,11.58,(Lavachery et al. 2010; Oslisly et al. 2013),yes,,
Ewani 1 ,,Cameroon,5.21,9.44,(Lanfranchi and Clist 1991; Oslisly et al. 2013; Oslisly et al. 2000),yes,,
Ewani 6,,Cameroon,5.19,9.43,(Oslisly et al. 2013; Oslisly et al. 2000),yes,,
Ewani 7   ,,Cameroon,5.2,9.41,(Oslisly et al. 2013; Oslisly et al. 2000),yes,,
Ewani 9   ,,Cameroon,5.22,9.45,(Oslisly et al. 2013; Oslisly et al. 2000),yes,,
Ewankang,ECA-93,Cameroon,4.8,12.85,(De Maret 1985a; Lavachery et al. 2010),yes,,
Ezezang,ECA-272,Cameroon,4.03,11.5,(Lavachery et al. 2005; Oslisly et al. 2013),yes,,
Fiye Nkwi,,Cameroon,5.92,10.08,(Assombang 1998; Delneuf et al. 1998),yes,,
Fundong,,Cameroon,6.38,10.28,(De Maret 1985b; De Maret 1992; Delneuf et al. 1998; Oslisly et al. 2013),yes,,
Gba,,Cameroon,5.5,11.42,(Delneuf et al. 2003; Oslisly et al. 2013),yes,yes,
Goray,,Cameroon,10.5,14.5,(De Maret 1985b; Delneuf et al. 1998),yes,,
Goyoum,ECA-151,Cameroon,5.2,13.39,(Lavachery et al. 2010),,,
Goyoum,ECA-149,Cameroon,5.19,13.39,(Lavachery et al. 2010),,,
Grand Zambi,ECA-152,Cameroon,3.06,10.28,(Lavachery et al. 2010),,,
Grand Zambi,ECA-150,Cameroon,3.07,10.29,(Lavachery et al. 2010),,,
Grand Zambi,ECA-166,Cameroon,3.07,10.33,(Lavachery et al. 2010),,,
Gréa Twin Peaks,Site 618,Cameroon,11.21,14.04,(MacEachern 2012a),yes,, 
Groumoui,,Cameroon,10.07,14.04,(Delneuf et al. 1998),yes,,
Hamei,,Cameroon,12.07,14.93,(Holl 2002),yes,, 
Hosséré-Djaba,,Cameroon,8.56,13.72,(Linseele 2007),yes,, 
Houlouf,,Cameroon,12.06,14.91,(Holl 2002; Linseele 2007),yes,, 
Kimisso,,Cameroon,6.3,11.3,(Delneuf et al. 2003),,yes,
Koampboer,ECA-170,Cameroon,3.33,10.87,(Lavachery et al. 2010),,,
Kokobuma 1 ,,Cameroon,5.44,9.66,(Oslisly et al. 2013; Oslisly et al. 2000),yes,,
Koleya,ECA-400,Cameroon,6.77,14.42,(Lavachery et al. 2010),,,
Konde,ECA-229,Cameroon,6.22,14.07,(Lavachery et al. 2010),,,
Kondengui,ECA-319,Cameroon,4.48,11.94,(Lavachery et al. 2010),,,
Kong,,Cameroon,5.61,12.06,(Delneuf et al. 2003; Oslisly et al. 2013),yes,yes,
Kongolo,ECA-227,Cameroon,6.15,14.02,(Lavachery et al. 2010),,,
Koukony,ECA-86,Cameroon,4.84,13.04,(Lavachery et al. 2010),,,
Koukony,ECA-105,Cameroon,4.84,13.04,(Lavachery et al. 2010),,,
Koukony,ECA-85,Cameroon,4.84,13.04,(Dupré and Pinçon 1997; Lavachery et al. 2010),,,
Koukony,ECA-84,Cameroon,4.85,13.06,(Dupré and Pinçon 1997; Lavachery et al. 2005; Lavachery et al. 2010),yes,,
Koukony,ECA-87,Cameroon,4.85,13.07,(Lavachery et al. 2010),,,
Koukony,ECA-104,Cameroon,4.86,13.11,(Clist 2005; Lavachery et al. 2010),,,
Kpwé-Monekpwé,,Cameroon,2.8,11.3,(Oslisly et al. 2013),yes,,
Krenak,,Cameroon,12.03,14.98,(Holl 2002; Linseele 2007),yes,, 
Krenak-Sao,,Cameroon,11.98,15.01,(Holl 2002; Linseele 2007),yes,, 
Kribi,,Cameroon,2.9,9.91,(De Maret 1992; Delneuf et al. 1998; Oslisly et al. 2013),yes,,
Kribi Hôtel,,Cameroon,2.93,9.9,(Nlend Nlend 2002; Oslisly et al. 2013),yes,,
Langui-Tchéboua,,Cameroon,9.32,13.62,(Huysecom et al. 2014),yes,, 
Leboudi,ECA-283,Cameroon,3.91,11.41,(Lavachery et al. 2010),,,
Leboudi,ECA-250,Cameroon,3.92,11.42,(Dupré and Pinçon 1997; Lavachery et al. 2010; Oslisly et al. 2013),yes,,
Lesouaka,ECA-265,Cameroon,6.97,14.58,(Lavachery et al. 2010),,,
Lobe,,Cameroon,2.88,9.9,(De Maret 1992; Delneuf et al. 1998),yes,,
Lobethal,,Cameroon,3.6,9.7,(Oslisly et al. 2013),yes,,
Lom 1,,Cameroon,5.34,13.41,(Oslisly et al. 2013),yes,,
Lom I,ECA-175,Cameroon,5.35,13.4,(Lavachery et al. 2010),,,
Lom I,ECA-177,Cameroon,5.36,13.41,(Lavachery et al. 2010),,,
Lom I,ECA-181,Cameroon,5.39,13.45,(Lavachery et al. 2010),,,
Lom I,ECA-161,Cameroon,5.4,13.48,(Lavachery et al. 2010),,,
Lom I,ECA-163,Cameroon,5.4,13.49,(Lavachery et al. 2010),,,
Lom I,ECA-185,Cameroon,5.45,13.54,(Lavachery et al. 2010),,,
Lom I,ECA-189,Cameroon,5.5,13.56,(Lavachery et al. 2010),,,
Lom I,ECA-187,Cameroon,5.47,13.56,(Lavachery et al. 2010),,,
Lom II,ECA-155,Cameroon,5.28,13.38,(Lavachery et al. 2010),,,
Lom II,ECA-157,Cameroon,5.29,13.39,(Lavachery et al. 2010),,,
Lus,,Cameroon,6.68,10.96,(De Maret 1992; Delneuf et al. 1998; Oslisly et al. 2013),yes,,
Mabele,ECA-223,Cameroon,5.97,13.89,(Lavachery et al. 2010),,,
Madaf,,Cameroon,12.05,14.91,(Holl 2002),yes,, 
Mafa,,Cameroon,10.52,13.61,(Clist 2005),,, 
Makalaya,,Cameroon,3.18,13.75,(Morin-Rivat et al. 2014),yes,yes, 
Makouré,ECA-124,Cameroon,3.06,10.17,(Lavachery et al. 2005; Lavachery et al. 2010; Oslisly 1993; Oslisly et al. 2013),yes,,
Malapa,,Cameroon,2,15.42,(Oslisly 1993; Oslisly et al. 2013),yes,,
Malongo 1,,Cameroon,2.73,9.87,(Nlend Nlend 2002; Oslisly et al. 2013),yes,,
Mameli 1 ,,Cameroon,5.15,9.33,(Oslisly et al. 2013; Oslisly et al. 2000),yes,,
Mampang,,Cameroon,4,13.12,(Meyer et al. 2009; Oslisly et al. 2013),yes,,
Manaouatchi-Grea,PMW 602,Cameroon,11.21,14.03,(Delneuf et al. 1998; MacEachern 1996; MacEachern 2012a),yes,,
Mararaba,ECA-201,Cameroon,5.64,13.72,(Lavachery et al. 2010),,,
Mararaba,ECA-207,Cameroon,5.8,13.81,(Lavachery et al. 2010),,,
Mayo Wodeo,,Cameroon,8.46,12.46,(Delneuf et al. 1998),yes,,
Mbaibou,ECA-3,Cameroon,7.56,15.52,(Lavachery et al. 2010),,,
Mbaki,ECA-133,Cameroon,5.16,13.39,(Lavachery et al. 2010),,,
Mbaki,ECA-135,Cameroon,5.14,13.4,(Lavachery et al. 2010),,,
Mbarang,ECA-239,Cameroon,6.66,14.36,(Lavachery et al. 2010),,,
Mbengue,,Cameroon,3.28,10.98,(D’Andrea et al. 2006; De Maret 1985b; De Maret 1992; Delneuf et al. 1998; Oslisly et al. 2013),yes,yes,
Mbi crater,,Cameroon,5.9,10.05,(Assombang 1998; Delneuf et al. 1998),yes,yes,yes
Mbikiliki,ECA-158,Cameroon,3.17,10.54,(Lavachery et al. 2010),,,
Mbikiliki,ECA-168,Cameroon,3.18,10.55,(Lavachery et al. 2010),,,
Mbinang,ECA-79,Cameroon,4.88,13.18,(De Maret 1985a; Lavachery et al. 2010; Moga 2008),,,
Mbinang,ECA-81,Cameroon,4.88,13.19,(Atherton 1972; Lavachery et al. 2010),,,
Mbinang,ECA-80,Cameroon,4.88,13.19,(Lavachery et al. 2010),,,
Mbirijom,1 and 2,Cameroon,6.39,11.39,(Delneuf et al. 2003; Oslisly et al. 2013),yes,yes,
Mbol,,Cameroon,3.55,14.97,(Morin-Rivat et al. 2014),yes,, 
Mbong,ECA-15,Cameroon,7.39,15.3,(Lavachery et al. 2010),,,
Mehe Djiddere,site 523,Cameroon,11.07,14.32,(David and MacEachern 1988; Lanfranchi and Clist 1991; MacEachern 2012a),yes,,
Messok 1,,Cameroon,3.17,13.75,(Morin-Rivat 2017; Morin-Rivat et al. 2014),yes,, 
Messok 2,,Cameroon,3.17,13.76,(Morin-Rivat 2017; Morin-Rivat et al. 2014),yes,yes, 
Messok 3,,Cameroon,3.17,13.75,(Morin-Rivat 2017; Morin-Rivat et al. 2014; Oslisly et al. 2013),yes,,
Meyang,ECA 335,Cameroon,4.78,12.69,(Lavachery et al. 2005; Oslisly et al. 2013),yes,,
Mfomakap,,Cameroon,4.11,11.5,(Delneuf et al. 1998; Elouga 1998; Oslisly et al. 2013),yes,yes, 
Mikan I,ECA-194,Cameroon,3.33,10.91,(Lavachery et al. 2010),,,
Mimboman,,Cameroon,3.85,11.53,(Claes 1992; Delneuf et al. 1998; Oslisly et al. 2013),yes,,
Mindourou 1,,Cameroon,3.56,14.42,(Morin-Rivat et al. 2014; Oslisly et al. 2013),yes,yes,
Mindourou 2,,Cameroon,3.56,14.42,(Morin-Rivat et al. 2014),yes,yes, 
Minkan I,ECA-200,Cameroon,3.34,10.92,(Lavachery et al. 2010),,,
Mintyaminyoumin,,Cameroon,2.89,12.14,(Eggert 2014; Kahlheber et al. 2014),yes,yes,
Minyin,,Cameroon,2.63,11.57,(Meister and Eggert 2008; Neumann et al. 2012; Ngomanda et al. 2009; Oslisly et al. 2013; Ozainne et al. 2014),yes,yes,
Mishiskwa,,Cameroon,11.97,14.96,(Holl 2002; Linseele 2007),yes,, 
Mokounounou 1a,,Cameroon,1.95,15.35,"Meister, C., Unpublished data",yes,,
Mongossi,,Cameroon,11.03,14.83,(Delneuf et al. 1998; Linseele 2007),yes,,
Mouanko-Epolo,,Cameroon,3.64,9.78,(Meister 2010),yes,,
Mouanko-Loberthal,,Cameroon,3.65,9.91,(Meister 2010),yes,,
Moundour,,Cameroon,10.7,14.3,(Delneuf et al. 1998),yes,,
Mowo,,Cameroon,10.57,14.05,(Delneuf et al. 1998),yes,,
Mpoengu,,Cameroon,2.94,9.91,(Meister 2010),yes,,
Mvile,ECA-180,Cameroon,3.21,10.59,(Lavachery et al. 2010),,,
Mvile,ECA-178,Cameroon,3.22,10.6,(Lavachery et al. 2010),,,
Mvog Dzigui,ECA-291,Cameroon,4.02,11.49,(Lavachery et al. 2010),,,
Mvomdoumba,ECA-299,Cameroon,4.21,11.68,(Lavachery et al. 2010),,,
Nanga Eboko,ECA 333,Cameroon,4.65,12.39,(De Maret 1992; Delneuf et al. 1998; Lavachery et al. 2005; Oslisly et al. 2013),yes,,
Nangarou,ECA-263,Cameroon,6.96,14.57,(Lavachery et al. 2010),,,
Nassarao,Nassarao-I,Cameroon,9.35,13.45,(Delneuf et al. 1998),,,
Ndama,,Cameroon,3.64,14.46,(Morin-Rivat et al. 2014; Oslisly et al. 2013),yes,yes,
Ndamboura,ECA-237,Cameroon,6.59,14.3,(Lavachery et al. 2010),,,
Ndamboura,ECA-404,Cameroon,6.62,14.33,(Lavachery et al. 2010),,,
Ndangayé Bai,,Cameroon,2.38,15.8,"Meister, C., Unpublished data",yes,,
Ndindan,,Cameroon,3.9,11.5,(De Maret 1985b; Delneuf et al. 1998; Mbida 1992),yes,yes,
Nditam Mosquée,,Cameroon,5.33,11.33,(Delneuf 1996; Delneuf et al. 1998; Delneuf et al. 2003),yes,,
Ndjore,ECA-309,Cameroon,4.37,11.8,(Lavachery et al. 2010),,,
Ndjore,ECA-311,Cameroon,4.38,11.81,(Lavachery et al. 2010),,,
Ndjore,ECA 315,Cameroon,4.4,11.83,(Lavachery et al. 2005; Lavachery et al. 2010; Oslisly et al. 2013),yes,,
Ndokoa,ECA 317,Cameroon,4.44,11.86,(Lavachery et al. 2010; Oslisly et al. 2013),yes,, 
Ndoumba Kanga,ECA-73,Cameroon,4.89,13.24,(Lavachery et al. 2010),,,
Ndoumba Kanga,ECA-74,Cameroon,4.89,13.25,(Lavachery et al. 2010),,,
Ndoumba Kanga,ECA-117,Cameroon,4.9,13.26,(Lavachery et al. 2010),,,
Ndtoua,ECA-68,Cameroon,3.06,10.22,(Lavachery et al. 2005; Lavachery et al. 2010; Oslisly et al. 2013),yes,,
Ndtoua,ECA-144,Cameroon,3.06,10.27,(Lavachery et al. 2010),,,
Ndtoua,ECA-162,Cameroon,3.07,10.28,(Lavachery et al. 2010),,,
Ndtoua,ECA-164,Cameroon,3.07,10.29,(Lavachery et al. 2010),,,
Nfeitok 1  ,,Cameroon,5.54,9.35,(Oslisly et al. 2013; Oslisly et al. 2000),yes,,
Ngoko island,,Cameroon,1.98,15.6,(Oslisly et al. 2013),yes,,
Ngoume PK 35,,Cameroon,5.51,11.42,(Delneuf et al. 2003; Oslisly et al. 2013),yes,yes,
Ngoume Pk 36,,Cameroon,5.51,11.42,(Delneuf et al. 2003; Oslisly et al. 2013),yes,yes,
Ngoume Pk37,,Cameroon,5.51,11.42,(Clist 2005; Delneuf et al. 2003),,yes,
Ngoumou,ECA-220,Cameroon,3.61,11.32,(Lavachery et al. 2010),,,
Ngoumou,ECA-222,Cameroon,3.61,11.32,(Lavachery et al. 2010),,,
Ngoumou,ECA-216,Cameroon,3.6,11.32,(Lavachery et al. 2010; Oslisly et al. 2013),yes,,
Ngoumou,ECA-218,Cameroon,3.72,11.37,(Lavachery et al. 2010),,,
Nguila,,Cameroon,4.7,11.67,(Delneuf et al. 1998; Elouga 1998; Oslisly et al. 2013),yes,,
Ngweu,,Cameroon,5.52,11.28,(Delneuf et al. 2003; Oslisly et al. 2013),yes,yes,
Nkang,,Cameroon,4.15,11.27,(Mbida et al. 2000; Oslisly et al. 2013),yes,yes,yes
Nkoayos,ECA-303,Cameroon,4.31,11.76,(Lavachery et al. 2010),,,
Nkoelon,ECA-202,Cameroon,3.58,11.31,(Lavachery et al. 2010),,,
Nkolnlong,ECA-204,Cameroon,3.46,11.21,(Lavachery et al. 2010),,,
Nkolnlong,ECA-268,Cameroon,3.5,11.27,(Lavachery et al. 2010),,,
Nkometou,ECA-270,Cameroon,4.02,11.49,(Lavachery et al. 2010),,,
Nkometou,ECA-238,Cameroon,4.05,11.53,(Lavachery et al. 2010),,,
Nkometou,ECA-240,Cameroon,4.07,11.55,(Lavachery et al. 2010),,,
Nkometou,,Cameroon,4.03,11.55,(Delneuf et al. 1998; Essomba 1998; Lanfranchi and Clist 1991; Oslisly et al. 2013),yes,,
Nkpwala-Esse,,Cameroon,2.94,12.06,(Meyer et al. 2009; Oslisly et al. 2013),yes,,
Nlendédibé 3,,Cameroon,2.76,9.88,(Nlend Nlend 2002; Oslisly et al. 2013),yes,,
Nzon,ECA-300,Cameroon,6.77,14.42,(Lavachery et al. 2010),,,
Obobogo,,Cameroon,3.82,11.5,(De Maret 1982; De Maret 1985b; De Maret 1992; Delneuf et al. 1998; Oslisly et al. 2013),yes,yes,
Obokoue,ECA-224,Cameroon,3.65,11.35,(Lavachery et al. 2010; Oslisly et al. 2013),yes,,
Okolo,,Cameroon,3.93,11.52,(Atangana 1992; Delneuf et al. 1998; Oslisly et al. 2013),yes,,
Oliga,,Cameroon,3.9,11.5,(Delneuf et al. 1998; Essomba 1998; Oslisly et al. 2013),yes,,
Ongot,ECA-279,Cameroon,3.85,11.38,(Lavachery et al. 2005; Lavachery et al. 2010; Oslisly et al. 2013),yes,,
Ossa Big Island,,Cameroon,3.79,10.02,(Oslisly et al. 2013; Wirrmann 1998; Wirrmann and Élouga 1998),yes,yes,
Ossa SAFACAM,,Cameroon,3.79,10.02,(Oslisly et al. 2013; Wirrmann 1998; Wirrmann and Élouga 1998),yes,,
Ozom,ECA-242,Cameroon,3.91,11.42,(Lavachery et al. 2010; Oslisly et al. 2013),yes,,
Pangar,ECA-165,Cameroon,5.53,13.56,(Lavachery et al. 2010),,,
Pangar,ECA-169,Cameroon,5.55,13.57,(Lavachery et al. 2010),,,
Pangar,ECA-193,Cameroon,5.58,13.6,(Lavachery et al. 2010),,,
Pangar,ECA-171,Cameroon,5.58,13.61,(Lavachery et al. 2010),,,
Pangar,ECA-195,Cameroon,5.59,13.62,(Lavachery et al. 2010),,,
Pangar,ECA-173,Cameroon,5.58,13.62,(Lavachery et al. 2010),,,
Pangar,ECA-197,Cameroon,5.59,13.63,(Lavachery et al. 2010),,,
Pangar,ECA-199,Cameroon,5.64,13.72,(Lavachery et al. 2010; Oslisly et al. 2013),yes,,
Pong Solo,,Cameroon,4.12,11.28,(Delneuf et al. 1998; Elouga 1998; Oslisly et al. 2013),yes,,
Pouss,,Cameroon,10.85,15.05,(Delneuf et al. 1998),yes,,
S1P01,S1P01,Cameroon,2.3,10.43,(Morin-Rivat et al. 2016),yes,yes, 
S1P04,S1P04,Cameroon,2.3,10.43,(Morin-Rivat et al. 2016),yes,yes, 
S1P05,S1P05,Cameroon,2.3,10.43,(Morin-Rivat et al. 2016),yes,yes, 
S1P07,S1P07,Cameroon,2.29,10.42,(Morin-Rivat et al. 2016),yes,yes, 
S1P08,S1P08,Cameroon,2.29,10.42,(Morin-Rivat et al. 2016),yes,yes, 
S1P09,S1P09,Cameroon,2.29,10.42,(Morin-Rivat et al. 2016),yes,yes, 
S1P12,S1P12,Cameroon,2.29,10.42,(Morin-Rivat et al. 2016),yes,yes, 
S2P01,S2P01,Cameroon,2.43,10.57,(Morin-Rivat et al. 2016),yes,yes, 
S2P03,S2P03,Cameroon,2.44,10.57,(Morin-Rivat et al. 2016),yes,yes, 
S2P04,S2P04,Cameroon,2.44,10.58,(Morin-Rivat et al. 2016),yes,yes, 
S2P05,S2P05,Cameroon,2.44,10.58,(Morin-Rivat et al. 2016),yes,yes, 
S2P06,S2P06,Cameroon,2.44,10.58,(Morin-Rivat et al. 2016),yes,yes, 
S2P08,S2P08,Cameroon,2.44,10.59,(Morin-Rivat et al. 2016),yes,yes, 
S2P10,S2P10,Cameroon,2.44,10.59,(Morin-Rivat et al. 2016),yes,yes, 
S3P02,S3P02,Cameroon,2.46,10.65,(Morin-Rivat et al. 2016),yes,yes, 
S3P03,S3P03,Cameroon,2.46,10.65,(Morin-Rivat et al. 2016),yes,yes, 
S3P03,S3P03,Cameroon,2.46,10.65,(Morin-Rivat et al. 2016),yes,yes, 
S3P03,S3P03,Cameroon,2.46,10.65,(Morin-Rivat et al. 2016),yes,yes, 
S3P03,S3P03,Cameroon,2.46,10.65,(Morin-Rivat et al. 2016),yes,yes, 
S3P03,S3P03,Cameroon,2.46,10.65,(Morin-Rivat et al. 2016),yes,yes, 
S3P03,S3P03,Cameroon,2.46,10.65,(Morin-Rivat et al. 2016),yes,yes, 
S3P08,S3P08,Cameroon,2.46,10.66,(Morin-Rivat et al. 2016),yes,yes, 
S3P09,S3P09,Cameroon,2.46,10.67,(Morin-Rivat et al. 2016),yes,yes, 
S3P09,S3P09,Cameroon,2.46,10.67,(Morin-Rivat et al. 2016),yes,yes, 
S3P11,S3P11,Cameroon,2.46,10.67,(Morin-Rivat et al. 2016),yes,yes, 
S4P02,S4P02,Cameroon,4.03,14.18,(Morin-Rivat et al. 2016),yes,yes, 
S4P02,S4P02,Cameroon,4.03,14.18,(Morin-Rivat et al. 2016),yes,yes, 
S4P04,S4P04,Cameroon,4.03,14.18,(Morin-Rivat et al. 2016),yes,yes, 
S4P10,S4P10,Cameroon,4.02,14.18,(Morin-Rivat et al. 2016),yes,yes, 
S4P13,S4P13,Cameroon,4.01,14.18,(Morin-Rivat et al. 2016),yes,yes, 
S4P14,S4P14,Cameroon,4.01,14.18,(Morin-Rivat et al. 2016),yes,yes, 
S4P14,S4P14,Cameroon,4.01,14.18,(Morin-Rivat et al. 2016),yes,yes, 
S5P01,S5P01,Cameroon,3.87,14.22,(Morin-Rivat et al. 2016),yes,yes, 
S5P04,S5P04,Cameroon,3.87,14.22,(Morin-Rivat et al. 2016),yes,yes, 
S5P07,S5P07,Cameroon,3.86,14.22,(Morin-Rivat et al. 2016),yes,yes, 
S5P08,S5P08,Cameroon,3.86,14.22,(Morin-Rivat et al. 2016),yes,yes, 
S5P09,S5P09,Cameroon,3.86,14.22,(Morin-Rivat et al. 2016),yes,yes, 
S5P09,S5P09,Cameroon,3.86,14.22,(Morin-Rivat et al. 2016),yes,yes, 
S5P13,S5P13,Cameroon,3.85,14.22,(Morin-Rivat et al. 2016),yes,yes, 
S6P03,S6P03,Cameroon,3.48,14.31,(Morin-Rivat et al. 2016),yes,yes, 
S6P07,S6P07,Cameroon,3.47,14.31,(Morin-Rivat et al. 2016),yes,yes, 
S6P09,S6P09,Cameroon,3.47,14.31,(Morin-Rivat et al. 2016),yes,yes, 
S6P09,S6P09,Cameroon,3.47,14.31,(Morin-Rivat et al. 2016),yes,yes, 
S6P09,S6P09,Cameroon,3.47,14.31,(Morin-Rivat et al. 2016),yes,yes, 
S6P09,S6P09,Cameroon,3.47,14.31,(Morin-Rivat et al. 2016),yes,yes, 
S6P12,S6P12,Cameroon,3.46,14.31,(Morin-Rivat et al. 2016),yes,yes, 
S6P13,S6P13,Cameroon,3.46,14.31,(Morin-Rivat et al. 2016),yes,yes, 
S6P15,S6P15,Cameroon,3.45,14.31,(Morin-Rivat et al. 2016),yes,yes, 
S6P16,S6P16,Cameroon,3.45,14.31,(Morin-Rivat et al. 2016),yes,yes, 
Sakoundji,ECA-107,Cameroon,5.03,13.34,(Lavachery et al. 2010),,,
Salak,,Cameroon,10.4,14.33,(Calvocoressi and David 1979; De Maret 1982; De Maret 1985b; De Maret 1992; Delneuf et al. 1998; Kahlheber 2004),yes,yes,
Sangmelima,,Cameroon,2.94,11.99,(De Maret 1985b; De Maret 1992; Delneuf et al. 1998),yes,,
Seka,ECA-258,Cameroon,6.93,14.54,(Lavachery et al. 2010),,,
Seka,ECA-259,Cameroon,6.94,14.55,(Lavachery et al. 2010),,,
Seka,ECA-255,Cameroon,6.93,14.55,(Lavachery et al. 2010),,,
Seka,ECA-261,Cameroon,6.94,14.56,(Lavachery et al. 2010),,,
Shum Laka,,Cameroon,5.85,10.07,(De Maret 1982; De Maret 1992; Delneuf et al. 1998; Lavachery 2001; Oslisly 1993; Oslisly et al. 2013),yes,yes,yes
Sokorta Manga,,Cameroon,7.13,14.83,(Lavachery et al. 2005),yes,,
Sou,,Cameroon,12.2,14.7,(De Maret 1985b; Delibrias et al. 1986; Delneuf et al. 1998; Lanfranchi and Clist 1991),yes,,
Sou Blame Radjil,,Cameroon,12.2,14.68,(De Maret 1985b; Delibrias et al. 1986; Delneuf et al. 1998),yes,,
South of Kribi,,Cameroon,2.89,9.93,(De Maret 1992; Delneuf et al. 1998),yes,,
Sumpa,,Cameroon,9.2,13.56,(Delneuf et al. 1998),yes,,
Tagamaré,Tagamre (=Balda),Cameroon,10.73,14.78,(Delneuf et al. 1998),yes,,
Tapare,ECA-209,Cameroon,5.9,13.84,(Lavachery et al. 2010),,,
Tara Plage,ECA-88,Cameroon,2.91,9.9,(Lavachery et al. 2010),,,
Tchoukol,,Cameroon,10.77,14.3,(Delneuf et al. 1998),yes,,
Tsanaga,CFDT and II,Cameroon,10.58,14.33,(Calvocoressi and David 1979; Delneuf et al. 1998),yes,,
Yagoua,,Cameroon,10.36,15.23,(Calvocoressi and David 1979; Delneuf et al. 1998),yes,,
Yandea,ECA-277,Cameroon,7.15,14.88,(Lavachery et al. 2010),,,
Yatou,,Cameroon,3.6,9.7,(Clist 2005; Oslisly et al. 2013),yes,,
Yébi,ECA-125,Cameroon,4.97,13.32,(Lavachery et al. 2010),yes,,
Yegue Assi,ECA-266,Cameroon,4,11.47,(Lavachery et al. 2010),,,
Yegue Assi,ECA-264,Cameroon,3.99,11.47,(Lavachery et al. 2010),,,
Yong River,ECA-78,Cameroon,4.88,13.2,(Lavachery et al. 2010),,,
Yong River,ECA-76,Cameroon,4.88,13.21,(Lavachery et al. 2010),,,
Yong River,ECA-77,Cameroon,4.88,13.21,(Lavachery et al. 2010),,,
Zaotoupsi,ECA-236,Cameroon,3.81,11.38,(Lavachery et al. 2010),yes,,
Zili,ECA 323,Cameroon,4.49,11.98,(Lavachery et al. 2005; Lavachery et al. 2010; Oslisly et al. 2013),yes,,
Zoatoupsi,ECA-275,Cameroon,3.8,11.38,(Lavachery et al. 2010),,,
Balimbé,,CAR,6.13,15.33,(Livingstone Smith 2007; Oslisly et al. 2013),yes,,
Batalimo,,CAR,3.61,18.18,(Calvocoressi and David 1979; De Maret 1985b; Eggert 1992; Oslisly et al. 2013),yes,,
Becare,,CAR,3.52,16.02,(Lanfranchi et al. 1998; Oslisly et al. 2013),yes,,
Bézongo,,CAR,6.13,15.33,(Oslisly et al. 2013),yes,,
Bobélé 2,,CAR,4.03,18.38,(Oslisly et al. 2013),yes,,
Bouri,,CAR,5.95,16.27,(Oslisly et al. 2013),yes,,
Dokoko 1,,CAR,6.13,15.33,(Oslisly et al. 2013),yes,,
Eyo,,CAR,3.66,18.48,(Oslisly et al. 2013),yes,,
Gbariri 1 - 77,,CAR,6.13,15.33,(Oslisly et al. 2013; Zangato 1995),yes,,
Gbatoro,,CAR,6.13,15.33,(Linseele 2007),yes,, 
Gobongo I,,CAR,4.42,18.55,(Oslisly et al. 2013),yes,,
GTP 1B A1 / 150,,CAR,6.18,20.73,(Oslisly et al. 2013),yes,, 
Kaolo 2,,CAR,3.45,15.95,(Oslisly et al. 2013),yes,,
Ko Bi Doé,,CAR,6.3,15.9,(De Maret 1985b),yes,,
Lingbangbo,,CAR,3.82,18.53,(Oslisly et al. 2013),yes,,
Mbili 2,,CAR,6.13,15.33,(Oslisly et al. 2013),yes,,
Mondongué,,CAR,3.65,18.56,(Oslisly et al. 2013),yes,,
Nana-Modé village site,,CAR,6.32,15.1,(Calvocoressi and David 1979),yes,, 
Ndio,,CAR,6.13,15.33,(Oslisly et al. 2013),yes,,
Ngara,,CAR,4.03,18.38,(Oslisly et al. 2013),yes,,
Ôbui,,CAR,6.13,15.33,(Linseele 2007),yes,, 
Sabele 1,,CAR,3.33,16.17,(Lanfranchi et al. 1998),yes,,
Sabele 2,,CAR,3.33,16.17,(Lanfranchi et al. 1998),yes,,
Sikilongo,,CAR,3.65,18.56,(Oslisly et al. 2013),yes,,
Site 68,,CAR,6.13,15.33,(Oslisly et al. 2013),yes,,
Tanga 2,,CAR,3.52,16.05,(Clist 2005; Oslisly et al. 2013),yes,,
Tazunu Balimbe 1,,CAR,6.13,15.33,(Oslisly 1993; Oslisly et al. 2013; Zangato 1995),yes,,
Tazunu Balimbe 2,,CAR,6.13,15.33,(Calvocoressi and David 1979; Lanfranchi and Clist 1991; Oslisly et al. 2013; Zangato 1995),yes,,
Tazunu Balimbe 9,,CAR,6.13,15.33,(Lanfranchi and Clist 1991; Oslisly et al. 2013; Zangato 1995),yes,,
Tazunu Beforo I,,CAR,5.9,15.55,(Lanfranchi and Clist 1991),yes,, 
Tazunu Betume,,CAR,6.13,15.33,(Calvocoressi and David 1979; Lanfranchi and Clist 1991; Oslisly et al. 2013; Zangato 1995),yes,,
Tazunu Beyole,,CAR,6.13,15.33,(Oslisly et al. 2013; Posnansky and McIntosh 1976; Zangato 1995),yes,,
Tazunu Tia,,CAR,6.13,15.33,(Oslisly et al. 2013; Zangato 1995),yes,,
Tazunu Zupaya,,CAR,6.13,15.33,(Lanfranchi and Clist 1991; Oslisly et al. 2013; Posnansky and McIntosh 1976; Zangato 1995),yes,,
Té-Ndongué,,CAR,5.72,18,(Oslisly et al. 2013),yes,,
Toala,,CAR,6.35,15.98,(De Maret 1985b; Oslisly et al. 2013),yes,,
Agadem,,Chad,16.88,13.32,(Manning and Timpson 2014),yes,, 
Amkoundjo,,Chad,12.17,14.98,(Delibrias et al. 1970),yes,, 
Badila ,ETA-173 ,Chad,8.35,16.31,(Lavachery et al. 2005),yes,,
Bahali,,Chad,16.22,18.43,(Delibrias et al. 1986; Ndong 2000),yes,, 
Beboura ,ETA-46 ,Chad,8.53,16.74,(Lavachery et al. 2005),yes,,
Bedia,ETA-36/121,Chad,8.19,16.36,(Lavachery et al. 2010),,,
Bedia,ETA-119/120,Chad,8.19,16.37,(Lavachery et al. 2010),,,
Bedia ,ETA-35 ,Chad,8.19,16.36,(Lavachery et al. 2005),yes,,
Begada,ETA-85/87,Chad,8.53,16.75,(Lavachery et al. 2010),,,yes
Begon II,ETA-25/127-128,Chad,8.09,16.25,(Lavachery et al. 2005),yes,,yes
Begon II,ETA-126,Chad,8.09,16.26,(Lavachery et al. 2010),,,
Begon II (chef du village),ETA-166 ,Chad,8.08,16.27,(Lavachery et al. 2005; Oslisly 1993),yes,,
Bekia ,ETA-175 ,Chad,8.51,16.71,(Lavachery et al. 2005),yes,,
Beto,ETA-102,Chad,8.35,16.56,(Lavachery et al. 2010),yes,,
Bochianga,,Chad,16.27,18.27,(Delibrias et al. 1986; Posnansky and McIntosh 1976),yes,, 
Diba I,ETA-006/135,Chad,7.75,15.81,(Lavachery et al. 2010),,,
Diba I ,ETA-004/136,Chad,7.74,15.8,(Lavachery et al. 2010),,,
Dodang ,ETA-188 ,Chad,8.55,16.79,(Lavachery et al. 2005; Lavachery et al. 2010),yes,,
Goz Kerki,,Chad,15.58,18.67,(Delibrias et al. 1986),yes,, 
Kaba,ETA-107,Chad,8.29,16.47,(Lavachery et al. 2005),yes,,
Kagopal,ETA-75,Chad,8.26,16.42,(Lavachery et al. 2010),yes,,
Karmankass ,ETA-167 ,Chad,8.69,16.44,(Lavachery et al. 2005),yes,,
Kebir Rosa ,Site 34 A and B,Chad,16.08,18.75,(Delibrias et al. 1986),yes,, 
Kolle,ETA-39,Chad,8.24,16.41,(Lavachery et al. 2010),,,
Kolle ,ETA-40 ,Chad,8.24,16.42,(Lavachery et al. 2005),yes,,
Komé Base,ETA-86,Chad,8.53,16.74,(Lavachery et al. 2010),yes,,
Komé Base,ETA-88/94,Chad,8.53,16.75,(Lavachery et al. 2010),,,
Koro Toro ,Site 4A - E,Chad,16.06,18.5,(Delibrias et al. 1986),yes,, 
Krimé ,site 3A and B,Chad,15.08,18.47,(Delibrias et al. 1986),yes,, 
Maikery,ETA-170,Chad,8.51,16.55,(Lavachery et al. 2010),,,
Mayongo,ETA-97 ,Chad,8.44,16.63,(Lavachery et al. 2005),yes,,
Mban I ,ETA-69,Chad,8.07,16.18,(Lavachery et al. 2005),yes,,
Mdaga,,Chad,12.18,15.17,(Delibrias et al. 1970; Linseele 2007),yes,, 
Messo,,Chad,13.75,14.22,(Delibrias et al. 1986; Delibrias et al. 1970; Posnansky and McIntosh 1976),yes,, 
Miandoum,ETA-178,Chad,8.51,16.56,(Lavachery et al. 2010),,,
Missi Madji ,ETA-164,Chad,8.54,16.78,(Lavachery et al. 2005),yes,,
Nemra,,Chad,16.28,18.55,(Delibrias et al. 1986),yes,, 
Ngon Mbang ,ETA-165 ,Chad,8.53,16.75,(Lavachery et al. 2005),yes,,
Ouao,ETA-38/110,Chad,8.23,16.41,(Lavachery et al. 2010),,,
Oulibangala,ETA-56,Chad,7.83,15.83,(Lavachery et al. 2010),,,
Toungour Salado,,Chad,15.94,18.46,(Delibrias et al. 1986),yes,, 
Zaouar,Zouar,Chad,20.48,16.58,(Posnansky and McIntosh 1976),yes,, 
Bacongo,,Congo,-4.28,15.27,(De Maret 1985b; Oslisly et al. 2013),yes,,
Baï Bomassa,,Congo,2.18,16.17,(De Maret 1985a; Morin-Rivat et al. 2014),yes,yes,
Biala cave,,Congo,-3.5,13,(Lanfranchi and Clist 1991; Oslisly et al. 2013),yes,,
Bime,,Congo,-4.18,15.15,(Lanfranchi and Clist 1991; Oslisly et al. 2013),yes,,
Bittori Cave,,Congo,-3.9,14.5,(Oslisly et al. 2013),yes,,
Bomassa,1 and 2,Congo,2.15,16.17,(Morin-Rivat et al. 2014; Oslisly et al. 2013),yes,yes,
BP113,,Congo,-4.35,11.58,(Denbow 2012; Oslisly et al. 2013),yes,, 
Condé,,Congo,-4.58,11.95,(Denbow 2012; Oslisly et al. 2013),yes,,
Djaka River,,Congo,1.62,16.43,(Morin-Rivat et al. 2014),yes,, 
Djambala,,Congo,-2.9,14.92,(Oslisly et al. 2013),yes,,
Ebaleki River,,Congo,3.21,17.51,(Morin-Rivat et al. 2014; Oslisly et al. 2013),yes,yes,
Fignou 1,,Congo,-4.56,11.98,(Denbow 2012; Oslisly et al. 2013),yes,,
Fignou 4,,Congo,-4.56,11.98,(Denbow 2012; Oslisly et al. 2013),yes,,
Ganda-Kimpese,,Congo,-4.4,12.38,(Oslisly et al. 2013; Schwartz et al. 1991),yes,,
Gangalingolo,,Congo,-4.22,14.15,(De Maret 1985b; Oslisly et al. 2013),yes,,
Gray sand,,Congo,-4.39,11.65,(Denbow 2012; Oslisly et al. 2013),yes,,
Ikelemba 1,,Congo,1.23,16.51,(Morin-Rivat et al. 2014),yes,, 
Ikelemba 2,,Congo,1.23,16.53,(Morin-Rivat et al. 2014),yes,yes, 
Ikelemba 3,,Congo,1.22,16.54,(Morin-Rivat et al. 2014),yes,, 
Ilamba 1,,Congo,1.24,16.64,(Morin-Rivat et al. 2014),yes,yes, 
Ilamba 2,,Congo,1.2,16.63,(Morin-Rivat et al. 2014),yes,yes, 
Imbama,,Congo,-3.45,15.7,(Oslisly et al. 2013),yes,,
Impe,,Congo,-2.7,15.28,(Oslisly et al. 2013),yes,,
Ingamfini 1,,Congo,-3.88,15.67,(Oslisly et al. 2013),yes,,
Ingamfini 2,,Congo,-3.85,15.65,(Oslisly et al. 2013),yes,,
Ingolo,,Congo,-3.47,15.33,(Oslisly et al. 2013),yes,,
Inoni,,Congo,-3.03,15.33,(Oslisly et al. 2013),yes,,
Inoni Falaise,,Congo,-3.02,15.67,(Lanfranchi and Clist 1991; Oslisly et al. 2013),yes,,
Itebe,,Congo,-3.63,15.22,(Oslisly et al. 2013),yes,,
Kabo,,Congo,2.12,16.15,(Morin-Rivat et al. 2014),yes,, 
Kankouara 1,,Congo,-2.32,14.53,(Oslisly et al. 2013),yes,,
Kayes,,Congo,-4.43,11.7,(Denbow 2012; Oslisly et al. 2013),yes,,
Kibouende,,Congo,-4.15,15.2,(Lanfranchi and Clist 1991),,, 
Kitsounga 1,,Congo,-3.97,14.93,(Oslisly et al. 2013),yes,,
Komo River,,Congo,1.54,16.6,(Morin-Rivat et al. 2014),yes,yes, 
Konga,,Congo,-2.23,12.78,(Oslisly et al. 2013),yes,,
Lac Ndembo,,Congo,-4.35,11.65,(Oslisly et al. 2013),yes,,
Lac Tchitembo,,Congo,-4.18,11.38,(Denbow 2012; Oslisly et al. 2013),yes,,
Lamba,,Congo,-4.36,11.59,(Denbow 2012; Oslisly et al. 2013),yes,,
Landjoué,,Congo,0.76,15.36,(Morin-Rivat et al. 2014; Oslisly et al. 2013),yes,yes,
Lékana,,Congo,-2.33,14.58,(Oslisly et al. 2013),yes,,
Likwala,,Congo,0.15,17.38,(Eggert 1992; Oslisly et al. 2013),yes,,
Liouesso,,Congo,1.05,15.69,(De Maret 1985a; Morin-Rivat et al. 2014),yes,yes, 
Lopola,,Congo,3.03,17.27,(Morin-Rivat et al. 2014),yes,, 
Loubanzi,,Congo,-4.53,11.88,(Denbow 2012; Oslisly et al. 2013),yes,,
Loukoko I,,Congo,-4.52,14.6,(Oslisly et al. 2013),yes,,
Loundoungou,,Congo,2.39,17,(Morin-Rivat et al. 2014),yes,yes, 
Madingo-Kayes,,Congo,-4.43,11.7,(Denbow 1990; Denbow 2012; Oslisly et al. 2013),yes,,
Mafamba,,Congo,-3.37,16.18,(Lanfranchi and Clist 1991; Oslisly et al. 2013),yes,,
Mah 1,,Congo,-3.35,15.5,(Clist 2005; Oslisly et al. 2013),yes,,
Makuti,,Congo,-4.27,14.41,(Clist 2005),,, 
Mambili river,,Congo,0.49,15.43,(Morin-Rivat et al. 2014; Oslisly et al. 2013),yes,yes,
Mare du Flec,,Congo,-4.6,12.14,(Lanfranchi and Clist 1991),yes,yes, 
Masamasa 1,,Congo,-3.88,14.88,(Oslisly et al. 2013),yes,,
Mayombe,,Congo,-4.5,12.5,(D’Andrea et al. 2006),yes,yes, 
Meningue,,Congo,-4.43,11.7,(Denbow 1990; Denbow 2012; Oslisly et al. 2013),yes,,
Mitula,,Congo,0.03,17.12,(Eggert 1992; Oslisly et al. 2013),yes,,
Mobaka,,Congo,0.47,17.18,(Eggert 1992; Oslisly et al. 2013),yes,,
Mokobo,,Congo,2.1,16.27,(Morin-Rivat et al. 2014),yes,yes, 
Mont Barnier,,Congo,-4.12,15.09,(Lanfranchi and Clist 1991),yes,, 
Moubiri,,Congo,-4.02,14.01,(Lanfranchi and Clist 1991; Oslisly et al. 2013),yes,, 
Moussanda,,Congo,-3.94,13.72,(Oslisly et al. 2013),yes,,
Mpassa ferme,,Congo,-4.3,14.27,(De Maret 1985b; Oslisly et al. 2013),yes,,
Munda,,Congo,1,17.18,(Eggert 1992; Oslisly et al. 2013),yes,,
Mvindou,,Congo,-4.52,11.95,(Denbow 2012; Oslisly et al. 2013),yes,,
Ndati Yomba,Ntadi Yomba,Congo,-4.25,13.77,(De Maret 1982; De Maret 1985b; Lanfranchi and Clist 1991; Oslisly et al. 2013),yes,,
Ndoki river,,Congo,2.05,16.37,(Morin-Rivat et al. 2014; Oslisly et al. 2013),yes,yes,
Ngidi,,Congo,-4.05,15.1,(Oslisly et al. 2013),yes,,
Ngombé,,Congo,1.48,16.14,(Morin-Rivat et al. 2014),yes,yes, 
Ngoulonkila,,Congo,-2.43,14.58,(Oslisly et al. 2013),yes,,
Ngoulonkila 2,,Congo,-2.42,14.58,(Oslisly et al. 2013),yes,,
Ntsimou,,Congo,-3.55,15.22,(Oslisly et al. 2013),yes,,
Nzabi,,Congo,-2.38,14.45,(De Maret 1985b; Oslisly et al. 2013),yes,,
Obelango,,Congo,-1.21,15.57,(Lanfranchi and Clist 1991; Oslisly et al. 2013),yes,, 
Oka,,Congo,-3.58,15.25,(Oslisly et al. 2013),yes,,
Okieni,,Congo,-3.17,16.05,(Oslisly et al. 2013),yes,,
Ongia,,Congo,-2.43,14.98,(Oslisly et al. 2013),yes,,
Ossa,,Congo,-2.52,15.25,(Oslisly et al. 2013),yes,,
Pikounda 1,,Congo,1.45,16.1,(Morin-Rivat 2017; Morin-Rivat et al. 2014),yes,yes, 
Pikounda 2,,Congo,1.45,16.11,(Morin-Rivat 2017; Morin-Rivat et al. 2014),yes,yes, 
Pikunda,,Congo,-0.5,16.67,(Eggert 1992; Oslisly et al. 2013),yes,,
Pointe Noire,,Congo,-4.77,11.87,(De Maret 1982; De Maret 1985b; De Maret 1990; Oslisly et al. 2013),yes,,
Pokola 1,,Congo,1.29,16.57,(Morin-Rivat et al. 2014),yes,yes, 
Pokola 2,,Congo,1.26,16.57,(Morin-Rivat et al. 2014),yes,yes, 
Potoli River,,Congo,3.29,16.78,(Morin-Rivat 2017; Morin-Rivat et al. 2014),yes,, 
Tandou-Youmbi,,Congo,-4.42,11.7,(Denbow 1990; Denbow 2012; Oslisly et al. 2013),yes,,
Tchissanga,,Congo,-4.53,11.79,(De Maret 1990; Denbow 1990; Denbow 2012; Lanfranchi and Clist 1991; Oslisly et al. 2013),yes,yes,
Tsabouka,,Congo,-4.25,14.42,(Lanfranchi and Clist 1991),yes,,
YGO F15   20,,Congo,0.41,15.41,(Oslisly et al. 2013),yes,, 
Amba,,DRC,-4.28,15.28,(Oslisly et al. 2013),yes,,
Bamanya,,DRC,-0.02,18.33,(De Maret 1985b; Oslisly et al. 2013),yes,,
Baringa,Fpl. 161,DRC,0.73,20.74,(Oslisly et al. 2013),yes,yes,
Bokele,,DRC,-0.08,18.58,(De Maret 1985b; Eggert 1992; Oslisly et al. 2013),yes,,
Bokuma,Fpl. 18,DRC,-0.1,18.72,(Eggert 1992; Kahlheber 2004; Oslisly et al. 2013),yes,yes,
Bolondo,Fpl. 96,DRC,-0.3,21.3,(Oslisly et al. 2013),yes,yes,
Boma,,DRC,-5.85,13.07,(De Maret 1985b; Oslisly et al. 2013),yes,,
Boso-Njafo,,DRC,1.12,19.23,(Eggert 1992; Oslisly et al. 2013),yes,yes,
Dimba,,DRC,-5.28,14.87,(De Maret 1986; De Maret 1990; Oslisly et al. 2013),yes,,
Gombe,,DRC,-4.28,15.27,(De Maret 1982; De Maret 1985b; Lanfranchi and Clist 1991; Oslisly et al. 2013),yes,,
Ile des Mimosas,,DRC,-4.28,15.28,(Oslisly et al. 2013),yes,,
Imbonga,,DRC,-0.8,19.77,(De Maret 1985b; Eggert 1992; Oslisly et al. 2013),yes,,
Ionda,,DRC,0,18.19,(De Maret 1985b; Oslisly et al. 2013),yes,,
Isaka,,DRC,-0.08,19.93,(Oslisly et al. 2013),yes,,
Kamuna,,DRC,-4.33,15.33,(Oslisly et al. 2013),yes,,
Kingabwa,,DRC,-4.33,15.33,(Oslisly et al. 2013),yes,,
Kinsuka,,DRC,-4.28,15.28,(Oslisly et al. 2013),yes,,
Kwimba,,DRC,-5.77,14.8,(Clist 2005; De Maret 1985a; De Maret 1986; De Maret 1990; Oslisly et al. 2013),yes,,
La Funa,,DRC,-4.28,15.28,(Clist 2005; Oslisly et al. 2013),yes,,
Longa,,DRC,-0.2,18.88,(De Maret 1985b; Oslisly et al. 2013),yes,,
Lovo,,DRC,-4.33,15.33,(De Maret 1990; Oslisly et al. 2013),yes,,
Maluba,,DRC,2.8,18.5,(Eggert 1992),yes,,
Mbandaka,,DRC,-0.07,18.25,(De Maret 1985b; Eggert 1992; Oslisly et al. 2013),yes,,
Ngovo,,DRC,-5.3,14.92,(De Maret 1986; De Maret 1990; Oslisly et al. 2013),yes,,
Nkile,,DRC,-0.08,18.67,(De Maret 1982; Kahlheber 2004; Oslisly et al. 2013),yes,,
Nsele,,DRC,-4.25,15.53,(De Maret 1982; Oslisly et al. 2013),yes,,
Ntadi-Ntadi,,DRC,-5.57,15.22,(De Maret 1986; Oslisly et al. 2013),yes,,
Ntende Cave,,DRC,-4.33,15.33,(Oslisly et al. 2013),yes,,
Sakuzi,,DRC,-5.17,14,(De Maret 1986; Oslisly et al. 2013),yes,yes,
Wafanya,,DRC,-1.29,20.37,(Oslisly et al. 2013),yes,,
Akom,,Equat. Guinea,1.87,9.9,(Oslisly et al. 2013),yes,,
Ayene,,Equat. Guinea,1.08,9.77,(Clist 1989; Oslisly et al. 2013),yes,,
Angondjé,,Gabon,0.4,9.5,(Oslisly et al. 2013),yes,,
Anzem 1,,Gabon,0.6,10.5,(Oslisly et al. 2013; Oslisly and Fontugne 1993),yes,,
Batanga 1,,Gabon,-1.43,9.13,(Oslisly et al. 2013),yes,,
Benguie 7,,Gabon,0.29,11.38,(Oslisly et al. 2013),yes,,
Bolokoboué,,Gabon,0.64,9.41,(Oslisly et al. 2013),yes,,
Charbonnages butte 56,,Gabon,0.45,9.47,(Clist 1989; Oslisly et al. 2013),yes,,
Ditouba,,Gabon,-3.27,10.57,(D’Andrea et al. 2006; Linseele 2007; Oslisly et al. 2013),yes,yes,
Ebel Alembe 1,,Gabon,0.13,11.11,(Oslisly et al. 2013),yes,, 
Ebel Alembe 2,,Gabon,0.14,11.12,(Oslisly et al. 2013),yes,, 
Elarmékora 3,,Gabon,-0.09,11.17,(Clist 1989; Oslisly et al. 2013; Oslisly and Fontugne 1993),yes,,
Epona 1,,Gabon,-0.11,11.15,(Clist 2005; Oslisly et al. 2013; Oslisly and Fontugne 1993),yes,,
Epona 2,,Gabon,-0.11,11.15,(Clist 2005; Oslisly 1993; Oslisly et al. 2013),yes,,
Evinayong,,Gabon,0.6,9.65,(Oslisly et al. 2013),yes,,
HVL 4,HVL 4 -11,Gabon,-0.08,11.37,(Oslisly et al. 2013),yes,, 
Iguela 2,,Gabon,-1.92,9.32,(Oslisly et al. 2013),yes,,
Ikengué 1,,Gabon,-1.5,9.5,(Clist 1989; Oslisly et al. 2013),yes,,
Issemeyo 4,,Gabon,0.19,11.35,(Oslisly et al. 2013),yes,,
Issemeyo 7,,Gabon,0.3,11.4,(Oslisly et al. 2013),yes,,
Kafélé 2,,Gabon,0.16,10.12,(Clist 1989; D’Andrea et al. 2006; Oslisly et al. 2013),yes,yes,
Kango 2,,Gabon,0.19,10.09,(Clist 1989; Oslisly et al. 2013),yes,,
Kango 5,,Gabon,0.2,10.08,(Clist 1989; Clist 2005; Oslisly et al. 2013),yes,yes,
Komo,,Gabon,0.37,10.12,(Oslisly et al. 2013),yes,,
Koualessis,,Gabon,1.39,11.64,(Clist 1989; Oslisly et al. 2013),yes,,
Lac Bleu de Mouila,,Gabon,-1.5,11.17,(Oslisly 1993; Oslisly et al. 2013),yes,,
Lac Noir Ndendé,,Gabon,-2.23,11.33,(Moga 2008; Oslisly et al. 2013),yes,,
Lalara 1,,Gabon,0.2,11.4,(Oslisly et al. 2013),yes,,
Lébombi,,Gabon,-1.5,13.37,(Dupré and Pinçon 1997; Oslisly et al. 2013),yes,,
Lefob 2,,Gabon,0,11.5,(Oslisly et al. 2013),yes,,
Lélédi 1,,Gabon,-0.08,11.37,(Oslisly et al. 2013),yes,,
Lélédi 2,,Gabon,-0.08,11.37,(Oslisly et al. 2013),yes,,
Lindili 1,,Gabon,-0.16,11.5,(Oslisly et al. 2013; Oslisly and Fontugne 1993),yes,,
Lopé 10,,Gabon,-0.21,11.59,(Oslisly et al. 2013; Oslisly and Fontugne 1993),yes,,
Lopé 12,,Gabon,-0.21,11.59,(Clist 1989; Clist 2005; Oslisly 1993; Oslisly et al. 2013),yes,,
Lopé 2,,Gabon,-0.22,11.59,(Clist 1989; Clist 2005; Oslisly 1998; Oslisly et al. 2013),yes,,
Lopé 4,,Gabon,-0.17,11.61,(Oslisly et al. 2013; Oslisly and Fontugne 1993),yes,,
Lope 5,,Gabon,-0.16,11.61,(D’Andrea et al. 2006; Oslisly et al. 2013),yes,yes,
Maboué 1,,Gabon,-0.14,11.53,(De Maret 1985a; Oslisly et al. 2013),yes,,
Makana,,Gabon,-1.63,13.55,(Oslisly 1993; Oslisly et al. 2013),yes,,
Makokou,,Gabon,0.57,12.85,(Clist 1989; Oslisly et al. 2013),yes,,
Malekou,,Gabon,0.34,9.5,(Oslisly et al. 2013),yes,,
Mandilou 2,,Gabon,-1.27,10.62,(Clist 1989; Oslisly et al. 2013),yes,,
Mandilou 3,,Gabon,-1.27,10.62,(Clist 1989; Oslisly et al. 2013),yes,,
Massango,,Gabon,-1.63,13.14,(Oslisly et al. 2013),yes,,
Mbama 1,,Gabon,-0.1,11.8,(Oslisly et al. 2013),yes,,
Mbilapé 2,,Gabon,-0.88,9.15,(Clist 1989; Oslisly et al. 2013),yes,,
Mbilapé 4,,Gabon,-0.88,9.15,(Clist 1989; Oslisly et al. 2013),yes,,
Mboma,,Gabon,-1.71,13.35,(De Maret 1985a; Oslisly et al. 2013),yes,,
Mikouloungou 4,,Gabon,-1.63,13.35,(Oslisly et al. 2013),yes,,
Mimongo,,Gabon,-0.9,10.88,(Oslisly et al. 2013),yes,,
"Mina, Léconi",,Gabon,-1.58,14.27,(Oslisly et al. 2013),yes,,
Mingoué 1,,Gabon,-0.18,11.36,(Oslisly et al. 2013; Oslisly and Dechamps 1994; Oslisly and Fontugne 1993),yes,,
Mingoué 5,,Gabon,-0.18,11.36,(Oslisly et al. 2013; Oslisly and Dechamps 1994; Oslisly and Fontugne 1993),yes,,
Moanda 1,,Gabon,-1.56,13.18,(Clist 1989; Oslisly et al. 2013),yes,,
Moanda 2,,Gabon,-1.56,13.18,(Clist 1989; Oslisly et al. 2013),yes,,
Moanda Gare,,Gabon,-1.56,13.18,(Clist 1989; Oslisly et al. 2013),yes,,
"Moanda Pk28,5",,Gabon,-1.62,13.47,(Oslisly et al. 2013),yes,,
"Moanda Pk29,5",,Gabon,-1.62,13.47,(Oslisly et al. 2013),yes,,
Mont Brazza,,Gabon,-0.13,11.59,(Clist 1989; Oslisly et al. 2013),yes,,
Mouila 1,,Gabon,-1.5,11.17,(Clist 1989; Oslisly et al. 2013),yes,,
Mouila 2,,Gabon,-1.98,11.03,(Clist 1989; Oslisly et al. 2013),yes,,
Ndjolé Pk.5,,Gabon,0.17,10.75,(Clist 1989; Clist 2005; Oslisly 1993; Oslisly et al. 2013),yes,,
Ndzomossi,,Gabon,1.64,11.61,(Oslisly et al. 2013),yes,,
Nkol Ogoum 2,,Gabon,0.41,9.49,(D’Andrea et al. 2006; Oslisly et al. 2013),yes,yes,
Ofoubou 16,,Gabon,-1.6,10.13,(Oslisly et al. 2013),yes,,
Ofoubou 33,,Gabon,-1.6,10.13,(Oslisly et al. 2013),yes,,
Ofoubou 5,,Gabon,-1.6,10.13,(Clist 2005; Oslisly et al. 2013),yes,,
Okala 1,,Gabon,0.49,9.41,(Clist 1989; Clist 2005; D’Andrea et al. 2006; Oslisly et al. 2013),yes,yes,
Okanda 2,,Gabon,-0.11,11.55,(Oslisly et al. 2013; Oslisly and Fontugne 1993),yes,,
Okanda 5,,Gabon,-0.12,11.55,(Clist 2005; Oslisly et al. 2013),yes,, 
Okanda 6,,Gabon,-0.12,11.57,(Clist 2005; Oslisly et al. 2013),yes,,
Otoumbi 1,,Gabon,-0.07,11.09,(Oslisly et al. 2013; Oslisly and Fontugne 1993),yes,,
Otoumbi 13,,Gabon,-0.07,11.12,(Clist 2005; Oslisly 1993; Oslisly et al. 2013),yes,,
Otoumbi 2,,Gabon,-0.07,11.09,(Oslisly et al. 2013; Oslisly and Fontugne 1993),yes,, 
Otoumbi 3,,Gabon,-0.07,11.12,(Oslisly et al. 2013),yes,,
Otoumbi 4,,Gabon,-0.07,11.12,(Oslisly et al. 2013; Oslisly and Fontugne 1993),yes,,
Otoumbi 5,,Gabon,-0.06,11.12,(Oslisly et al. 2013; Oslisly and Fontugne 1993),yes,,
Otoumbi 8,,Gabon,-0.07,11.12,(Oslisly et al. 2013; Oslisly and Fontugne 1993),yes,,
Oumoundo 1,,Gabon,0,11.5,(Oslisly et al. 2013),yes,,
Oumoundo 2,,Gabon,0,11.5,(Oslisly et al. 2013),yes,,
Oveng 1,,Gabon,0.48,9.52,(Clist 1987; D’Andrea et al. 2006; Oslisly et al. 2013),yes,yes,
Owendo,Ovendo,Gabon,0.33,9.47,(Clist 1989; De Maret 1982; Oslisly et al. 2013),yes,,
Oyem 1,,Gabon,1.59,11.57,(Clist 1989; Oslisly et al. 2013),yes,,
Oyem 2,,Gabon,1.57,11.57,(Clist 1989; Oslisly et al. 2013),yes,,
Paouan Cave,,Gabon,-0.81,12.75,(Oslisly et al. 2013),yes,,
Plateau de Mpassa,,Gabon,-1.7,13.63,(Oslisly et al. 2013),yes,,
Remboué 1,,Gabon,0.12,9.73,(Oslisly et al. 2013),yes,,
Remboué 15,,Gabon,0.12,9.73,(Oslisly et al. 2013),yes,,
Remboué 2,,Gabon,0.12,9.73,(Clist 2005; Oslisly et al. 2013),yes,,
Remboué 3,,Gabon,0.12,9.73,(Clist 2005; Oslisly et al. 2013),yes,,
Rivière Denis 1,,Gabon,0.32,9.35,(Clist 1989; Oslisly et al. 2013),yes,,
Rivière Denis 2,,Gabon,0.32,9.35,(Oslisly et al. 2013),yes,,
Route Cap Estérias,,Gabon,0.6,9.33,(Clist 2005; Oslisly et al. 2013),yes,,
Sablières,,Gabon,0.5,9.38,(Clist 1989; Oslisly et al. 2013),yes,,
Site 85/22,,Gabon,1.92,11.59,(Oslisly et al. 2013),yes,,
Site 85/26,,Gabon,2.03,11.5,(Oslisly et al. 2013),yes,,
Soukoudzap,,Gabon,1.67,11.51,(Oslisly et al. 2013),yes,,
Toubé 1,,Gabon,-0.04,11.59,(Clist 2005; Oslisly et al. 2013),yes,,
Viafé 3,,Gabon,0.2,11.38,(Oslisly et al. 2013),yes,,
Viafe 5,,Gabon,0.34,11.43,(Oslisly et al. 2013),yes,,
Yombi Pk.8,,Gabon,-1.42,10.63,(Oslisly 1993; Oslisly et al. 2013),yes,,
Juffure,,Gambia,13.35,-16.36,(Gijanto 2011; Gijanto 2014; Gijanto and Walshaw 2014),,yes, 
Mbolop Tobé,,Gambia,13.56,-15.64,(Gallay et al. 1982; McIntosh and McIntosh 1986b),,, 
Wasu,Wassu,Gambia,13.69,-14.87,(Gallay 2010; Posnansky and McIntosh 1976),yes,, 
A-212,,Ghana,8.35,-2.36,(Logan 2012),,yes, 
Abam ,Bono Manso,Ghana,7.7,-1.85,(Breunig and Rupp 2016; Logan 2012),yes,, 
Adansemanso,,Ghana,6.25,-1.55,(Linseele 2007; Logan 2012),yes,, 
Ahwene Koko,,Ghana,7.48,-2.2,(Calvocoressi and David 1979; Logan 2012),yes,, 
Amuowi I,,Ghana,7.72,-2.15,(Posnansky and McIntosh 1976),yes,, 
Amuowi II,,Ghana,7.72,-2.15,(Posnansky and McIntosh 1976),yes,, 
Anyinam,,Ghana,6.5,-1.53,(Linseele 2007),yes,, 
Asantemanso,,Ghana,6.6,-1.59,(Breunig and Rupp 2016),yes,, 
Asokrochona,,Ghana,5.6,-0.35,(Chevrier et al. 2018; Nygaard and Talbot 1984),,, 
Atwetwebooso,(Hani),Ghana,7.85,-2.53,(Calvocoressi and David 1979; Posnansky and McIntosh 1976; Stahl 1994),yes,, 
B-112,,Ghana,8.03,-2.17,(Logan 2012),,yes, 
Banda 13,,Ghana,8.12,-2.26,(Logan 2012),,yes, 
Banda 27,,Ghana,8.18,-2.17,(Logan 2012),,yes, 
Banda 41,,Ghana,8.17,-2.16,(Logan 2012; Moga 2008),,yes, 
Begho,,Ghana,7.85,-2.48,(Logan 2012; Posnansky and McIntosh 1976; Willett 1971),yes,,
Birimi,,Ghana,10.56,-0.39,(Casey et al. 1997; D’Andrea and Casey 2002; Kahlheber 2004; Logan and D’Andrea 2012),yes,yes,
Boase,B4C,Ghana,7.84,-1.84,(D’Andrea et al. 2006; Logan and D’Andrea 2012),yes,yes,
Bono Manso,,Ghana,7.7,-1.85,(Calvocoressi and David 1979; Posnansky and McIntosh 1976),yes,, 
Bonoso,,Ghana,7.62,-2.08,(Calvocoressi and David 1979),yes,, 
Bosumpra,,Ghana,6.68,-0.73,(Calvocoressi and David 1979; D’Andrea and Casey 2002; Posnansky and McIntosh 1976; Stahl 1994),yes,yes, 
Bui Kataa,,Ghana,8.24,-2.28,(Logan 2012),,, 
Chemu Lagoon,,Ghana,5.64,0.02,(Calvocoressi and David 1979),yes,, 
Daboya,,Ghana,9.58,-1.51,(Logan 2012; McIntosh and McIntosh 1986b; Stahl 1994; Sutton 1982),yes,, 
Dapaa,(Begho),Ghana,7.92,-2.55,(Calvocoressi and David 1979),yes,, 
Dawu,,Ghana,5.98,-0.08,(Logan 2012; McIntosh and McIntosh 1986b),yes,, 
Esiease,,Ghana,6.6,-1.59,(Breunig and Rupp 2016),yes,, 
Gambaga,,Ghana,10.54,-0.44,(Breunig and Rupp 2016; Stahl 1994),yes,, 
Gao Lagoon,"Kpone, Gao Lagoon ",Ghana,5.67,0.04,(Calvocoressi and David 1979; McIntosh and McIntosh 1986b; Nygaard and Talbot 1984; Stahl 1994; Sutton 1982),yes,,yes 
Gonja Dimbia,,Ghana,8.05,-1.92,(Linseele 2007),yes,,yes 
K1,,Ghana,8.06,-1.9,(D’Andrea and Casey 2002; Stahl 1994),yes,yes, 
K6,,Ghana,8.05,-1.9,(D’Andrea and Casey 2002; Kahlheber 2004; McIntosh and McIntosh 1986b; Stahl 1994),yes,yes,yes
Kpone West,,Ghana,5.56,-0.13,(Sutton 1982),yes,, 
Kuulo Kataa,,Ghana,8.15,-2.38,(Logan 2012),yes,yes, 
Ladoku,,Ghana,5.93,0.08,(Calvocoressi and David 1979; Sutton 1982),yes,,yes 
Makala Kataa,,Ghana,8.14,-2.39,(Logan 2012),,yes, 
Mamaan,"(Akim Kotoku, Birim Valley",Ghana,5.9,-0.88,(Sutton 1982),yes,, 
Mandara,,Ghana,9.53,-1.47,(Linseele 2007),yes,, 
Mankuma,,Ghana,9.53,-1.46,(Linseele 2007),yes,, 
Monsa (Akim Kotoku),"Monsaa Earthwork, Birim Valley",Ghana,5.87,-0.85,(Sutton 1982),yes,, 
Mumute,,Ghana,6.74,-1.57,(Posnansky and McIntosh 1976; Stahl 1994),yes,,yes 
New Buipe,,Ghana,8.77,-1.46,(Logan 2012; Willett 1971; York 1973),yes,, 
Ngre Kataa,,Ghana,8.1,-2.31,(Logan 2012),yes,yes,
Ntereso,,Ghana,8.85,-1.08,(D’Andrea and Casey 2002; Kahlheber 2004; Linseele 2007; Stahl 1994),yes,yes,yes 
Nyanga,,Ghana,9.53,-1.47,(Linseele 2007),yes,, 
Pepease,,Ghana,6.75,-0.72,(Posnansky and McIntosh 1976),yes,, 
Tema,,Ghana,5.68,0,(Nygaard and Talbot 1984; Posnansky and McIntosh 1976; Sutton 1982),yes,, 
Niani,,Guinea,11.42,-8.57,(Calvocoressi and David 1979; Kahlheber 2004; Sutton 1982; Willett 1971),yes,, 
Adiopodoume,,Ivory Coast,5.34,-4.13,(Chenorkian 1983),yes,,yes 
Anyama,,Ivory Coast,5.49,-4.05,(Chenorkian 1983),yes,, 
Assoco-Monobaha,,Ivory Coast,5.17,-3.3,(Huysecom et al. 2014),yes,, 
Balmer,,Ivory Coast,4.72,-6.64,(Chenorkian 1983),yes,,yes 
Bassa,,Ivory Coast,4.91,-6.15,(Chenorkian 1983),yes,,yes 
Bereby,,Ivory Coast,4.65,-6.92,(Chenorkian 1983),yes,,yes 
Bingerville highway ,,Ivory Coast,5.35,-3.88,(Chenorkian 1983; McIntosh and McIntosh 1986b),yes,, 
Ehoussou,,Ivory Coast,5.24,-3.26,(Chenorkian 1983),yes,,yes 
Essankro,,Ivory Coast,5.19,-3.35,(Huysecom et al. 2014),yes,, 
Grand Bassam,,Ivory Coast,5.23,-3.73,(Chenorkian 1983),yes,, 
Grand Lahou,,Ivory Coast,5.14,-5.03,(Chenorkian 1983),yes,,yes 
Kong,,Ivory Coast,9.17,-4.5,(Sutton 1982),yes,, 
Monobaha canal,,Ivory Coast,5.15,-3.3,(Chenorkian 1983),yes,, 
N'Gaty,,Ivory Coast,5.3,-4.34,(Chenorkian 1983; McIntosh and McIntosh 1986b),yes,,yes 
Nyamwan,,Ivory Coast,5.18,-3.29,(Chenorkian 1983; McIntosh and McIntosh 1986b),yes,yes,yes 
Siola 1000,Syola (in google),Ivory Coast,9.86,-7.45,(Oslisly 1993),yes,, 
Siola 2000,Syola (in google),Ivory Coast,9.86,-7.45,(Huysecom et al. 2014),yes,, 
Siola 4000,Syola (in google),Ivory Coast,9.85,-7.43,(Oslisly 1993),yes,, 
Songon Dagbe,,Ivory Coast,5.31,-4.23,(Chenorkian 1983),yes,,yes 
Songon Kassemble,,Ivory Coast,5.31,-4.21,(Chenorkian 1983),yes,,yes 
Teneguela (Ténéguéla),,Ivory Coast,8.98,-4.5,(Sutton 1982),yes,, 
Tchotchoraf,Dabou Tchotchoraf,Ivory Coast,5.31,-4.38,(Chenorkian 1983; McIntosh and McIntosh 1986b),yes,,yes 
Tiebiessou,,Ivory Coast,5.35,-4.89,(Chenorkian 1983),yes,,yes 
FhBp2,,Liberia,8.23,-10.16,(D’Andrea et al. 2006; Gabel 1976; Livingstone Smith 2007),yes,,
FhBp5,,Liberia,8.23,-10.16,(Gabel 1976),,,
FkBv1 (Sopie),,Liberia,7.31,-8.68,(D’Andrea and Casey 2002; Gabel 1976),yes,yes,
FoBm11,,Liberia,6.4,-10.76,(Gabel 1976),,,
FoBm13,,Liberia,6.4,-10.76,(Gabel 1976),,,
FoBm17,,Liberia,6.4,-10.81,(Gabel 1976),,,
FoBm9,,Liberia,6.4,-10.77,(Gabel 1976),,,
FoBn2,,Liberia,6.28,-10.7,(Gabel 1976),,,
FpBn7,,Liberia,6.31,-10.66,(Gabel 1976),,,
FpBo1,,Liberia,6.11,-10.36,(Gabel 1976),,,
Kokasu ,,Liberia,8.3,-10.1,(D’Andrea et al. 2006; Gabel 1976; Livingstone Smith 2007; Posnansky and McIntosh 1976),yes,yes, 
Kpotomai,,Liberia,8.23,-9.94,(Posnansky and McIntosh 1976),yes,, 
Russwurm Island cemetery,,Liberia,4.37,-7.73,(Posnansky and McIntosh 1976),yes,, 
Sopie,,Liberia,7.38,-8.59,(Gabel 1976; Gabel et al. 1975; Posnansky and McIntosh 1976),yes,yes,
USGS1970a,Site name could be Kapebli ,Liberia,6.51,-10.92,(Gabel et al. 1975),yes,,
USGS1970b,Site name could be Kapebli,Liberia,6.51,-10.93,(Gabel et al. 1975),yes,,
Akumbu,,Mali,15.01,-5.49,(Mayor et al. 2005) (Togola 1993),yes,,yes
Ama Balagina,,Mali,14.1,-3.73,(Huysecom et al. 2001),,, 
Ama balaginna,A1 - escarpment,Mali,14.1,-3.73,(Huysecom et al. 2001; Huysecom et al. 2015),yes,,
Ambere-Dougon,seno plain,Mali,14.28,-3.22,(Breunig and Rupp 2016; Huysecom et al. 2015),yes,,
Arouane ,,Mali,18.87,-3.5,(Jousse 2004; Linseele 2007),yes,,yes 
Balagina,Ethnohistorical study,Mali,14.11,-3.62,(Huysecom et al. 2015),,,
Campement,Ounjougou site complex,Mali,14.41,-3.52,(Breunig and Rupp 2016),,, 
Damassogou,seno plain,Mali,14.27,-3.22,(Breunig and Rupp 2016; Huysecom et al. 2015),yes,,
Damatoumou,plateau - near Ounjougou,Mali,14.39,-3.5,(Huysecom et al. 2006; Huysecom et al. 2008; Soriano et al. 2010),yes,,
Damatoumou sud,,Mali,14.41,-3.52,(Breunig and Rupp 2016),,, 
Dangandouloun,Dagandouloun,Mali,14.43,-3.45,(Huysecom et al. 2015; Mayor et al. 2005; Robion-Brunner 2008),yes,yes,
Dari ,Ethnohistorical study,Mali,14.37,-4.76,(Huysecom et al. 2015),,,
Dia,,Mali,14.32,-4.96,(Bedaux et al. 2001; Bedaux 2005; Kahlheber 2004),,yes,
Dia-Mara,,Mali,13.43,-6.28,(Bedaux 2005),,yes, 
Dia-Shoma,,Mali,14.35,-4.96,(Bedaux et al. 2001; Linseele 2007),yes,yes, 
Diabeli Peul IV,,Mali,14.1,-3.63,(Breunig and Rupp 2016; Huysecom et al. 2015),,, 
Diabeli-Peul,Ethnohistorical study,Mali,14.1,-3.63,(Huysecom et al. 2015),yes,,
Douna-pey,,Mali,14.41,-2.85,(Huysecom et al. 2008),,, 
Dourou-boro,escarpment,Mali,14.29,-3.44,(Breunig and Rupp 2016; Huysecom et al. 2015),yes,,
Ebelelit,EB07,Mali,17.16,-0.14,(Manning et al. 2011; Manning and Timpson 2014),yes,yes, 
El Oualadji,,Mali,16.25,-3.5,(Manning and Timpson 2014; McIntosh and McIntosh 1986b),yes,, 
Er Negf,EN07,Mali,17.39,0.16,(Manning et al. 2011; Manning and Timpson 2014),yes,yes, 
Erg Ine Sakane ,MK42,Mali,20.56,-0.86,(Jousse 2004; Manning and Timpson 2014),yes,, 
Erg Ine Sakane Region,?,Mali,19.93,-0.67,(Linseele 2007; McIntosh and McIntosh 1986b),yes,, 
Essouk,,Mali,18.77,1.19,(Clist 2005),yes,yes, 
Famanbougou,,Mali,11.9,-7.3,(Calvocoressi and David 1979),yes,, 
Fanfannyégèné I ,,Mali,13.8,-8.98,(Dupré and Pinçon 1997),yes,, 
Farabana,Fort d'Orléans,Mali,14.18,-11.92,(Huysecom et al. 2014),yes,, 
Fiko,,Mali,14.46,-3.9,(Huysecom et al. 2001; Huysecom et al. 2015; Robion-Brunner 2008),yes,yes,
Fiko Sud,Fiko sud,Mali,14.44,-3.9,(Breunig and Rupp 2016),yes,, 
Gadei,Gao-Gadei,Mali,16.3,-0.03,(Cook 2000; Insoll 1997; Linseele 2007),yes,,yes
Gao Ancien,,Mali,16.29,-0.04,(Cissé et al. 2013; Insoll 1997; Linseele 2007),yes,yes,
Gao Saney,,Mali,16.29,0.02,(Breunig and Rupp 2016; Cissé et al. 2013; Huysecom et al. 2015; Insoll 1997; Linseele 2007),yes,yes,yes
Golobountai,plateau,Mali,14.39,-3.48,(Huysecom et al. 2001; Huysecom et al. 2015),yes,,
Grottes de Sanga,,Mali,14.42,-3.29,(Robion-Brunner 2008; Willett 1971),yes,,
Gumbessugo,Kema-Gumbessugo (Goumbessougo),Mali,14.41,-3.83,(Huysecom et al. 2001),yes,yes,
Hamdallahi,,Mali,14.29,-4.09,(Gallay et al. 1990),,, 
Hassi-el-Abiod,"MN 18, 24, 26, 43 and others? ",Mali,19.16,-3.75,(Jousse 2004; Linseele 2007; Manning and Timpson 2014),yes,,yes 
Hombori,,Mali,15.21,-1.69,(Mayor et al. 2005),,, 
Jenne-Jeno,,Mali,13.89,-4.54,(Calvocoressi and David 1979; Huysecom et al. 2015; Kahlheber 2004; Linseele 2007; McIntosh 1998; McIntosh and McIntosh 1981; McIntosh 1995; McIntosh 1999; McIntosh and McIntosh 1986b; McIntosh and McIntosh 2001; Sutton 1982),yes,yes,yes
Jsmagamag,JS07-1/-2,Mali,17.39,0.16,(Manning et al. 2011; Manning and Timpson 2014),yes,yes, 
Kakoli,,Mali,14.49,-3.89,(Huysecom et al. 2001),,, 
Karkarichinkat Nord,,Mali,17.16,-0.14,(D’Andrea and Casey 2002; Kahlheber 2004; Manning et al. 2011; Manning and Timpson 2014),yes,yes, 
Karkarichinkat Sud,,Mali,17.16,-0.14,(D’Andrea and Casey 2002; Manning et al. 2011; Manning and Timpson 2014),yes,yes, 
Kawinza,,Mali,15.75,-4.5,(Manning and Timpson 2014; McIntosh and McIntosh 1986b),yes,, 
Keli Sogou,Ounjougou site complex,Mali,14.4,-3.53,(Ozainne 2013),yes,, 
Kéma,Kema Village,Mali,14.42,-3.81,(Huysecom et al. 2001),yes,,
Kéma Koundiouli,,Mali,14.41,-3.81,(Huysecom et al. 2001; Huysecom et al. 2015),yes,yes,
Kendjé,,Mali,14.46,-3.93,(Huysecom et al. 2015),yes,,
Kobadi,,Mali,15.46,-5.52,(Jousse 2004; Linseele 2007; Manning and Timpson 2014; Posnansky and McIntosh 1976),yes,,yes 
Kobo,,Mali,13.91,-3.86,(Oslisly 1993),,, 
Kokolo,Kokolo Nord,Mali,14.41,-3.54,(Huysecom et al. 2001; Huysecom et al. 2015; Ozainne 2013),yes,,
Kolima,,Mali,15.33,-5.42,(Manning and Timpson 2014; McIntosh and McIntosh 1986b),yes,, 
Kolima-Sud,,Mali,15.44,-5.41,(Linseele 2007),yes,yes,yes 
Korounkorakolé,,Mali,12.04,-8.46,(Linseele 2007),yes,, 
Koukia,,Mali,15.95,0.24,(Mayor et al. 2005),,, 
Koussane,,Mali,14.89,-11.23,(Oslisly 1993),yes,, 
Kowa,plateau,Mali,14.49,-4.02,(Huysecom et al. 2001; Huysecom et al. 2015),yes,, 
Lagreich,,Mali,16.98,1.16,(Peregrine and Ember 2001),,, 
Manianbougou,,Mali,12.58,-8.03,(Dupré and Pinçon 1997),yes,, 
Mema region,,Mali,15.17,-5.02,(Makaske et al. 2007; Sutton 1982; Takezawa and Cisse 2001; Togola 1993),yes,,
Modjodje,,Mali,14.14,-3.99,(Huysecom et al. 2001),,, 
Mouyssam II,KNT 2,Mali,16.86,-2.22,(Linseele 2007),yes,, 
Ngomi,,Mali,14.5,-4.33,(Calvocoressi and David 1979),yes,, 
Nienebo,Ethnohistorical study,Mali,14.07,-3.59,(Huysecom et al. 2015),,,
Nin-Bère 1,seno plain,Mali,14.27,-3.2,(Huysecom et al. 2015; Robion-Brunner 2008),yes,,
Nin-Bèrè 3,seno plain,Mali,14.27,-3.19,(Huysecom et al. 2015),yes,,yes
Nokara,,Mali,15.11,-2.37,(Calvocoressi and David 1979; Sutton 1982),yes,yes, 
Orosobo,Ounjougou site complex,Mali,14.42,-3.53,(Ozainne et al. 2017),,, 
Orosogou,Ounjougou site complex,Mali,14.39,-3.49,(Huysecom et al. 2015; Mayor et al. 2005; Ozainne et al. 2017; Robion-Brunner 2008),yes,,
Oumounaama Atelier,Ounjougou site complex,Mali,14.41,-3.53,(Ozainne et al. 2017),,, 
Oumounaama Ouest,Ounjougou site complex,Mali,14.41,-3.53,(Ozainne et al. 2017),,, 
Ounjougou site complex,summary of regional developments,Mali,14.41,-3.52,(Ozainne 2013; Ozainne et al. 2017),,yes,
Pegue Grotte A,escarpment,Mali,14.44,-3.3,(Huysecom et al. 2015; Ozainne et al. 2017),yes,,
Promontoire d’Ounjougou,Ounjougou site complex,Mali,14.41,-3.53,(Huysecom et al. 2015; Mayor et al. 2005; Ozainne 2013; Ozainne et al. 2017; Robion-Brunner 2008),yes,,
Ravin de la Mouche,Ounjougou site complex,Mali,14.41,-3.53,(Ozainne et al. 2017),yes,, 
Ravin de la vipere,Ounjougou site complex,Mali,14.41,-3.53,(Ozainne et al. 2017),,, 
Ravin du Balanites,Ounjougou site complex,Mali,14.41,-3.52,(Ozainne et al. 2017),,, 
Ravin du Hibou,Ounjougou site complex,Mali,14.41,-3.53,(Ozainne 2013; Ozainne et al. 2017),yes,, 
Ravin du Pont,Ounjougou site complex,Mali,14.39,-3.5,(Huysecom et al. 2016; Huysecom et al. 2015; Ozainne et al. 2017),yes,, 
Ravin du Rônier CP3,Ounjougou site complex,Mali,14.41,-3.52,(Huysecom et al. 2016; Huysecom et al. 2008; Ozainne 2013; Ozainne et al. 2017),yes,, 
Ravin du Vitex,Ounjougou site complex,Mali,14.41,-3.52,(Huysecom et al. 2016; Ozainne et al. 2017),,, 
Ravin Sud CP 1,Ounjougou site complex,Mali,14.41,-3.53,(Huysecom et al. 2014; Huysecom et al. 2008; Ozainne et al. 2017),yes,, 
Rive droite coupe 9,Ounjougou site complex,Mali,14.41,-3.52,(Huysecom et al. 2014; Ozainne et al. 2017),,, 
Rive gauche coupe 13,Ounjougou site complex,Mali,14.41,-3.52,(Huysecom et al. 2014; Ozainne et al. 2017),,, 
Rive gauche coupe 6,Ounjougou site complex,Mali,14.41,-3.52,(Huysecom et al. 2014; Ozainne et al. 2017),,, 
Rive gauche coupe 9,Ounjougou site complex,Mali,14.41,-3.52,(Huysecom et al. 2014; Ozainne et al. 2017),,, 
Rive gauche coupes 1 and 4,Ounjougou site complex,Mali,14.41,-3.52,(Huysecom et al. 2014; Ozainne et al. 2017),,, 
Sadia,Sadia I - V,Mali,14.07,-3.6,(Huysecom et al. 2015; Huysecom et al. 2011),yes,yes,yes
Sadia-Dogon,Ethnohistorical study,Mali,14.09,-3.61,(Huysecom et al. 2015; Huysecom et al. 2012b),,,
Sadia-Peul,Ethnohistorical study,Mali,14.09,-3.62,(Huysecom et al. 2015),,,
Sagourou,seno plain,Mali,14.2,-3.39,(Huysecom et al. 2015; Ozainne et al. 2017),yes,,
Simi 1 (S1),Ounjougou site complex,Mali,14.42,-3.53,(Huysecom et al. 2015; Ozainne et al. 2017),,,
Simi 2 (S2),Ounjougou site complex,Mali,14.42,-3.52,(Ozainne et al. 2017),,,
Site AA,Ounjougou site complex,Mali,14.41,-3.52,(Huysecom et al. 2014; Ozainne 2013; Ozainne et al. 2017),yes,, 
Songona,seno plain,Mali,14.29,-3.42,(Huysecom et al. 2015; Ozainne et al. 2017; Robion-Brunner 2008),yes,,
Sorotomo,,Mali,13.43,-6.28,(MacDonald et al. 2011),,yes, 
Sougou Téré,Ethnohistorical study,Mali,14.13,-3.61,(Huysecom et al. 2015),,,
Tadmekka,,Mali,18.77,1.19,(Oslisly 1993),,, 
Termitiere,Ounjougou site complex,Mali,14.41,-3.53,(Huysecom et al. 2014),,, 
Tiabel Goudiodé,,Mali,15.08,-4.77,(Linseele 2007),yes,,yes 
Tiboubija,TB07,Mali,17.16,-0.14,(Manning et al. 2011; Manning and Timpson 2014),yes,, 
Tiebala,,Mali,13.68,-5.41,(Delibrias et al. 1970; McIntosh 1995),yes,, 
Timbuktu,,Mali,16.75,-3,(Insoll 1998; McIntosh and McIntosh 1986a; Post Park 2009; Post Park 2011),,, 
Tin Alhar,TA07,Mali,17.15,-0.14,(Manning et al. 2011; Manning and Timpson 2014),yes,, 
Tin Guettaï,AR6 ?,Mali,19.27,-3.54,(Dupré and Pinçon 1997; Manning and Timpson 2014),yes,, 
Tissalaten,,Mali,16.25,-4.58,(Manning and Timpson 2014; McIntosh and McIntosh 1986b),yes,, 
To,,Mali,14.41,-3.88,(Huysecom et al. 2001),,, 
Toguéré Doupwil,,Mali,14.53,-4.04,(Bedaux et al. 1978; Calvocoressi and David 1979; Kahlheber 2004; Linseele 2007; Sutton 1982),yes,, 
Toguéré Galia,,Mali,13.86,-4.42,(Bedaux et al. 1978; Calvocoressi and David 1979; Kahlheber 2004; Linseele 2007; Sutton 1982),yes,, 
Tombouze 1,TBZ1,Mali,16.73,-2.93,(Breunig and Rupp 2016),,,yes 
Tondidarou,,Mali,16,-4.17,(Manning and Timpson 2014; McIntosh and McIntosh 1986b),yes,, 
Tongo Maaré Diabel,,Mali,15.03,-2.94,(Gestrich and MacDonald 2018; Kahlheber 2004; Linseele 2007),yes,, 
Toyla,,Mali,16.27,-3.45,(McIntosh and McIntosh 1986b),yes,, 
Tyi-Jo,escarpment,Mali,13.93,-3.78,(Huysecom et al. 2015),yes,,
Varves,Ounjougou site complex,Mali,14.41,-3.52,(Huysecom et al. 2014; Mayor et al. 2005; Ozainne 2013),yes,, 
Varves Ouest,Ounjougou site complex,Mali,14.41,-3.52,(Huysecom et al. 2014; Huysecom et al. 2008),yes,yes, 
Wana,Ethnohistorical study,Mali,14.13,-3.6,(Huysecom et al. 2015),,,
West Tessalit,MN 51,Mali,20.3,0.76,(Jousse 2004; Linseele 2007),yes,, 
Winde Koroji Complex,WKO,Mali,15.13,-2.93,(MacDonald 1996),yes,yes, 
Windé Koroji Ouest,,Mali,15.13,-2.93,(Kahlheber 2004; Linseele 2007; MacDonald et al. 2017),yes,yes, 
Windé Koroji Sud-Ouest,,Mali,15.13,-2.93,(Linseele 2007),yes,,yes 
Yawa dunes P66,escarpment - YAD 66,Mali,14.29,-3.42,(Huysecom et al. 2008),yes,,
Yawa-vaches,escarpment,Mali,14.3,-3.42,(Huysecom et al. 2015; Huysecom et al. 2008),yes,,
Zampia Nord,Zampia Nord,Mali,15.11,-2.94,(Linseele 2007),yes,, 
Aftout Targue,,Mauritania,18.08,-15.67,(Manning and Timpson 2014),yes,, 
Aftout Targue nord,,Mauritania,18.1,-15.67,(Manning and Timpson 2014),yes,, 
Akjoujt,,Mauritania,19.75,-14.58,(Delibrias et al. 1986; Posnansky and McIntosh 1976),yes,, 
Akjoujt grotte,,Mauritania,19.75,-14.42,(Manning and Timpson 2014; McIntosh and McIntosh 1986b),yes,, 
Akreidil,,Mauritania,18.4,-15.67,(Manning and Timpson 2014),yes,, 
Amourj Ouest,,Mauritania,16.1,-7.22,(MacDonald et al. 2009),,, 
Amzingui I,,Mauritania,16.47,-7.67,(MacDonald et al. 2009),,, 
Amzingui II,,Mauritania,16.47,-7.67,(MacDonald et al. 2009),,, 
Amzingui III,,Mauritania,16.39,-7.72,(MacDonald et al. 2009),,, 
Azugi,"Azougui, azougi",Mauritania,20.5,-13.17,(Manning and Timpson 2014; McIntosh and McIntosh 1986b),yes,, 
Baie Saint-Jean,,Mauritania,19.42,-16.33,(Calvocoressi and David 1979; McIntosh and McIntosh 1986b),yes,,yes 
Bledd Initi,Tichitt site 3,Mauritania,18.44,-9.42,(Linseele 2007; Manning and Timpson 2014; Willett 1971),yes,, 
Bou Bteiah I,,Mauritania,16.39,-7.08,(MacDonald et al. 2003; MacDonald et al. 2009),,, 
Bou Bteiah II,,Mauritania,16.38,-7.07,(MacDonald et al. 2009),,, 
Bou Bteiah III,,Mauritania,16.39,-7.07,(MacDonald et al. 2009),,, 
Boû Khuâmâ II,Bou Khzama II ,Mauritania,16.73,-7.27,(MacDonald et al. 2009),yes,yes, 
Bou Khzama ,,Mauritania,16.67,-7.27,(Jousse 2004; Linseele 2007; MacDonald et al. 2003; Manning and Timpson 2014),yes,yes, 
Bou Khzama I,,Mauritania,16.77,-7.27,(MacDonald et al. 2009),,, 
Bou Khzama III,,Mauritania,16.72,-7.27,(MacDonald et al. 2009),,, 
Cap Tafarit,,Mauritania,20.16,-16.21,(Calvocoressi and David 1979),yes,,yes 
Cap Timiris,,Mauritania,19.38,-16.53,(Calvocoressi and David 1979),,,yes 
Chami,,Mauritania,20.12,-15.92,(Calvocoressi and David 1979; Linseele 2007; Posnansky and McIntosh 1976),yes,,yes 
Dhar Nema,,Mauritania,16.74,-7.27,(Jousse 2004; Kahlheber 2004; MacDonald et al. 2003),,,yes
Dhar Tichitt,Default central location for data from Dhar Tichitt sites with unknown coordinates,Mauritania,18.37,-9.4,(D’Andrea and Casey 2002; Holl 2009a; Jousse 2006; Linseele 2007; Manning and Timpson 2014),yes,yes,yes 
Dhar Walata,,Mauritania,17.25,-7.1,(Breunig and Rupp 2016; Kahlheber 2004),,yes,
Dhraina,,Mauritania,18.99,-15.25,(Manning and Timpson 2014; McIntosh and McIntosh 1986b),yes,, 
Diadé,,Mauritania,16.2,-7.4,(MacDonald et al. 2003; MacDonald et al. 2009),,, 
Djiganyai,,Mauritania,16.32,-7.23,(MacDonald et al. 2003; MacDonald et al. 2009; Manning and Timpson 2014),yes,yes,yes 
Ejijelé I,,Mauritania,16.73,-7.28,(MacDonald et al. 2009),,, 
Ejijelé II,,Mauritania,16.73,-7.28,(MacDonald et al. 2009),,, 
El Borbou,,Mauritania,16.38,-7.74,(MacDonald et al. 2009),,, 
Elb Lehnoucha,DN 64,Mauritania,16.85,-7.54,(Dupré and Pinçon 1997),yes,, 
Gedida,DN 48,Mauritania,16.78,-7.36,(Dupré and Pinçon 1997),yes,, 
Goungou,Dhar Tichitt site 45,Mauritania,18.35,-9.2,(Manning and Timpson 2014),yes,, 
Goungou A,Dhar Tichitt site 45,Mauritania,18.35,-9.2,(Willett 1971),yes,, 
Goungou B,Dhar Tichitt site 45,Mauritania,18.35,-9.2,(Willett 1971),yes,, 
Grotte aux Chauves-souris,,Mauritania,19.75,-14.58,(Calvocoressi and David 1979; McIntosh and McIntosh 1986b; Willett 1971),yes,, 
Iouik,,Mauritania,19.87,-16.23,(Calvocoressi and David 1979; Manning and Timpson 2014),,,yes 
Khatt Lemaiteg,,Mauritania,19.2,-14.75,(Dupré and Pinçon 1997; McIntosh and McIntosh 1986b),yes,, 
Koumbi Saleh,,Mauritania,15.82,-7.99,(Calvocoressi and David 1979; Manning and Timpson 2014; McIntosh and McIntosh 1986b; Sutton 1982),yes,,
Le Baidha I,Tichitt site 12 : V74,Mauritania,18.39,-9.13,(Willett 1971),yes,, 
Lemdena,,Mauritania,19.28,-14.5,(Calvocoressi and David 1979; Posnansky and McIntosh 1976),yes,, 
Naghez,Site 30 : V62,Mauritania,18.35,-9.19,(Willett 1971),yes,, 
Ngadi,DN 50,Mauritania,16.64,-7.25,(Dupré and Pinçon 1997),yes,, 
Nouadouar,DN 10,Mauritania,16.86,-7.37,(Dupré and Pinçon 1997),yes,, 
Nouakchott,KN2,Mauritania,18.03,-15.93,(Manning and Timpson 2014; McIntosh and McIntosh 1986b),yes,, 
Oued Amourj I,,Mauritania,16.22,-7.25,(MacDonald et al. 2009),,, 
Oued Amourj II,,Mauritania,16.13,-7.22,(MacDonald et al. 2009),,, 
Oued Amourj III,,Mauritania,16.2,-7.23,(MacDonald et al. 2009),,, 
Oued Chebi,Dhar Walata v. 157; chebbi,Mauritania,18.1,-8.09,(Kahlheber 2004; Manning and Timpson 2014),yes,yes, 
Saïlé I,,Mauritania,16.49,-7.08,(MacDonald et al. 2009),,, 
Saïlé IIa,,Mauritania,16.5,-7.07,(MacDonald et al. 2009),,, 
Saïlé IIb,,Mauritania,16.5,-7.07,(MacDonald et al. 2009),,, 
Saïlé III,,Mauritania,16.5,-7.07,(MacDonald et al. 2009),,, 
Saïlé IV,,Mauritania,16.5,-7.07,(MacDonald et al. 2009),,, 
Saïlé V,,Mauritania,16.5,-7.07,(MacDonald et al. 2009),,, 
Seyyid Ouinquil,Site 38 : village 72,Mauritania,18.37,-9.16,(Willett 1971),yes,,yes 
Silla,,Mauritania,16.12,-13.62,(Atangana 1992),yes,, 
Taidart II,Site 4 : V15,Mauritania,18.44,-9.41,(Willett 1971),yes,, 
Tegdaoust,Awghadoust sp?,Mauritania,17.42,-10.42,(Calvocoressi and David 1979; Linseele 2007; McIntosh and McIntosh 1986b; Posnansky and McIntosh 1976),yes,, 
Teneswillim sud,,Mauritania,18.05,-15.97,(Dupré and Pinçon 1997),yes,, 
Tenioubrar,,Mauritania,19.2,-16.05,(Linseele 2007),yes,, 
Tichitt V149,Dhar Tichitt,Mauritania,18.39,-8.52,(Manning and Timpson 2014),yes,, 
Zweïma,,Mauritania,16.25,-7.08,(MacDonald et al. 2009),,, 
"AB10, Diatom. 1",,Niger,20.37,9.28,(Haour 2003),yes,, 
Achegour 25km SW,,Niger,18.85,11.6,(Manning and Timpson 2014),yes,, 
Aderantarat,,Niger,17.51,4.96,(Haour 2003),yes,, 
Adrar Bous,general site name including all Ns,Niger,20.37,9.28,(Calvocoressi and David 1979; Clark 1976; Haour 2003; Jousse 2006; Linseele 2007; McIntosh and McIntosh 1986b),yes,yes,yes 
Adrar N Kiffi,"Adrar N'Kiffi, N1, N3, and S1",Niger,20.37,9.28,(Haour 2003),yes,,yes 
Afnuk,,Niger,16.55,7.04,(Haour 2003),yes,, 
Afunfun,Afounfoun,Niger,16.72,7.94,(Haour 2003; McIntosh and McIntosh 1986b; Sutton 1982),yes,,yes 
Agades,,Niger,16.97,7.96,(Haour 2003),yes,, 
Aghroum Balkorène,,Niger,17.09,8.01,(Calvocoressi and David 1979; Haour 2003),yes,, 
Aktaouzou ,site 178,Niger,16.58,8.15,(Manning and Timpson 2014; Sutton 1982),yes,, 
Anisaman,,Niger,17.47,6.5,(Calvocoressi and David 1979; Haour 2003),yes,, 
Areschima,,Niger,18.31,9.47,(Calvocoressi and David 1979; Haour 2003),yes,, 
Arlit,,Niger,18.73,7.38,(Calvocoressi and David 1979; Delibrias et al. 1986; Haour 2003),yes,,yes 
Asaqaru,Asaqura,Niger,17.47,6.5,(Haour 2003; McIntosh and McIntosh 1986b),yes,, 
Assode,,Niger,18.22,8.34,(Haour 2003),yes,, 
Awalawalt,,Niger,19.06,6.81,(Haour 2003),yes,, 
Azelik,,Niger,17.47,6.5,(Calvocoressi and David 1979; Haour 2003; Lanfranchi and Clist 1991; McIntosh and McIntosh 1986b; Posnansky and McIntosh 1976),yes,, 
Azrou,,Niger,20.39,8.79,(Haour 2003),yes,, 
Bani Bangou,,Niger,14.89,2.55,(Haour 2003),yes,, 
Banizoumbou,,Niger,13.53,2.66,(Guillon 2013a),,, 
BFD08F1-3,,Niger,13.01,2.85,(Guillon 2013b; Guillon et al. 2013),yes,, 
BFD08F4,,Niger,13.52,2.23,(Guillon 2013b),yes,, 
BFD08F5-1,,Niger,13.52,2.23,(Guillon 2013b),yes,, 
Bilma,,Niger,18.26,13.1,(Haour 2003),,, 
Bilma 33,,Niger,18.56,12.03,(Huysecom et al. 2014),yes,, 
Birnin Garafa,,Niger,13.69,10.37,(Haour 2003),yes,, 
BKW08F1-7,,Niger,13.52,2.3,(Guillon 2013b),yes,, 
BNG08F1-1,-1 and -2,Niger,13.01,2.85,(Guillon 2013b),yes,, 
BNZ08F2-1,,Niger,13.54,2.66,(Guillon 2013b),yes,, 
BNZ08F3-1,,Niger,13.53,2.66,(Guillon 2013b),yes,, 
Bura,,Niger,14.24,0.92,(Haour 2003),yes,, 
Chin Tafidet,,Niger,17.45,6.21,(Haour 2003; Linseele 2007; McIntosh and McIntosh 1986b),yes,,yes 
Chin Wasadan,,Niger,17.47,6.5,(Haour 2003),yes,, 
Chin Wasararan,,Niger,16.4,7.87,(Haour 2003; Sutton 1982),yes,, 
Do Dimmi ,,Niger,16.42,11.33,(Calvocoressi and David 1979; Haour 2003; Holl 2009b),yes,, 
Dogonboulo,,Niger,17.91,10.93,(Haour 2003),yes,, 
Efey Waschran,,Niger,16.4,7.87,(Haour 2003; Sutton 1982),yes,, 
Egaro,,Niger,16.68,10.15,(Haour 2003),yes,, 
Ekne wan Ataram,,Niger,16.4,7.87,(Haour 2003; Sutton 1982),yes,, 
Ekouloulef,,Niger,18.29,8.57,(Haour 2003),yes,, 
Fachi,,Niger,17.91,10.93,(Haour 2003),yes,, 
Fagochia,,Niger,17.47,6.5,(Calvocoressi and David 1979; Haour 2003),yes,, 
Gabu,,Niger,14.87,0.74,(Haour 2003),yes,, 
Gara Tchia Bo,,Niger,16.31,11.18,(Haour 2003; Holl 2009b),yes,, 
Garbel Zeeno,,Niger,13.5,2.23,(Guillon 2013a),,, 
Garumele,Garoumalé,Niger,14.11,12.97,(Haour and Gado 2006; Linseele and Haour 2010),yes,yes,yes
GB08F1-7,,Niger,13.51,2.24,(Guillon 2013b),yes,, 
GB08F11-2,,Niger,13.49,2.24,(Guillon 2013b),yes,, 
GB08F14-2,,Niger,13.49,2.24,(Guillon 2013b),yes,, 
GB08F15-4,,Niger,13.49,2.24,(Guillon 2013b),yes,, 
GB08F16-2,,Niger,13.5,2.24,(Guillon 2013b),yes,, 
GB08F2-5,,Niger,13.51,2.24,(Guillon 2013b),yes,, 
GB08F5,,Niger,13.51,2.28,(Guillon 2013b),yes,, 
GB08F6,-4 and -5,Niger,13.49,2.26,(Guillon 2013b),yes,, 
GB08F9-5,,Niger,13.66,2.25,(Guillon 2013b),yes,, 
GBi09F1-2,,Niger,12.92,2.26,(Guillon 2013b),yes,, 
Goberi,,Niger,13.01,2.85,(Guillon 2013a),,, 
Gobero,,Niger,16.92,9.5,(Dupré and Pinçon 1997),yes,,yes 
Gorou Banda,,Niger,13.52,2.18,(Haour 2003),yes,, 
Gossololom,,Niger,16.31,11.18,(Haour 2003),yes,, 
Guélélé,,Niger,17.47,6.5,(Calvocoressi and David 1979; Haour 2003),yes,, 
Hidden Valley (Adrar Bous),N4,Niger,20.37,9.28,(Calvocoressi and David 1979; Haour 2003),yes,, 
Ibine,,Niger,18.65,9.35,(Haour 2003),yes,, 
Ifanghalene,,Niger,18.86,7.43,(Delibrias et al. 1986),yes,, 
Ikarafane,,Niger,15.05,2.76,(Haour 2003),yes,, 
Ikawaten,,Niger,18.6,6.53,(Haour 2003; McIntosh and McIntosh 1986b),yes,, 
Ile Boubon,Boubon,Niger,13.6,1.92,(Guillon 2013a),,, 
In Aridal,,Niger,17.93,4.57,(Haour 2003),yes,,yes 
In Tachoulen,,Niger,14.68,1.13,(Haour 2003),yes,, 
In Tamat,Tiloa Nord? ,Niger,14.88,1.96,(Dupré and Pinçon 1997),yes,, 
In Teduq,,Niger,17.54,5.45,(Haour 2003; McIntosh and McIntosh 1986b),yes,, 
In Tekebrin,,Niger,17.91,5.02,(Haour 2003),yes,, 
In Tuduf,,Niger,17.45,6.21,(Haour 2003),yes,,yes 
In Waggeur,,Niger,16.36,6.72,(Calvocoressi and David 1979; Haour 2003),yes,, 
Iwelen,,Niger,19.77,8.25,(Haour 2003),yes,, 
Izouzadene,,Niger,19.56,9.09,(Haour 2003),yes,, 
Janjari,,Niger,15.34,5.7,(Calvocoressi and David 1979; Haour 2003),yes,, 
Jola,,Niger,15.03,7.79,(Haour 2003),yes,, 
Karagu Gamdwa,,Niger,13.64,11.08,(Haour 2003),yes,, 
Kareygoru,,Niger,13.51,1.65,(Haour 2003; McIntosh and McIntosh 1986b),yes,, 
Kareygusu,,Niger,14.68,1.13,(Haour 2003),yes,, 
Kase Gorou,,Niger,14.89,2.55,(Haour 2003),yes,, 
Kirkissoy,,Niger,13.52,2.18,(Haour 2003; Manning and Timpson 2014),yes,, 
Kirkissoy,Kk-I and II,Niger,13.46,2.21,(Guillon 2013b),yes,, 
Kirkissoy-Soumana,,Niger,13.47,2.12,(Guillon 2013a),yes,yes, 
Kolo,,Niger,13.03,1.37,(De Maret 1985a; Haour 2003),yes,, 
Kufan Kanawa,,Niger,13.58,9.77,(Haour 2003),yes,, 
LG09F1-4,,Niger,13.42,2.06,(Guillon 2013b),yes,, 
LG09F2,-2/1 and 2/2,Niger,13.42,2.06,(Guillon 2013b),yes,, 
Likaderi,,Niger,13.69,10.37,(Haour 2003),yes,, 
Louguel,,Niger,13.39,2.06,(Guillon 2013a),,, 
Louguel Zeeno,,Niger,13.44,2.1,(Guillon 2013a),,, 
Madaouéla,,Niger,18.7,6.69,(Delibrias et al. 1970; Haour 2003),yes,,yes 
Mammanet,,Niger,19.28,7.04,(Haour 2003),yes,, 
Marandet,I and II,Niger,16.46,7.44,(Delibrias et al. 1986; Haour 2003),yes,yes,
Mekrou,,Niger,12.53,2.5,(Haour 2003),yes,, 
Mentes,,Niger,17.42,4.51,(Haour 2003),yes,, 
Merguigara,,Niger,20.51,12.98,(Dupré and Pinçon 1997),,, 
N1 to N3,part of Adrar Bous complex,Niger,20.37,9.28,(Haour 2003),yes,, 
Orofan,,Niger,17.26,6.59,(Haour 2003),yes,, 
Oroub,Orub ,Niger,16.46,7.44,(Calvocoressi and David 1979; Haour 2003),yes,, 
Ouaffadene,Tin Ouaffadene,Niger,20.23,9.49,(Jousse 2006; Manning and Timpson 2014),yes,,yes 
PLRD09F1-1,,Niger,13.45,2.04,(Guillon 2013a),yes,, 
Rozi,Rosi ,Niger,12.94,2.61,(Calvocoressi and David 1979; Haour 2003),yes,, 
Saga Gorou,,Niger,13.5,2.22,(Guillon 2013a),yes,, 
Saguia,,Niger,13.52,2.18,(Haour 2003),yes,, 
Sekkiret,Sekiret,Niger,17.7,6.75,(Manning and Timpson 2014),yes,, 
SG08F1-1,,Niger,13.53,2.22,(Guillon 2013b),yes,, 
SG08F3-3,,Niger,13.52,2.22,(Guillon 2013b),yes,, 
Shimumenin,,Niger,16.55,7.04,(Haour 2003; McIntosh and McIntosh 1986b),yes,, 
Soumatt,,Niger,14.89,2.55,(Haour 2003),yes,, 
Tadeliza,,Niger,17.44,7.75,(Haour 2003),yes,, 
Taferjit,,Niger,16.36,6.72,(Haour 2003; Posnansky and McIntosh 1976),yes,,yes 
Tagalagal,,Niger,17.67,8.51,(Haour 2003; McIntosh and McIntosh 1986b),yes,, 
Takene Bawat,,Niger,17.85,4.79,(Haour 2003; McIntosh and McIntosh 1986b),yes,,yes 
Talaylen,,Niger,16.55,7.04,(Calvocoressi and David 1979),yes,, 
Tamaya Mellet,,Niger,17.93,5.32,(Haour 2003; Posnansky and McIntosh 1976),yes,,yes 
Tapague,,Niger,13.27,1.54,(Haour 2003; Lanfranchi and Clist 1991),yes,, 
Tarada,,Niger,15.95,4.65,(Haour 2003),yes,, 
Tasagouacheret,,Niger,18.04,8.53,(Haour 2003),yes,, 
Tassos,,Niger,19.69,8.05,(Haour 2003),yes,, 
Tchi Guiribe,,Niger,16.31,11.18,(Haour 2003; Holl 2009b),yes,, 
Tchire Ouma,,Niger,16.31,11.18,(Haour 2003; Holl 2009b),yes,, 
Teguef n'Agar,Tegef n'Agar ,Niger,16.32,7.66,(Calvocoressi and David 1979; Haour 2003),yes,, 
Temet,,Niger,20.1,8.75,(Manning and Timpson 2014; McIntosh and McIntosh 1986b),yes,, 
Termit,,Niger,16.68,10.15,(Haour 2003; Posnansky and McIntosh 1976),yes,, 
Termit Ouest,,Niger,16.08,11.25,(Calvocoressi and David 1979; Haour 2003; Holl 2009b),yes,, 
Tézamak,,Niger,17.09,8.01,(Calvocoressi and David 1979; Haour 2003),yes,, 
Tibarakatine,,Niger,19.06,6.81,(Calvocoressi and David 1979; Delibrias et al. 1986; Haour 2003),yes,, 
Tiguermaouine,Tinguermawen ,Niger,19.06,6.81,(Calvocoressi and David 1979; Delibrias et al. 1986; Haour 2003),yes,, 
Tiguezefen,,Niger,15.05,2.76,(Haour 2003),yes,, 
Tin Farad,,Niger,14.68,1.13,(Haour 2003),yes,, 
Tondi Gamey,,Niger,13.51,2.2,(Guillon 2013a),yes,, 
Tondi Gamey paleo-lake,,Niger,13.51,2.21,(Guillon 2013a),yes,, 
Tondikware,Tondikwarey ,Niger,13.03,1.37,(Calvocoressi and David 1979; Haour 2003),yes,, 
Tuizegoru,,Niger,14.88,1.96,(Haour 2003),yes,, 
Tuluk,,Niger,17.26,6.59,(Haour 2003),yes,, 
Tyeral,,Niger,16.78,7.77,(Dupré and Pinçon 1997; Haour 2003),yes,, 
Valley of the Cow,,Niger,20.37,9.28,(Haour 2003),yes,, 
Wadi Greboun,,Niger,20.13,8.61,(Clark 1976; McIntosh and McIntosh 1983),,, 
Wedi Bangou,,Niger,15.05,2.76,(Haour 2003),yes,, 
Yasaan,,Niger,14.87,0.74,(Haour 2003),yes,, 
Yatakala,,Niger,14.58,0.52,(Haour 2003),yes,, 
Aiyelabowo,,Nigeria,7.5,4.42,(Sutton 1982),yes,, 
Ajere,,Nigeria,13.56,13.32,(Linseele 2007),,, 
Akama 1,2006/07,Nigeria,9.68,7.72,(Breunig and Rupp 2016),,, 
Akama 2,2006/08,Nigeria,9.7,7.7,(Breunig and Rupp 2016),,, 
Aku,,Nigeria,6.7,7.32,(Clist 2005),,, 
Akura,2006/01,Nigeria,9.58,7.7,(Franke 2016; Kahlheber et al. 2009),yes,yes,
Akwaya Daji,2006/09,Nigeria,9.71,7.8,(Breunig and Rupp 2016),,, 
Amban,,Nigeria,9.51,8.34,(Breunig and Rupp 2016),,, 
Ampara,,Nigeria,9.82,10.65,(Linseele 2007),,, 
Ankiring,,Nigeria,9.42,8.57,(Franke 2016; Linseele 2007),,, 
Ankoro,2011/38,Nigeria,9.77,7.69,(Breunig and Rupp 2016; Franke 2016),yes,yes,
Anzah Gida,2005/03,Nigeria,9.83,8.21,(Breunig and Rupp 2016),,, 
Apa 1,,Nigeria,6.59,2.94,(Linseele 2007),yes,yes, 
Baha Mound,,Nigeria,10.82,4.7,(Sule and Haour 2014),yes,, 
Baidesuru Furnace,2013/02,Nigeria,9.54,7.68,(Franke 2016; Junius 2016),yes,yes,
Benin,,Nigeria,6.35,5.75,(Linseele 2007),,, 
Benin City,"UI 671, 2, 3, 4, and 5",Nigeria,6.32,5.63,(Yamasaki et al. 2016),yes,,
Bidelli,,Nigeria,12.03,14.4,(Adderley et al. 2004),,,
Birnin Gazargamo,,Nigeria,12.37,11.2,(Connah 1976; Kahlheber 2004; Yamasaki et al. 2016),yes,, 
Birnin Leka,,Nigeria,11.17,7.58,(Posnansky and McIntosh 1976),yes,, 
Borno 119,,Nigeria,11.48,13.67,(Connah 1984),,, 
Bukarkurari,NA 97/33,Nigeria,11.74,13.39,(Breunig and Neumann 2002; Linseele 2007; Linseele 2010),yes,,yes
Bwari,,Nigeria,9.27,7.38,(Breunig and Rupp 2016),,, 
Choribariki,2006/02,Nigeria,9.5,8.05,(Franke 2016),yes,,
Daima,Bornu 29,Nigeria,12.18,14.6,(Connah 1976; Kahlheber 2004; Linseele 2007),yes,yes, 
Daji Gwana,2011/40,Nigeria,9.62,7.66,(Breunig and Rupp 2016; Franke 2016),yes,yes,
Daji Gwana Furnace,2013/04,Nigeria,9.62,7.66,(Breunig and Rupp 2016; Franke 2016; Junius 2016),yes,yes,
Dakko 1,2011/41,Nigeria,9.55,7.6,(Breunig and Rupp 2016; Franke 2016),yes,,
Dalla Hill,,Nigeria,12,8.53,(Calvocoressi and David 1979),yes,, 
Damaisa 2,2011/08,Nigeria,9.61,7.61,(Breunig and Rupp 2016; Franke 2016),yes,,
Damba,2012/18,Nigeria,9.55,7.68,(Franke 2016),yes,yes, 
Delimiri,,Nigeria,9.61,10.28,(Linseele 2007),,, 
Dogon Daji 1,2011/42,Nigeria,9.49,7.64,(Franke 2016),yes,yes, 
Doguwa 1,2010/01,Nigeria,9.56,7.72,(Franke 2016; Kahlheber 2004),yes,yes, 
Dorota,NA 97/13,Nigeria,11.95,13.17,(Kahlheber 2004; Linseele 2007; Linseele 2010),yes,yes,yes
Dufuna,,Nigeria,12.26,11.19,(Linseele 2007),yes,, 
Dumge A,NA 97/18,Nigeria,12.1,13.38,(Breunig and Rupp 2016; Linseele 2007; Linseele 2010),,,yes
Dutsen Kongba,"I, II",Nigeria,9.77,8.78,(Calvocoressi and David 1979),yes,, 
Dutsen Rema,2011/44,Nigeria,9.58,7.69,(Franke 2016; Kahlheber 2004),yes,, 
Elkido North,NA 99/75,Nigeria,12.04,13.25,(Kahlheber 2004; Linseele 2007),yes,yes,yes
Ezi-Ukwu Ukpa I,,Nigeria,5.91,7.94,(Calvocoressi and David 1979),yes,, 
Gagava Nawayanda Amthe,BI19 (or B119?),Nigeria,11.21,13.8,(Connah 1984; McIntosh and McIntosh 1986b),yes,, 
Gajiganna,,Nigeria,12.26,13.29,(D’Andrea and Casey 2002; Kahlheber 2004; Klee and Zach 1999),,yes,
Gajiganna A,NA 90/5 A,Nigeria,12.26,13.29,(Breunig and Neumann 2002; Breunig and Rupp 2016; Kahlheber 2004; Linseele 2007) ,yes,yes,yes
Gajiganna BI,NA 90/5BI,Nigeria,12.26,13.29,(Breunig and Neumann 2002; Breunig and Rupp 2016; Kahlheber 2004; Linseele 2007),yes,yes,yes
Gajiganna BII,NA 90/5BII,Nigeria,12.26,13.29,(Breunig and Neumann 2002; Breunig and Rupp 2016; Kahlheber 2004; Linseele 2007),yes,yes,yes
Gajiganna C,NA 90/5C,Nigeria,12.26,13.29,(Breunig and Neumann 2002; Breunig and Rupp 2016; Kahlheber 2004; Linseele 2007),yes,,yes
Gajiganna D,NA 90/5D,Nigeria,12.26,13.29,(Breunig and Neumann 2002; Breunig and Rupp 2016; Kahlheber 2004; Linseele 2007),yes,,
Galaga,NA 92/2C,Nigeria,12.35,13.3,(Linseele 2007),yes,,yes
Ghwa Kiva,PMW 744,Nigeria,11.2,13.78,(Holl 2009b; MacEachern 1996; MacEachern 2012a),yes,,yes
Ghwa Masogo,PMW 756,Nigeria,11.04,13.59,(MacEachern 2012a),yes,,
Gidan Danazumi,2010/02,Nigeria,9.59,7.67,(Franke 2016; Kahlheber 2004),yes,yes, 
Gidan Hardo,2011/84,Nigeria,9.54,7.63,(Breunig and Rupp 2016),,, 
Gilgila,NA 99/65,Nigeria,12.19,13.21,(Breunig and Rupp 2016; Linseele 2007),yes,,yes
Gimba,2011/46,Nigeria,9.57,7.69,(Franke 2016),yes,yes, 
Gona Kishemi,2011/47,Nigeria,9.54,7.68,(Franke 2016),yes,, 
Iddah 1,2005/04,Nigeria,9.41,7.33,(Kahlheber et al. 2009),,, 
Iddah 2,2005/05,Nigeria,9.4,7.36,(Kahlheber et al. 2009),,, 
Iddah 3,2005/01,Nigeria,9.4,7.38,(Franke 2016),yes,, 
Ido,2009/01,Nigeria,9.56,7.67,(Franke 2016; Linseele 2007),yes,yes, 
Idu iyas,,Nigeria,6.18,5.78,(Sutton 1982),yes,, 
Ifana,2011/48,Nigeria,9.54,7.69,(Franke 2016; Linseele 2007),yes,yes, 
Iffe-Ijumu,Ufe Ijumu,Nigeria,7.75,5.8,(Posnansky and McIntosh 1976),yes,yes, 
Igbo-Ukwu,,Nigeria,6.08,7.27,(McIntosh and McIntosh 1986b; Sutton 1991),yes,, 
Ile-Ife,,Nigeria,7.48,4.57,(Willett 1971),yes,,
Intini,2010/03,Nigeria,9.59,7.65,(Franke 2016; Junius 2016),yes,, 
Ise Dura,,Nigeria,6.92,9.25,(Calvocoressi and David 1979),yes,, 
Ita Yemoo,,Nigeria,7.48,4.4,(Calvocoressi and David 1979; Willett 1971),yes,, 
Itaakpa,,Nigeria,8.31,6.34,(D’Andrea et al. 2006),yes,yes, 
Iwo Eleru,,Nigeria,7.42,5.33,(Calvocoressi and David 1979; Fagg 1969),yes,,yes 
Janjala A,2006/03,Nigeria,9.56,7.67,(Franke 2016; Kahlheber et al. 2009),yes,yes,
Janjala Furnace,2013/15 (2013/05?),Nigeria,9.56,7.67,(Franke 2016; Junius 2016),yes,yes, 
Janruwa A,"2006/04, Janruwa 5",Nigeria,9.56,7.69,(Franke 2016; Kahlheber et al. 2009),yes,yes,
Janruwa B,2009/02,Nigeria,9.56,7.69,(Franke 2016; Kahlheber et al. 2009),yes,yes, 
Janruwa C,2010/04,Nigeria,9.57,7.7,(Franke 2016; Kahlheber et al. 2009),yes,yes, 
Janruwa E,2011/50,Nigeria,9.57,7.7,(Franke 2016; Kahlheber et al. 2009),yes,yes, 
Jemaa,,Nigeria,9.45,8.39,(Calvocoressi and David 1979; Franke 2016),,, 
Joh Mari,2006/05,Nigeria,9.47,8.04,(Franke 2016; Junius 2016),yes,, 
Kachama 1,2009/03,Nigeria,9.56,7.65,(Franke 2016),yes,yes, 
Kachama 2,2009/04,Nigeria,9.56,7.65,(Franke 2016),yes,yes, 
Kagalan,,Nigeria,10.42,10.37,(Sule and Haour 2014),yes,,yes 
Kagara,,Nigeria,10.18,6.26,(Calvocoressi and David 1979; Franke 2016),,, 
Kaguni 1,2011/24,Nigeria,9.47,7.61,(Franke 2016),yes,yes, 
Kaguni 2,2012/01,Nigeria,9.49,7.6,(Franke 2016),yes,yes, 
Kangale,2011/52,Nigeria,9.6,7.63,(Franke 2016),yes,yes, 
Kanzir,2005/06,Nigeria,9.79,8.1,(Franke 2016),,, 
Kariari C,NA 95/1,Nigeria,11.53,13.62,(Breunig and Neumann 2002; Linseele 2007),yes,yes,yes
Kariya Wuro,,Nigeria,11.49,10.77,(Sule and Haour 2014),,yes, 
Kasangwai 2,2011/53,Nigeria,9.55,7.74,(Franke 2016),yes,yes, 
Kasangwe,2005/07,Nigeria,9.57,7.75,(Franke 2016),,, 
Katsina Ala,,Nigeria,7.14,9.29,(Calvocoressi and David 1979; Franke 2016),yes,, 
Kawu,,Nigeria,9.3,7.58,(Calvocoressi and David 1979; Franke 2016),,, 
Ke,,Nigeria,4.45,6.92,(Linseele 2007),yes,, 
Kelumeri,NA 96/45 (Bornu 38),Nigeria,11.52,13.67,(Breunig and Neumann 2002; Connah 1976; Linseele 2007),yes,,yes
Keroua,,Nigeria,11.19,13.91,(MacEachern 2012b),,, 
Kirfin Sama Hill,,Nigeria,10.4,10.46,(Sule and Haour 2014),yes,, 
Kochio,2005/10,Nigeria,9.79,7.93,(Linseele 2007),,, 
Kofoto 2,2005/12,Nigeria,9.53,7.66,(Linseele 2007),,, 
Kofoto 3,2005/13,Nigeria,9.56,7.65,(Linseele 2007),,, 
Kolin Kuchimi Furnace,2013/03,Nigeria,9.6,7.68,(Franke 2016; Junius 2016),yes,, 
Konduga,,Nigeria,11.8,13.42,(Linseele 2007),yes,, 
Kongon Makeri,,Nigeria,9.68,6.1,(Calvocoressi and David 1979),yes,, 
Kubanni river,,Nigeria,11.17,7.58,(Calvocoressi and David 1979; Posnansky and McIntosh 1976),yes,, 
Kuchamfa,,Nigeria,9.49,7.9,(Calvocoressi and David 1979; Franke 2016),,, 
Kudu 3,2011/55,Nigeria,9.56,7.62,(Franke 2016),yes,yes, 
Kufai Gwari 2,2011/06,Nigeria,9.59,7.61,(Franke 2016),yes,, 
Kufai Kuku 2,2011/57,Nigeria,9.6,7.62,(Franke 2016),yes,, 
Kujeri,2006/13,Nigeria,9.42,7.55,(Franke 2016),,, 
Kukum Daji,2006/12,Nigeria,9.59,8.32,(Franke 2016),,, 
Kurmin Dangana,2005/14,Nigeria,9.61,7.89,(Franke 2016),,, 
Kurmin Lemu,2005/15,Nigeria,9.66,7.86,(Franke 2016),,, 
Kurmin Uwa 1,2010/05,Nigeria,9.53,7.69,(Dupré and Pinçon 1997; Franke 2016),yes,yes, 
Kurmin Uwa 2,2010/06,Nigeria,9.53,7.68,(Franke 2016),yes,yes, 
Kursakata,NA 93/46,Nigeria,12.32,14.21,(Connah 1976; Kahlheber 2004; Klee and Zach 1999; Klee et al. 2000; Linseele 2007; Yamasaki et al. 2016),yes,yes,yes
Kushe 3,2010/07,Nigeria,9.56,7.78,(Franke 2016),yes,, 
Kushe 7,2010/08,Nigeria,9.55,7.77,(Franke 2016),yes,yes, 
Kusuma,2010/09,Nigeria,9.51,7.66,(Franke 2016),yes,yes, 
Labe,NA 97/24,Nigeria,12.07,13.5,(Breunig and Neumann 2002; Breunig and Rupp 2016; Linseele 2007),yes,,yes
Labe Kanuri,NA 97/26,Nigeria,12.05,13.52,(Linseele 2007),yes,,yes
Labi,2006/14,Nigeria,9.47,8.02,(Franke 2016),,, 
Lejja,,Nigeria,6.63,7.39,(Clist 2005; Holl 2009b),yes,, 
Maiduna,2006/15,Nigeria,10,7.56,(Franke 2016),,, 
Maitumbi,,Nigeria,9.48,9.02,(Calvocoressi and David 1979),,, 
Maleh,,Nigeria,13.22,4.94,(Sule and Haour 2014),,,yes 
Mashikin Dandoka,2011/59,Nigeria,9.61,7.63,(Franke 2016),yes,, 
Mashikin Kadun,2011/60,Nigeria,9.58,7.6,(Franke 2016),yes,yes, 
Mege,NA 94/7,Nigeria,12.25,14.3,(Kahlheber 2004; Klee and Zach 1999; Linseele 2007),yes,yes,yes
NA 90-C,,Nigeria,12.04,13.86,(Sule and Haour 2014),yes,, 
NA 91/A,,Nigeria,12.14,13.25,(Breunig and Rupp 2016),,,yes
NA 93/10,,Nigeria,12.15,13.26,"(Breunig and Neumann 2002)Breunig, 2016 #2015}",yes,,yes
NA 93/36,,Nigeria,12.17,13.27,(Breunig and Neumann 2002; Breunig and Rupp 2016),yes,,yes
NA 93/42,,Nigeria,12.13,13.28,(Breunig and Neumann 2002; Breunig and Rupp 2016),yes,,yes
Ndufu,NA 93/49,Nigeria,12.22,14.29,(Linseele 2007),yes,, 
Ngala,NA 93/45,Nigeria,12.34,14.2,(Linseele 2007),yes,,yes
Ngoye Kirawa,Site 755,Nigeria,11.18,13.89,(MacEachern 2012a),yes,, 
Nok,,Nigeria,9.52,8.05,(Calvocoressi and David 1979; Fagg 1969; Franke 2016),yes,, 
Nrobu Ehandiagu,,Nigeria,6.82,7.56,(Ogundiran 2005),,, 
Nsukka University Farm,,Nigeria,6.86,7.42,(Calvocoressi and David 1979),yes,, 
Obukpa,,Nigeria,6.89,7.4,(Clist 2005),,, 
Ogbo stream iya,,Nigeria,6.3,5.58,(Sutton 1982),yes,, 
Ogoloma,A and B,Nigeria,4.78,7.17,(Posnansky and McIntosh 1976),yes,, 
Ohovbe Iya n'Uwu,,Nigeria,6.35,5.72,(Sutton 1982),yes,, 
Okedokpa,,Nigeria,8.91,6.3,(Posnansky and McIntosh 1976),yes,, 
Okochiri,,Nigeria,4.7,7.13,(Sutton 1982),yes,, 
Okpe Igala,,Nigeria,6.88,7.34,(Clist 2005),,, 
Old Bussa,,Nigeria,9.88,4.54,(Posnansky and McIntosh 1976),yes,, 
Old Oyo,0075/3 (OLD OYO-MEJIRO),Nigeria,7.9,3.93,(Calvocoressi and David 1979),yes,, 
Old Oyo,0074/1,Nigeria,8.96,4.31,(Calvocoressi and David 1979; McIntosh and McIntosh 1986b),yes,, 
Onyoma,I and II,Nigeria,4.53,6.4,(Posnansky and McIntosh 1976),yes,, 
Opi,,Nigeria,6.77,7.43,(Holl 2009b),yes,, 
Orba,,Nigeria,6.85,7.47,(Clist 2005),yes,, 
Owerre Elu,,Nigeria,6.85,7.31,(Clist 2005),yes,, 
Pabeki,2009/05,Nigeria,9.56,7.7,(Franke 2016),yes,yes, 
Pandauke,2009/06,Nigeria,9.62,7.67,(Franke 2016),yes,, 
Pangwari,2012/34,Nigeria,9.58,7.61,(Franke 2016),yes,yes, 
Pantaki 1,2010/11,Nigeria,9.52,7.65,(Franke 2016),yes,, 
Pantaki 3,2010/12 (2011/12?),Nigeria,9.5,7.65,(Franke 2016),yes,yes, 
Polwaya,2006/16,Nigeria,9.9,7.5,(Franke 2016),,, 
Pulu,2011/62,Nigeria,9.59,7.63,(Franke 2016; Junius 2016),yes,, 
Puntun Dutse,2011/63,Nigeria,9.61,7.7,(Franke 2016),yes,yes, 
Rafi  Abutu,2011/64,Nigeria,9.53,7.7,(Franke 2016),yes,yes, 
Rafi  Adada,2012/04,Nigeria,9.59,7.63,(Franke 2016),yes,yes, 
Rafi  Dako,2012/19,Nigeria,9.55,7.68,(Franke 2016; Linseele 2007),yes,, 
Rafi  Pah 1,2011/65,Nigeria,9.53,7.69,(Franke 2016; Linseele 2007),yes,, 
Rafi  Pah 2,2012/26,Nigeria,9.53,7.68,(Franke 2016; Linseele 2007),yes,yes, 
Rafin Ndoko,,Nigeria,9.68,6.05,(Calvocoressi and David 1979),yes,, 
Ramindop,2008/01,Nigeria,9.36,8.01,(Breunig and Rupp 2016),,, 
Rop,,Nigeria,9.46,8.93,(Calvocoressi and David 1979; Fagg 1969; Linseele 2007; Sutton 1982),yes,, 
Ruga Fulani Furnace,2011/07,Nigeria,9.51,7.7,(Breunig and Rupp 2016; Franke 2016; Junius 2016),yes,yes, 
Sabon Janruwa,2011/66,Nigeria,9.57,7.69,(Breunig and Rupp 2016; Franke 2016; Junius 2016),yes,yes, 
Saikiripogu (Brass Island),,Nigeria,4.37,6.25,(Sutton 1982),yes,, 
Samaru West Site I,,Nigeria,11.15,7.62,(Calvocoressi and David 1979; Sule and Haour 2014),yes,, 
Samban,,Nigeria,9.44,8.06,(Huysecom et al. 2014),,, 
Samun Dukiya,,Nigeria,10.11,8.35,(De Maret 1985a; Franke 2016; Posnansky and McIntosh 1976),yes,, 
Sekunde,,Nigeria,7.35,4.18,(Calvocoressi and David 1979),yes,, 
Shere Koro,,Nigeria,9.27,7.55,(Huysecom et al. 2014),,, 
Shoro (Akpaa),,Nigeria,8.92,6.3,(Posnansky and McIntosh 1976),yes,, 
Sukur,,Nigeria,10.53,13.5,(MacEachern 2012a),yes,, 
Tada,,Nigeria,9.21,4.99,(Calvocoressi and David 1979),,, 
Taka Lafi,2011/67,Nigeria,9.6,7.69,(Breunig and Rupp 2016; Franke 2016),yes,yes, 
Tare,,Nigeria,9.21,8.54,(Huysecom et al. 2014),,, 
Taruga,,Nigeria,8.93,7.51,(Calvocoressi and David 1979; Fagg 1969; Franke 2016),yes,, 
Tiwa,,Nigeria,11.98,14.35,(Adderley et al. 2004),,,
Tsauni,,Nigeria,9.46,8.37,(Huysecom et al. 2014),,, 
Tsaunim Bakka 1,2010/13,Nigeria,9.5,7.69,(Breunig and Rupp 2016; Franke 2016),yes,yes, 
Tsaunim Gurara 1,2011/68,Nigeria,9.62,7.67,(Breunig and Rupp 2016; Franke 2016),yes,yes, 
Tsaunim Maganda,2011/69,Nigeria,9.48,7.71,(Breunig and Rupp 2016; Franke 2016),yes,yes, 
Tudun Dangawo,,Nigeria,10.41,10.44,(Sule and Haour 2014),yes,,yes 
Tudun Dosa,2011/70,Nigeria,9.55,7.69,(Breunig and Rupp 2016; Franke 2016),yes,yes, 
Tudun Kaura,2011/04,Nigeria,9.59,7.6,(Breunig and Rupp 2016; Franke 2016),yes,, 
Tudun Wada,,Nigeria,11.26,8.42,(Calvocoressi and David 1979; Franke 2016),,, 
Udegi,,Nigeria,8.25,7.9,(Huysecom et al. 2014),,, 
Udo,,Nigeria,6.41,5.48,(Calvocoressi and David 1979),,, 
Ugwuagu,"I, II",Nigeria,5.92,7.93,(Calvocoressi and David 1979),yes,, 
Ulaira,,Nigeria,10.53,4.62,(McIntosh and McIntosh 1986b; Sule and Haour 2014),yes,,yes 
Umundu,,Nigeria,6.9,7.5,(Calvocoressi and David 1979),yes,, 
Un-named Nok site,2011/29,Nigeria,9.52,7.59,(Breunig and Rupp 2016),,, 
Un-named Nok site,2011/23,Nigeria,9.51,7.59,(Breunig and Rupp 2016),,, 
Un-named Nok site,2012/14,Nigeria,9.51,7.59,(Breunig and Rupp 2016),,, 
Un-named Nok site,2011/05,Nigeria,9.6,7.6,(Breunig and Rupp 2016),,, 
Un-named Nok site,2011/30,Nigeria,9.56,7.6,(Breunig and Rupp 2016),,, 
Un-named Nok site,2011/02,Nigeria,9.59,7.61,(Breunig and Rupp 2016),,, 
Un-named Nok site,2011/31,Nigeria,9.55,7.61,(Breunig and Rupp 2016),,, 
Un-named Nok site,2011/156,Nigeria,9.54,7.61,(Breunig and Rupp 2016),,, 
Un-named Nok site,2011/33,Nigeria,9.54,7.61,(Breunig and Rupp 2016),,, 
Un-named Nok site,2011/56,Nigeria,9.54,7.61,(Breunig and Rupp 2016),,, 
Un-named Nok site,2011/80,Nigeria,9.54,7.61,(Breunig and Rupp 2016),,, 
Un-named Nok site,2011/81,Nigeria,9.54,7.61,(Breunig and Rupp 2016),,, 
Un-named Nok site,2011/120,Nigeria,9.53,7.61,(Breunig and Rupp 2016),,, 
Un-named Nok site,2012/09,Nigeria,9.46,7.61,(Breunig and Rupp 2016),,, 
Un-named Nok site,2012/11,Nigeria,9.46,7.61,(Breunig and Rupp 2016),,, 
Un-named Nok site,2012/08,Nigeria,9.45,7.61,(Breunig and Rupp 2016),,, 
Un-named Nok site,2011/10,Nigeria,9.61,7.62,(Breunig and Rupp 2016),,, 
Un-named Nok site,2012/16,Nigeria,9.6,7.62,(Breunig and Rupp 2016),,, 
Un-named Nok site,2012/03,Nigeria,9.59,7.62,(Breunig and Rupp 2016),,, 
Un-named Nok site,2011/116,Nigeria,9.56,7.62,(Breunig and Rupp 2016),,, 
Un-named Nok site,2011/172,Nigeria,9.56,7.62,(Breunig and Rupp 2016),,, 
Un-named Nok site,2011/119,Nigeria,9.55,7.62,(Breunig and Rupp 2016),,, 
Un-named Nok site,2011/32,Nigeria,9.54,7.62,(Breunig and Rupp 2016),,, 
Un-named Nok site,2011/110,Nigeria,9.52,7.62,(Breunig and Rupp 2016),,, 
Un-named Nok site,2011/89,Nigeria,9.5,7.62,(Breunig and Rupp 2016),,, 
Un-named Nok site,2012/12,Nigeria,9.47,7.62,(Breunig and Rupp 2016),,, 
Un-named Nok site,2011/151,Nigeria,9.59,7.63,(Breunig and Rupp 2016),,, 
Un-named Nok site,2011/170,Nigeria,9.59,7.63,(Breunig and Rupp 2016),,, 
Un-named Nok site,2011/179,Nigeria,9.59,7.63,(Breunig and Rupp 2016),,, 
Un-named Nok site,2011/117,Nigeria,9.55,7.63,(Breunig and Rupp 2016),,, 
Un-named Nok site,2011/154,Nigeria,9.54,7.63,(Breunig and Rupp 2016),,, 
Un-named Nok site,2011/19,Nigeria,9.54,7.63,(Breunig and Rupp 2016),,, 
Un-named Nok site,2011/102,Nigeria,9.53,7.63,(Breunig and Rupp 2016),,, 
Un-named Nok site,2011/88,Nigeria,9.5,7.63,(Breunig and Rupp 2016),,, 
Un-named Nok site,2011/104,Nigeria,9.49,7.63,(Breunig and Rupp 2016),,, 
Un-named Nok site,2011/169,Nigeria,9.57,7.64,(Breunig and Rupp 2016),,, 
Un-named Nok site,2011/74,Nigeria,9.55,7.64,(Breunig and Rupp 2016),,, 
Un-named Nok site,2011/35,Nigeria,9.47,7.64,(Breunig and Rupp 2016),,, 
Un-named Nok site,2011/36,Nigeria,9.47,7.64,(Breunig and Rupp 2016),,, 
Un-named Nok site,2009/07,Nigeria,9.58,7.65,(Breunig and Rupp 2016),,, 
Un-named Nok site,2011/143,Nigeria,9.54,7.65,(Breunig and Rupp 2016),,, 
Un-named Nok site,2011/145,Nigeria,9.54,7.65,(Breunig and Rupp 2016),,, 
Un-named Nok site,2011/157,Nigeria,9.53,7.65,(Breunig and Rupp 2016),,, 
Un-named Nok site,2011/137,Nigeria,9.51,7.65,(Breunig and Rupp 2016),,, 
Un-named Nok site,2011/141,Nigeria,9.51,7.65,(Breunig and Rupp 2016),,, 
Un-named Nok site,2011/138,Nigeria,9.5,7.65,(Breunig and Rupp 2016),,, 
Un-named Nok site,2011/34,Nigeria,9.48,7.65,(Breunig and Rupp 2016),,, 
Un-named Nok site,2011/37,Nigeria,9.47,7.65,(Breunig and Rupp 2016),,, 
Un-named Nok site,2011/108,Nigeria,9.46,7.65,(Breunig and Rupp 2016),,, 
Un-named Nok site,2011/107,Nigeria,9.45,7.65,(Breunig and Rupp 2016),,, 
Un-named Nok site,2010/28,Nigeria,9.44,7.65,(Breunig and Rupp 2016),,, 
Un-named Nok site,2011/106,Nigeria,9.44,7.65,(Breunig and Rupp 2016),,, 
Un-named Nok site,2010/19,Nigeria,9.62,7.66,(Breunig and Rupp 2016),,, 
Un-named Nok site,2011/101,Nigeria,9.56,7.66,(Breunig and Rupp 2016),,, 
Un-named Nok site,2011/111,Nigeria,9.54,7.66,(Breunig and Rupp 2016),,, 
Un-named Nok site,2011/77,Nigeria,9.52,7.66,(Breunig and Rupp 2016),,, 
Un-named Nok site,2011/140,Nigeria,9.51,7.66,(Breunig and Rupp 2016),,, 
Un-named Nok site,2011/147,Nigeria,9.49,7.66,(Breunig and Rupp 2016),,, 
Un-named Nok site,2011/87,Nigeria,9.49,7.66,(Breunig and Rupp 2016),,, 
Un-named Nok site,2011/96,Nigeria,9.49,7.66,(Breunig and Rupp 2016),,, 
Un-named Nok site,2011/165,Nigeria,9.48,7.66,(Breunig and Rupp 2016),,, 
Un-named Nok site,2011/155,Nigeria,9.47,7.66,(Breunig and Rupp 2016),,, 
Un-named Nok site,2011/98,Nigeria,9.47,7.66,(Breunig and Rupp 2016),,, 
Un-named Nok site,2011/166,Nigeria,9.43,7.66,(Breunig and Rupp 2016),,, 
Un-named Nok site,2011/113,Nigeria,9.42,7.66,(Breunig and Rupp 2016),,, 
Un-named Nok site,2010/20,Nigeria,9.41,7.66,(Breunig and Rupp 2016),,, 
Un-named Nok site,2010/18,Nigeria,9.59,7.67,(Breunig and Rupp 2016),,, 
Un-named Nok site,2011/61,Nigeria,9.55,7.67,(Breunig and Rupp 2016),,, 
Un-named Nok site,2011/18,Nigeria,9.53,7.67,(Breunig and Rupp 2016),,, 
Un-named Nok site,2010/40,Nigeria,9.57,7.68,(Breunig and Rupp 2016),,, 
Un-named Nok site,2010/16,Nigeria,9.56,7.68,(Breunig and Rupp 2016),,, 
Un-named Nok site,2010/30,Nigeria,9.56,7.68,(Breunig and Rupp 2016),,, 
Un-named Nok site,2011/144,Nigeria,9.54,7.68,(Breunig and Rupp 2016),,, 
Un-named Nok site,2011/93,Nigeria,9.54,7.68,(Breunig and Rupp 2016),,, 
Un-named Nok site,2011/16,Nigeria,9.53,7.68,(Breunig and Rupp 2016),,, 
Un-named Nok site,2012/32,Nigeria,9.53,7.68,(Breunig and Rupp 2016),,, 
Un-named Nok site,2011/15,Nigeria,9.52,7.68,(Breunig and Rupp 2016),,, 
Un-named Nok site,2010/42,Nigeria,9.51,7.68,(Breunig and Rupp 2016),,, 
Un-named Nok site,2011/153,Nigeria,9.46,7.68,(Breunig and Rupp 2016),,, 
Un-named Nok site,2010/47,Nigeria,9.56,7.69,(Breunig and Rupp 2016),,, 
Un-named Nok site,2011/142,Nigeria,9.55,7.69,(Breunig and Rupp 2016),,, 
Un-named Nok site,2010/44,Nigeria,9.52,7.69,(Breunig and Rupp 2016),,, 
Un-named Nok site,2011/14,Nigeria,9.52,7.69,(Breunig and Rupp 2016),,, 
Un-named Nok site,2012/06,Nigeria,9.5,7.69,(Breunig and Rupp 2016),,, 
Un-named Nok site,2012/07,Nigeria,9.5,7.69,(Breunig and Rupp 2016),,, 
Un-named Nok site,2011/121,Nigeria,9.49,7.69,(Breunig and Rupp 2016),,, 
Un-named Nok site,2011/95,Nigeria,9.49,7.69,(Breunig and Rupp 2016),,, 
Un-named Nok site,2010/15,Nigeria,9.47,7.69,(Breunig and Rupp 2016),,, 
Un-named Nok site,2010/14,Nigeria,9.6,7.7,(Breunig and Rupp 2016),,, 
Un-named Nok site,2011/43,Nigeria,9.59,7.7,(Breunig and Rupp 2016),,, 
Un-named Nok site,2011/136,Nigeria,9.55,7.7,(Breunig and Rupp 2016),,, 
Un-named Nok site,2011/149,Nigeria,9.55,7.7,(Breunig and Rupp 2016),,, 
Un-named Nok site,2011/168,Nigeria,9.5,7.7,(Breunig and Rupp 2016),,, 
Un-named Nok site,2011/58,Nigeria,9.5,7.7,(Breunig and Rupp 2016),,, 
Un-named Nok site,2011/97,Nigeria,9.59,7.71,(Breunig and Rupp 2016),,, 
Un-named Nok site,2011/105,Nigeria,9.56,7.71,(Breunig and Rupp 2016),,, 
Un-named Nok site,2011/91,Nigeria,9.53,7.71,(Breunig and Rupp 2016),,, 
Un-named Nok site,2010/23,Nigeria,9.52,7.71,(Breunig and Rupp 2016),,, 
Un-named Nok site,2010/24,Nigeria,9.52,7.71,(Breunig and Rupp 2016),,, 
Un-named Nok site,2010/25,Nigeria,9.52,7.71,(Breunig and Rupp 2016),,, 
Un-named Nok site,2010/27,Nigeria,9.52,7.71,(Breunig and Rupp 2016),,, 
Un-named Nok site,2011/13,Nigeria,9.52,7.71,(Breunig and Rupp 2016),,, 
Un-named Nok site,2010/26,Nigeria,9.51,7.71,(Breunig and Rupp 2016),,, 
Un-named Nok site,2011/162,Nigeria,9.5,7.71,(Breunig and Rupp 2016),,, 
Un-named Nok site,2011/92,Nigeria,9.49,7.71,(Breunig and Rupp 2016),,, 
Un-named Nok site,2011/94,Nigeria,9.49,7.71,(Breunig and Rupp 2016),,, 
Un-named Nok site,2011/129,Nigeria,9.57,7.72,(Breunig and Rupp 2016),,, 
Un-named Nok site,2011/72,Nigeria,9.55,7.72,(Breunig and Rupp 2016),,, 
Un-named Nok site,2011/139,Nigeria,9.52,7.72,(Breunig and Rupp 2016),,, 
Un-named Nok site,2011/90,Nigeria,9.52,7.73,(Breunig and Rupp 2016),,, 
Un-named Nok site,2005/02,Nigeria,9.51,7.73,(Breunig and Rupp 2016),,, 
Un-named Nok site,2011/103,Nigeria,9.48,7.73,(Breunig and Rupp 2016),,, 
Un-named Nok site,2012/23,Nigeria,9.41,7.74,(Breunig and Rupp 2016),,, 
Un-named Nok site,2009/18,Nigeria,9.61,7.76,(Breunig and Rupp 2016),,, 
Ungwar Kura,2007/01,Nigeria,9.36,8.02,(Franke 2016; Höhn and Kahlheber 2011; Kahlheber et al. 2009),yes,yes, 
Utak Kamuan Garaje Kagoro,2008/05,Nigeria,9.6,8.34,(Breunig and Rupp 2016; Franke 2016),yes,yes, 
Wamba,,Nigeria,8.95,8.61,(Huysecom et al. 2014),,, 
Wunmonije compound,,Nigeria,7.5,4.4,(Calvocoressi and David 1979),,, 
Yau,,Nigeria,13.5,13.16,(Connah 1976; Linseele 2007; Yamasaki et al. 2016),yes,, 
Yelwa UI 676,RS 63/32 ?,Nigeria,10.81,4.74,(Sule and Haour 2014; Willett 1971; Yamasaki et al. 2016),yes,, 
Zilum,NA 97/37,Nigeria,12.4,13.39,(Breunig and Rupp 2016; Linseele 2007),yes,yes,yes
Zubo,,Nigeria,12.08,13.11,(Clist 2005),yes,, 
Alinguel,,Senegal,13.8,-12.17,(Huysecom et al. 2012a),yes,yes,yes
Arondo,F18,Senegal,14.9,-12.48,(Clist 2005; Kahlheber 2004),yes,yes,yes 
Bangalère,,Senegal,13.92,-16.5,(Calvocoressi and David 1979),yes,,
Cap Manuel,,Senegal,14.65,-17.43,(Calvocoressi and David 1979),yes,,yes 
Cubalel ,Tioubalel,Senegal,16.27,-13.99,(Atangana 1992; Linseele 2007),,yes, 
Dioron Boumak,,Senegal,13.83,-16.52,(Calvocoressi and David 1979; Delibrias et al. 1986),yes,,yes 
Diouboye,,Senegal,13.91,-12.19,(Dueppen and Gokee 2014; Gokee 2012),yes,yes,yes
Dioude Djaabe ,,Senegal,16.29,-14.05,(Huysecom et al. 2012a),,, 
Diouloulou,,Senegal,12.41,-16.77,(Calvocoressi and David 1979),,,yes 
Djoutoubaya,FAL14-144,Senegal,14.06,-12.18,(Huysecom et al. 2014),yes,, 
Faboura,,Senegal,14.12,-16.78,(Huysecom et al. 2012a),yes,,yes 
Fetesilla,FAL14-082,Senegal,13.95,-12.21,(Huysecom et al. 2014),,, 
Gandiol,,Senegal,15.88,-16.5,(Calvocoressi and David 1979),yes,, 
Gueye Guelakh,,Senegal,15.97,-16.33,(Calvocoressi and David 1979),yes,,yes 
Joal,,Senegal,14.17,-16.85,(Calvocoressi and David 1979),yes,, 
Kandiama,,Senegal,13.17,-13.85,(Huysecom et al. 2014; McIntosh and McIntosh 1986b; Sutton 1982),yes,,
Khant ,,Senegal,16.09,-16.34,(Calvocoressi and David 1979),yes,,yes 
Khant de Saint-Louis,SI10?,Senegal,16.13,-16.45,(Calvocoressi and David 1979),yes,,yes 
Kodiam,,Senegal,13.74,-14.76,(Calvocoressi and David 1979),yes,, 
Kouroukounla,FAL14-098,Senegal,13.95,-12.2,(Huysecom et al. 2014),,, 
Lac Retba,,Senegal,14.85,-17.2,(Calvocoressi and David 1979),yes,,yes 
Louguéré,FAL14-034,Senegal,14.01,-12.19,(Huysecom et al. 2014),,, 
Madina Bat,FAL14-107,Senegal,14.03,-12.2,(Huysecom et al. 2014),,, 
Madina Tarakolé,FAL14-146,Senegal,14.04,-12.19,(Huysecom et al. 2014),,, 
Maran Kounda,FAL14-029,Senegal,13.98,-12.2,(Huysecom et al. 2014),,, 
Mbor Tumulus,,Senegal,14.7,-16.68,(Calvocoressi and David 1979),,, 
Mboro,,Senegal,15.15,-16.93,(Calvocoressi and David 1979),yes,, 
Mérimériko,FAL14-026,Senegal,13.99,-12.21,(Huysecom et al. 2014),,, 
Missira III,,Senegal,14.04,-12.19,(Huysecom et al. 2014),,, 
Missira IV,,Senegal,14.04,-12.19,(Huysecom et al. 2014),,, 
Ndalane,N’Dalane,Senegal,14.3,-16.17,(Calvocoressi and David 1979; Delibrias et al. 1986),yes,, 
Ndiamon-Badat,,Senegal,14.11,-16.77,(Bâ et al. 1997; Linseele 2007),yes,,yes 
Noumoutabanco,FAL14-032,Senegal,13.98,-12.2,(Huysecom et al. 2014),,, 
Ogo,,Senegal,15.54,-13.3,(Chavane 1980; Linseele 2007; McIntosh and McIntosh 1986b),yes,, 
Pointe du Fann,,Senegal,14.68,-17.47,(Calvocoressi and David 1979),yes,,yes 
Poudioum,,Senegal,16,-16.48,(Dupré and Pinçon 1997),yes,,yes 
Ravin blanc,,Senegal,13.98,-12.22,(Huysecom et al. 2014),,, 
Saouré Diouldé , Saré-Diouldé,Senegal,13.83,-14.78,(Moga 2008; Sutton 1982),yes,, 
Saré Tioffi,,Senegal,16.67,-14.97,(Chavane 1980; McIntosh and McIntosh 1986b),yes,, 
Sekondi ,FAL14-033,Senegal,14.02,-12.18,(Huysecom et al. 2014),,, 
Siendou,,Senegal,14.75,-17.33,(Calvocoressi and David 1979),yes,,yes 
Sincaan,,Senegal,15.54,-13.3,(Huysecom et al. 2012a),yes,, 
Sincu Bara,Sinthiou Bara,Senegal,15.71,-13.39,(Calvocoressi and David 1979; Kahlheber 2004; Linseele 2007; McIntosh and Bocoum 2000; McIntosh and McIntosh 1986b; Murray 2008),yes,yes,yes
Sine-Ngayène,,Senegal,13.23,-15.53,(Calvocoressi and David 1979),yes,,yes 
Siouré,,Senegal,16.45,-14.14,(Atangana 1992; Linseele 2007),,, 
Tatóto,FAL14-040,Senegal,14.01,-12.2,(Huysecom et al. 2014),,, 
Thiasdhé ouest ,,Senegal,13.8,-12.14,(Huysecom et al. 2012a),yes,, 
Tiékène-Boussoura,,Senegal,14,-14.58,(Calvocoressi and David 1979; Sutton 1982),yes,, 
Toumbounto,FAL14-028,Senegal,13.97,-12.21,(Huysecom et al. 2014),yes,, 
Tulel Fobo ,,Senegal,16.12,-13.88,(Déme and McIntosh 2006; Linseele 2007; McIntosh and Bocoum 2000),,, 
un-named Faleme valley site,FAL14-104,Senegal,13.97,-12.22,(Huysecom et al. 2014),,, 
un-named Faleme valley site,FAL14-100,Senegal,13.96,-12.22,(Huysecom et al. 2014),,, 
un-named Faleme valley site,FAL14-101,Senegal,13.96,-12.22,(Huysecom et al. 2014),,, 
un-named Faleme valley site,FAL14-102,Senegal,13.96,-12.22,(Huysecom et al. 2014),,, 
un-named Faleme valley site,FAL14-103,Senegal,13.96,-12.22,(Huysecom et al. 2014),,, 
un-named Faleme valley site,FAL14-141,Senegal,14,-12.21,(Huysecom et al. 2014),,, 
un-named Faleme valley site,FAL14-045,Senegal,14,-12.21,(Huysecom et al. 2014),,, 
un-named Faleme valley site,FAL14-069,Senegal,14,-12.21,(Huysecom et al. 2014),,, 
un-named Faleme valley site,FAL14-024,Senegal,13.99,-12.21,(Huysecom et al. 2014),,, 
un-named Faleme valley site,FAL14-025,Senegal,13.99,-12.21,(Huysecom et al. 2014),,, 
un-named Faleme valley site,FAL14-056,Senegal,13.99,-12.21,(Huysecom et al. 2014),,, 
un-named Faleme valley site,FAL14-142,Senegal,13.99,-12.21,(Huysecom et al. 2014),,, 
un-named Faleme valley site,FAL14-143,Senegal,13.98,-12.21,(Huysecom et al. 2014),,, 
un-named Faleme valley site,FAL14-053,Senegal,13.98,-12.21,(Huysecom et al. 2014),,, 
un-named Faleme valley site,FAL14-054,Senegal,13.98,-12.21,(Huysecom et al. 2014),,, 
un-named Faleme valley site,FAL14-058,Senegal,13.98,-12.21,(Huysecom et al. 2014),,, 
un-named Faleme valley site,FAL14-059,Senegal,13.98,-12.21,(Huysecom et al. 2014),,, 
un-named Faleme valley site,FAL14-060,Senegal,13.98,-12.21,(Huysecom et al. 2014),,, 
un-named Faleme valley site,FAL14-061,Senegal,13.98,-12.21,(Huysecom et al. 2014),,, 
un-named Faleme valley site,FAL14-062,Senegal,13.98,-12.21,(Huysecom et al. 2014),,, 
un-named Faleme valley site,FAL14-063,Senegal,13.98,-12.21,(Huysecom et al. 2014),,, 
un-named Faleme valley site,FAL14-022,Senegal,13.97,-12.21,(Huysecom et al. 2014),,, 
un-named Faleme valley site,FAL14-023,Senegal,13.97,-12.21,(Huysecom et al. 2014),,, 
un-named Faleme valley site,FAL14-051,Senegal,13.97,-12.21,(Huysecom et al. 2014),,, 
un-named Faleme valley site,FAL14-052,Senegal,13.97,-12.21,(Huysecom et al. 2014),,, 
un-named Faleme valley site,FAL14-001,Senegal,13.96,-12.21,(Huysecom et al. 2014),,, 
un-named Faleme valley site,FAL14-007,Senegal,13.96,-12.21,(Huysecom et al. 2014),,, 
un-named Faleme valley site,FAL14-008,Senegal,13.96,-12.21,(Huysecom et al. 2014),,, 
un-named Faleme valley site,FAL14-009,Senegal,13.96,-12.21,(Huysecom et al. 2014),,, 
un-named Faleme valley site,FAL14-010,Senegal,13.96,-12.21,(Huysecom et al. 2014),,, 
un-named Faleme valley site,FAL14-015,Senegal,13.96,-12.21,(Huysecom et al. 2014),,, 
un-named Faleme valley site,FAL14-019,Senegal,13.96,-12.21,(Huysecom et al. 2014),,, 
un-named Faleme valley site,FAL14-021,Senegal,13.96,-12.21,(Huysecom et al. 2014),,, 
un-named Faleme valley site,FAL14-027,Senegal,13.96,-12.21,(Huysecom et al. 2014),,, 
un-named Faleme valley site,FAL14-139,Senegal,13.95,-12.21,(Huysecom et al. 2014),,, 
un-named Faleme valley site,FAL14-140,Senegal,13.95,-12.21,(Huysecom et al. 2014),,, 
un-named Faleme valley site,FAL14-002,Senegal,13.95,-12.21,(Huysecom et al. 2014),,, 
un-named Faleme valley site,FAL14-003,Senegal,13.95,-12.21,(Huysecom et al. 2014),,, 
un-named Faleme valley site,FAL14-004,Senegal,13.95,-12.21,(Huysecom et al. 2014),,, 
un-named Faleme valley site,FAL14-005,Senegal,13.95,-12.21,(Huysecom et al. 2014),,, 
un-named Faleme valley site,FAL14-006,Senegal,13.95,-12.21,(Huysecom et al. 2014),,, 
un-named Faleme valley site,FAL14-011,Senegal,13.95,-12.21,(Huysecom et al. 2014),,, 
un-named Faleme valley site,FAL14-012,Senegal,13.95,-12.21,(Huysecom et al. 2014),,, 
un-named Faleme valley site,FAL14-013,Senegal,13.95,-12.21,(Huysecom et al. 2014),,, 
un-named Faleme valley site,FAL14-016,Senegal,13.95,-12.21,(Huysecom et al. 2014),,, 
un-named Faleme valley site,FAL14-017,Senegal,13.95,-12.21,(Huysecom et al. 2014),,, 
un-named Faleme valley site,FAL14-018,Senegal,13.95,-12.21,(Huysecom et al. 2014),,, 
un-named Faleme valley site,FAL14-075,Senegal,13.95,-12.21,(Huysecom et al. 2014),,, 
un-named Faleme valley site,FAL14-081,Senegal,13.95,-12.21,(Huysecom et al. 2014),,, 
un-named Faleme valley site,FAL14-087,Senegal,13.95,-12.21,(Huysecom et al. 2014),,, 
un-named Faleme valley site,FAL14-088,Senegal,13.95,-12.21,(Huysecom et al. 2014),,, 
un-named Faleme valley site,FAL14-089,Senegal,13.95,-12.21,(Huysecom et al. 2014),,, 
un-named Faleme valley site,FAL14-090,Senegal,13.95,-12.21,(Huysecom et al. 2014),,, 
un-named Faleme valley site,FAL14-091,Senegal,13.95,-12.21,(Huysecom et al. 2014),,, 
un-named Faleme valley site,FAL14-093,Senegal,13.95,-12.21,(Huysecom et al. 2014),,, 
un-named Faleme valley site,FAL14-108,Senegal,13.95,-12.21,(Huysecom et al. 2014),,, 
un-named Faleme valley site,FAL14-014,Senegal,13.94,-12.21,(Huysecom et al. 2014),,, 
un-named Faleme valley site,FAL14-083,Senegal,13.94,-12.21,(Huysecom et al. 2014),,, 
un-named Faleme valley site,FAL14-092,Senegal,13.94,-12.21,(Huysecom et al. 2014),,, 
un-named Faleme valley site,FAL14-094,Senegal,13.94,-12.21,(Huysecom et al. 2014),,, 
un-named Faleme valley site,FAL14-095,Senegal,13.94,-12.21,(Huysecom et al. 2014),,, 
un-named Faleme valley site,FAL14-096,Senegal,13.94,-12.21,(Huysecom et al. 2014),,, 
un-named Faleme valley site,FAL14-099,Senegal,13.94,-12.21,(Huysecom et al. 2014),,, 
un-named Faleme valley site,FAL14-122,Senegal,14.05,-12.2,(Huysecom et al. 2014),,, 
un-named Faleme valley site,FAL14-125,Senegal,14.05,-12.2,(Huysecom et al. 2014),,, 
un-named Faleme valley site,FAL14-126,Senegal,14.05,-12.2,(Huysecom et al. 2014),,, 
un-named Faleme valley site,FAL14-127,Senegal,14.05,-12.2,(Huysecom et al. 2014),,, 
un-named Faleme valley site,FAL14-137,Senegal,14.05,-12.2,(Huysecom et al. 2014),,, 
un-named Faleme valley site,FAL14-138,Senegal,14.05,-12.2,(Huysecom et al. 2014),,, 
un-named Faleme valley site,FAL14-119,Senegal,14.05,-12.2,(Huysecom et al. 2014),,, 
un-named Faleme valley site,FAL14-115,Senegal,14.04,-12.2,(Huysecom et al. 2014),,, 
un-named Faleme valley site,FAL14-123,Senegal,14.04,-12.2,(Huysecom et al. 2014),,, 
un-named Faleme valley site,FAL14-124,Senegal,14.04,-12.2,(Huysecom et al. 2014),,, 
un-named Faleme valley site,FAL14-041,Senegal,14.04,-12.2,(Huysecom et al. 2014),,, 
un-named Faleme valley site,FAL14-065,Senegal,14.01,-12.2,(Huysecom et al. 2014),,, 
un-named Faleme valley site,FAL14-066,Senegal,14.01,-12.2,(Huysecom et al. 2014),,, 
un-named Faleme valley site,FAL14-067,Senegal,14.01,-12.2,(Huysecom et al. 2014),,, 
un-named Faleme valley site,FAL14-068,Senegal,14.01,-12.2,(Huysecom et al. 2014),,, 
un-named Faleme valley site,FAL14-030,Senegal,14,-12.2,(Huysecom et al. 2014),,, 
un-named Faleme valley site,FAL14-055,Senegal,14,-12.2,(Huysecom et al. 2014),,, 
un-named Faleme valley site,FAL14-078,Senegal,13.95,-12.2,(Huysecom et al. 2014),,, 
un-named Faleme valley site,FAL14-079,Senegal,13.95,-12.2,(Huysecom et al. 2014),,, 
un-named Faleme valley site,FAL14-080,Senegal,13.95,-12.2,(Huysecom et al. 2014),,, 
un-named Faleme valley site,FAL14-110,Senegal,13.94,-12.2,(Huysecom et al. 2014),,, 
un-named Faleme valley site,FAL14-111,Senegal,13.94,-12.2,(Huysecom et al. 2014),,, 
un-named Faleme valley site,FAL14-076,Senegal,13.94,-12.2,(Huysecom et al. 2014),,, 
un-named Faleme valley site,FAL14-077,Senegal,13.94,-12.2,(Huysecom et al. 2014),,, 
un-named Faleme valley site,FAL14-084,Senegal,13.94,-12.2,(Huysecom et al. 2014),,, 
un-named Faleme valley site,FAL14-085,Senegal,13.94,-12.2,(Huysecom et al. 2014),,, 
un-named Faleme valley site,FAL14-086,Senegal,13.94,-12.2,(Huysecom et al. 2014),,, 
un-named Faleme valley site,FAL14-097,Senegal,13.94,-12.2,(Huysecom et al. 2014),,, 
un-named Faleme valley site,FAL14-133,Senegal,14.06,-12.19,(Huysecom et al. 2014),,, 
un-named Faleme valley site,FAL14-134,Senegal,14.06,-12.19,(Huysecom et al. 2014),,, 
un-named Faleme valley site,FAL14-135,Senegal,14.06,-12.19,(Huysecom et al. 2014),,, 
un-named Faleme valley site,FAL14-136,Senegal,14.06,-12.19,(Huysecom et al. 2014),,, 
un-named Faleme valley site,FAL14-117,Senegal,14.05,-12.19,(Huysecom et al. 2014),,, 
un-named Faleme valley site,FAL14-118,Senegal,14.05,-12.19,(Huysecom et al. 2014),,, 
un-named Faleme valley site,FAL14-120,Senegal,14.05,-12.19,(Huysecom et al. 2014),,, 
un-named Faleme valley site,FAL14-121,Senegal,14.05,-12.19,(Huysecom et al. 2014),,, 
un-named Faleme valley site,FAL14-128,Senegal,14.05,-12.19,(Huysecom et al. 2014),,, 
un-named Faleme valley site,FAL14-129,Senegal,14.05,-12.19,(Huysecom et al. 2014),,, 
un-named Faleme valley site,FAL14-130,Senegal,14.05,-12.19,(Huysecom et al. 2014),,, 
un-named Faleme valley site,FAL14-131,Senegal,14.05,-12.19,(Huysecom et al. 2014),,, 
un-named Faleme valley site,FAL14-132,Senegal,14.05,-12.19,(Huysecom et al. 2014),,, 
un-named Faleme valley site,FAL14-073,Senegal,14.05,-12.19,(Huysecom et al. 2014),,, 
un-named Faleme valley site,FAL14-114,Senegal,14.04,-12.19,(Huysecom et al. 2014),,, 
un-named Faleme valley site,FAL14-116,Senegal,14.04,-12.19,(Huysecom et al. 2014),,, 
un-named Faleme valley site,FAL14-112,Senegal,14.04,-12.19,(Huysecom et al. 2014),,, 
un-named Faleme valley site,FAL14-105,Senegal,14.04,-12.19,(Huysecom et al. 2014),,, 
un-named Faleme valley site,FAL14-106,Senegal,14.04,-12.19,(Huysecom et al. 2014),,, 
un-named Faleme valley site,FAL14-109,Senegal,14.04,-12.19,(Huysecom et al. 2014),,, 
un-named Faleme valley site,FAL14-113,Senegal,14.04,-12.19,(Huysecom et al. 2014),,, 
un-named Faleme valley site,FAL14-046,Senegal,14.03,-12.19,(Huysecom et al. 2014),,, 
un-named Faleme valley site,FAL14-047,Senegal,14.03,-12.19,(Huysecom et al. 2014),,, 
un-named Faleme valley site,FAL14-070,Senegal,14.03,-12.19,(Huysecom et al. 2014),,, 
un-named Faleme valley site,FAL14-074,Senegal,14.03,-12.19,(Huysecom et al. 2014),,, 
un-named Faleme valley site,FAL14-050,Senegal,14.02,-12.19,(Huysecom et al. 2014),,, 
un-named Faleme valley site,FAL14-042,Senegal,14.01,-12.19,(Huysecom et al. 2014),,, 
un-named Faleme valley site,FAL14-044,Senegal,14.01,-12.19,(Huysecom et al. 2014),,, 
un-named Faleme valley site,FAL14-035,Senegal,14.03,-12.18,(Huysecom et al. 2014),,, 
un-named Faleme valley site,FAL14-038,Senegal,14.03,-12.18,(Huysecom et al. 2014),,, 
un-named Faleme valley site,FAL14-048,Senegal,14.03,-12.18,(Huysecom et al. 2014),,, 
un-named Faleme valley site,FAL14-072,Senegal,14.03,-12.18,(Huysecom et al. 2014),,, 
un-named Faleme valley site,FAL14-031,Senegal,14.02,-12.18,(Huysecom et al. 2014),,, 
un-named Faleme valley site,FAL14-037,Senegal,14.02,-12.18,(Huysecom et al. 2014),,, 
un-named Faleme valley site,FAL14-038,Senegal,14.02,-12.18,(Huysecom et al. 2014),,, 
un-named Faleme valley site,FAL14-039,Senegal,14.02,-12.18,(Huysecom et al. 2014),,, 
un-named Faleme valley site,FAL14-043,Senegal,14.02,-12.18,(Huysecom et al. 2014),,, 
un-named Faleme valley site,FAL14-049,Senegal,14.02,-12.18,(Huysecom et al. 2014),,, 
un-named Faleme valley site,FAL14-071,Senegal,14.02,-12.18,(Huysecom et al. 2014),,, 
Walaldé ,,Senegal,16.49,-14.18,(Linseele 2007; Manning 2010; Murray and Déme 2014),yes,yes,yes
Wanar,Vanar,Senegal,13.86,-15.62,(Huysecom et al. 2014),yes,, 
Kamabai,,SierraLeone,9.15,-11.96,(Atherton 1972; Atherton and Kalous 1970; Calvocoressi and David 1979; Willett 1971),yes,,
Yagala Old Town,,SierraLeone,9.57,-11.59,(Atherton 1972; Atherton 1983; McIntosh and McIntosh 1986b),yes,,
Yengema,,SierraLeone,8.81,-10.89,(Livingstone Smith 2007; Willett 1971),,,
Abri Vialettes,,Togo,10.85,0.22,(Dupré and Pinçon 1997),yes,, 
Bangeli (Bandjeli),,Togo,9.42,0.63,(de Barros 1986; de Barros 1988),yes,, 
BAS-273,,Togo,9.42,0.8,(Oslisly 1993),yes,,yes 
Bassar,,Togo,9.28,0.76,(de Barros 1986; de Barros 1988),yes,, 
Bassar-Kabu,,Togo,9.36,0.8,(de Barros 1986; de Barros 1988),yes,, 
Bitchabe,,Togo,9.33,0.58,(de Barros 1986; de Barros 1988),yes,, 
Dekpassanware,BAS-252 (among other),Togo,9.42,0.65,(de Barros 1986; McIntosh and McIntosh 1986b; Oslisly 1993),yes,yes,yes 
Kabu,,Togo,9.45,0.82,(de Barros 1986),yes,, 
M'Pampu 1,,Togo,9.27,0.8,(de Barros 1986),,, 
Tatré 4,,Togo,9.5,0.84,(Breunig and Rupp 2016; Eichhorn and Robion-Brunner 2017),yes,, 
Tchogma,Tchogma 1,Togo,9.47,0.63,(Clist 2005; de Barros 1986; Eichhorn and Robion-Brunner 2017; McIntosh and McIntosh 1986b),yes,, 
